:START_ID,:END_ID,fecha_ultimo_uso,frecuencia,confiable
1,332,2025-01-31 14:26:46,465,True
2,171,2024-07-18 03:32:53,293,True
3,1697,2024-12-31 09:01:38,439,True
4,1367,2024-11-30 23:30:42,229,True
5,882,2024-05-18 20:35:01,246,True
6,1747,2025-11-30 21:47:44,491,True
7,1425,2026-03-10 09:53:17,377,False
8,1002,2025-12-31 02:55:20,439,True
8,1334,2024-08-21 11:59:35,422,True
9,99,2024-11-15 21:33:49,374,True
9,927,2024-11-28 11:30:16,70,True
9,1301,2024-08-19 13:27:21,266,False
10,1389,2024-06-19 14:16:41,146,True
11,961,2025-01-03 05:27:41,232,True
11,1122,2024-12-07 12:45:26,377,False
11,1521,2025-05-03 14:57:36,190,False
12,1495,2025-01-12 11:05:46,179,True
12,1526,2024-12-23 23:19:44,335,True
12,280,2024-06-29 17:38:33,70,True
13,1570,2025-01-21 05:30:26,276,True
13,1739,2024-09-24 10:28:32,335,True
13,370,2024-05-27 06:55:28,73,True
13,436,2025-01-23 16:29:10,260,True
14,1934,2025-08-04 11:52:00,308,True
14,57,2024-12-04 18:10:02,222,True
14,549,2025-12-18 23:09:18,31,True
15,229,2025-09-16 01:13:23,248,True
15,986,2025-07-18 06:54:34,123,False
16,1936,2025-09-29 14:09:09,405,True
17,950,2024-11-12 05:41:37,122,True
17,193,2024-12-10 19:35:53,88,False
17,780,2024-07-01 02:16:35,310,True
17,1495,2025-06-04 22:03:56,31,True
18,1611,2024-09-19 18:14:56,348,True
19,250,2025-08-17 03:45:16,105,True
19,735,2024-06-25 17:23:03,146,False
20,1881,2024-10-11 20:19:17,337,True
20,1006,2025-07-04 12:23:36,48,True
21,89,2024-06-05 05:42:03,171,True
21,575,2024-11-26 14:33:37,27,True
21,497,2025-05-03 05:25:49,431,True
21,687,2025-07-07 21:39:01,130,True
22,1547,2024-05-10 09:45:19,179,False
23,1685,2025-08-12 12:49:04,491,True
24,918,2025-04-27 13:52:41,86,False
24,94,2025-07-29 16:50:35,345,False
24,638,2026-03-27 23:34:38,44,False
24,1923,2025-12-12 04:33:30,158,True
25,183,2024-08-07 06:15:59,18,True
25,415,2024-05-25 23:13:51,31,True
25,1766,2025-01-08 05:46:34,143,True
26,1922,2024-08-30 01:16:39,282,True
27,645,2026-03-24 23:26:31,147,True
28,1849,2024-08-19 17:24:06,365,False
28,53,2025-05-10 11:23:50,409,True
28,275,2025-09-16 02:07:50,145,True
29,1955,2025-01-21 07:34:00,259,True
29,1522,2025-08-01 08:33:18,208,True
29,1220,2024-07-21 11:38:38,349,True
30,885,2025-09-07 17:50:09,152,True
30,1675,2024-11-25 01:03:14,124,True
31,972,2025-04-23 15:09:30,430,True
32,86,2024-10-06 10:22:32,344,True
32,1993,2025-08-07 20:04:58,433,True
32,1775,2024-11-11 02:42:54,38,True
33,1767,2026-03-17 17:21:29,143,True
34,1657,2025-07-15 06:00:34,401,True
35,55,2024-12-11 03:52:38,426,True
35,371,2025-05-04 14:07:39,219,True
35,1573,2025-07-28 19:15:48,421,True
35,1400,2025-04-24 10:12:13,272,True
36,10,2025-12-04 19:18:41,351,True
36,1492,2025-10-28 00:56:39,303,False
36,749,2024-11-09 22:46:09,170,True
36,1896,2024-12-31 18:36:31,33,True
37,1315,2025-09-20 10:31:36,35,True
38,621,2026-03-11 19:24:03,477,True
39,39,2025-03-25 07:48:27,281,False
40,616,2025-09-13 19:45:06,283,True
41,868,2025-05-28 08:06:10,360,False
41,1556,2024-07-20 10:43:36,161,True
41,300,2024-08-29 04:43:16,41,False
42,1402,2025-02-21 14:56:57,18,True
43,1902,2024-12-13 02:47:03,77,True
43,1225,2025-02-06 06:14:59,304,True
43,1116,2024-11-05 11:01:11,46,True
43,999,2025-09-08 03:47:28,69,True
44,994,2025-06-10 07:40:01,3,False
44,307,2024-09-03 01:06:54,209,True
45,963,2025-07-21 16:38:20,287,True
45,947,2026-02-21 04:09:43,38,True
45,1235,2025-05-10 15:31:00,252,False
46,1878,2026-04-10 06:07:44,488,True
47,141,2025-03-15 22:00:59,103,True
48,1054,2025-09-19 23:38:10,190,False
49,1157,2024-07-01 05:41:51,386,True
49,1366,2026-03-04 07:23:31,412,False
50,1984,2025-12-31 11:12:03,139,False
50,206,2024-12-01 02:44:57,408,True
50,1048,2025-08-20 08:42:23,471,False
50,355,2024-10-02 03:56:13,495,True
51,88,2025-07-10 13:10:33,393,True
52,486,2025-09-05 03:21:41,447,False
53,32,2026-03-04 06:07:48,291,True
53,1310,2024-12-05 20:19:29,416,True
53,1937,2024-05-02 11:14:10,498,False
53,1320,2025-05-28 15:13:03,7,True
54,521,2026-02-11 10:27:52,202,True
55,412,2025-01-02 07:19:10,344,False
55,358,2024-12-29 14:01:42,233,False
55,438,2024-05-03 09:05:44,310,False
55,1567,2026-04-10 16:39:54,363,True
56,931,2025-09-24 14:27:48,205,True
57,1975,2024-07-14 17:12:58,447,True
57,681,2025-09-03 01:39:40,142,True
57,1026,2024-07-06 02:05:27,2,False
57,896,2024-09-24 00:33:37,356,True
58,1114,2025-03-11 03:59:23,428,True
59,1755,2024-08-25 15:28:06,393,True
59,1632,2025-03-28 09:39:03,437,True
59,1670,2025-11-17 05:08:25,299,True
60,612,2025-04-25 10:15:18,130,True
61,1467,2024-07-18 11:58:17,317,True
61,1499,2025-05-30 12:53:57,145,True
62,1944,2025-03-15 18:46:19,212,True
63,830,2025-07-30 20:25:25,80,True
63,1870,2024-09-11 11:29:45,117,True
63,1476,2025-08-28 07:58:54,142,True
63,1808,2025-10-27 04:59:42,196,True
64,100,2024-07-16 10:17:23,199,True
65,594,2024-07-31 01:58:25,38,True
65,13,2024-09-17 16:29:47,5,False
66,1052,2026-02-03 14:24:57,256,True
67,134,2025-11-05 02:19:26,308,True
67,52,2025-01-30 13:38:48,486,True
67,238,2025-05-06 00:52:19,113,True
67,1316,2025-08-05 16:47:25,213,True
68,922,2024-06-01 10:46:05,200,True
69,1821,2024-12-20 05:16:37,405,True
70,705,2024-08-25 17:12:02,474,True
71,1935,2025-07-05 19:13:29,335,True
72,1327,2025-12-15 21:24:02,37,True
72,1359,2025-12-05 03:26:38,11,False
72,1412,2024-11-08 02:44:17,111,True
72,1112,2026-03-11 05:00:37,102,True
73,283,2024-10-17 13:30:37,60,False
73,1839,2026-03-09 20:52:08,144,True
74,192,2026-02-12 02:07:31,177,True
75,637,2024-11-14 20:07:24,78,True
75,638,2026-02-03 12:21:57,407,False
75,838,2025-02-19 12:20:40,156,True
75,841,2024-11-26 12:06:49,437,True
76,396,2024-06-16 13:30:45,265,False
76,1099,2025-08-08 02:39:18,1,False
76,1224,2025-07-26 19:58:01,438,False
76,1607,2025-04-19 21:57:37,52,True
77,79,2025-10-05 06:52:58,34,True
77,122,2024-11-03 00:46:33,222,True
77,1883,2024-10-29 09:39:28,393,True
78,1606,2024-06-30 23:23:30,354,True
78,1116,2025-05-31 02:00:02,338,False
78,392,2024-09-01 08:45:18,428,True
79,42,2025-07-09 05:01:19,11,True
80,655,2025-03-04 08:40:19,458,True
81,483,2025-02-03 04:08:42,471,False
82,1747,2024-09-21 10:54:25,344,True
83,662,2026-02-17 00:16:04,115,True
83,1784,2025-04-25 05:44:35,20,True
83,973,2025-12-10 23:01:41,330,True
84,1017,2026-04-28 17:17:30,298,True
84,1793,2025-07-04 16:45:11,39,True
85,1372,2025-12-08 04:52:14,326,True
86,1243,2024-06-29 16:21:56,34,False
87,1546,2025-05-07 06:06:54,271,True
87,90,2025-08-26 08:57:44,243,True
87,244,2025-06-09 06:35:39,28,True
87,965,2024-10-17 20:55:58,472,False
88,171,2025-02-05 19:44:48,184,True
88,1182,2024-06-28 20:59:43,95,True
88,1333,2024-10-24 08:23:50,420,True
89,484,2024-12-07 21:52:15,255,True
89,1989,2026-01-10 03:45:35,360,False
90,246,2026-01-31 04:30:36,470,True
90,190,2024-09-16 02:32:01,79,False
90,522,2024-09-06 23:04:09,321,True
90,391,2025-06-09 02:45:04,57,True
91,756,2025-01-09 10:33:27,89,True
92,1704,2025-02-20 02:46:08,357,False
92,1530,2025-04-10 23:35:46,90,True
92,166,2026-02-21 03:54:57,136,True
93,951,2025-05-05 07:32:52,395,True
94,1054,2026-03-18 06:01:29,235,False
94,270,2026-03-05 05:53:49,18,True
95,1458,2025-03-17 03:06:42,256,True
95,1923,2025-07-13 14:46:02,226,True
95,1515,2025-05-10 03:27:44,14,True
96,1119,2024-05-27 06:22:12,401,True
96,1916,2024-09-05 20:03:18,65,True
97,1111,2024-04-30 11:07:24,32,True
97,1148,2024-09-16 20:11:32,109,False
97,1833,2025-07-07 02:06:28,112,True
97,1002,2024-06-13 21:00:01,170,True
98,610,2024-05-08 13:31:05,332,True
98,1797,2024-06-02 16:44:11,60,False
98,1111,2024-11-11 01:27:14,444,False
99,1787,2025-07-18 04:49:58,293,True
100,299,2026-03-14 06:18:42,180,False
100,87,2024-09-10 17:55:43,403,True
100,1696,2025-12-01 08:53:10,256,True
101,1110,2025-07-05 23:38:54,472,False
102,1496,2024-11-03 21:03:15,456,False
103,1646,2025-08-14 00:30:32,188,True
103,1572,2025-09-21 06:04:29,306,True
103,162,2024-08-13 10:59:32,82,True
103,1039,2025-06-14 14:40:48,64,True
104,1570,2024-06-16 15:50:20,158,False
105,55,2025-12-14 10:32:53,455,False
106,1869,2024-12-27 20:23:12,393,False
107,874,2025-02-15 12:52:08,8,True
107,1061,2025-02-25 05:09:41,151,True
107,1656,2025-11-10 17:24:19,132,True
108,202,2026-01-09 00:25:47,287,True
108,146,2024-05-21 18:53:04,325,True
109,270,2025-01-16 11:31:50,331,True
110,589,2024-10-08 13:45:24,345,True
110,814,2025-03-15 17:55:23,177,True
110,523,2025-01-09 02:56:26,233,True
111,1449,2025-02-18 09:20:39,486,True
111,1843,2025-06-05 17:53:13,410,False
111,1560,2025-11-17 23:29:24,6,True
111,145,2025-03-26 06:32:21,175,True
112,63,2026-02-16 23:32:51,282,True
112,1281,2025-06-22 09:36:02,114,True
113,1357,2025-12-20 17:29:42,149,True
113,1055,2024-06-25 16:30:41,123,True
113,459,2025-01-15 10:44:40,130,True
114,1824,2025-02-03 23:13:22,422,True
115,590,2024-08-19 17:27:04,479,True
116,1161,2024-11-05 04:31:51,181,True
117,543,2024-10-23 20:29:40,101,True
117,1346,2024-05-05 20:27:11,471,True
117,1328,2024-09-30 19:08:32,107,True
118,692,2024-06-21 16:19:01,385,True
119,562,2025-03-11 09:57:38,428,False
120,817,2024-05-20 09:54:21,454,True
121,431,2024-10-12 07:21:21,300,True
122,1685,2024-09-12 21:57:50,421,True
122,209,2025-01-15 07:58:29,345,True
122,60,2026-04-26 02:21:56,37,True
123,1959,2026-01-26 05:14:20,13,True
124,918,2025-10-19 10:18:03,385,False
125,134,2024-11-16 14:25:50,335,True
126,985,2024-10-09 01:47:46,336,True
126,1147,2025-07-04 11:50:39,88,True
126,171,2025-11-05 09:36:00,39,True
127,1333,2025-07-01 00:48:17,64,False
128,1062,2024-11-02 16:12:25,476,True
129,252,2024-08-07 01:01:14,315,True
129,1359,2026-02-24 10:15:54,424,True
130,806,2025-01-28 18:10:36,424,True
131,635,2026-01-24 02:55:10,186,True
132,1809,2024-06-05 00:00:44,356,False
133,1258,2025-09-28 16:04:05,185,True
133,1120,2024-10-11 06:39:50,216,True
133,1397,2025-03-04 20:53:55,73,True
133,1841,2024-09-26 05:33:01,382,True
134,786,2025-11-21 20:45:22,432,False
134,960,2024-05-10 04:32:10,189,True
134,1996,2025-04-10 02:25:24,212,True
135,1173,2025-05-13 14:06:04,276,True
135,1093,2024-08-26 14:23:43,191,True
135,23,2026-03-27 07:42:23,385,True
135,690,2025-08-20 16:10:01,52,True
136,524,2024-11-10 02:20:56,406,True
136,1222,2025-03-18 19:51:31,155,False
137,901,2025-09-30 13:00:07,416,True
138,1278,2025-08-08 10:00:56,79,False
139,250,2024-08-24 16:15:36,266,True
139,1055,2024-09-29 19:18:31,270,False
140,22,2024-07-11 08:03:42,459,True
140,1898,2024-06-08 03:10:47,205,True
140,476,2024-12-05 11:32:34,487,True
141,1270,2025-11-14 13:58:51,158,True
141,1317,2025-01-24 15:46:29,399,True
141,1247,2025-08-22 23:38:04,315,True
141,1812,2026-04-01 11:46:31,199,True
142,378,2024-08-20 07:32:07,48,True
142,62,2024-05-26 06:56:50,338,True
142,1150,2025-07-31 08:55:20,364,False
142,631,2024-12-27 08:33:27,331,True
143,955,2025-10-25 13:14:11,223,True
143,888,2025-08-27 02:33:49,399,True
143,393,2025-09-25 06:26:56,399,True
143,319,2025-01-16 05:16:44,240,True
144,1466,2024-07-30 01:37:14,412,True
144,48,2026-03-11 00:32:16,380,False
144,594,2025-07-30 10:45:25,93,True
144,257,2024-05-05 09:23:31,361,True
145,1908,2026-03-18 07:35:06,305,True
146,846,2025-12-16 01:48:36,33,True
147,1414,2026-04-08 03:10:06,352,True
147,1372,2025-09-26 20:34:04,117,False
147,1642,2024-10-19 17:45:29,439,True
147,486,2025-10-27 20:03:25,398,False
148,315,2025-05-09 00:30:04,452,True
148,72,2024-09-05 01:44:10,242,False
149,1472,2025-09-03 20:18:45,27,False
150,183,2025-03-25 01:58:23,282,True
150,1025,2026-04-27 03:53:39,56,False
150,373,2025-08-28 17:09:49,1,False
151,1818,2026-02-01 12:33:15,155,False
152,138,2025-03-08 00:42:22,241,True
153,1118,2025-08-20 06:25:48,367,True
154,1737,2024-10-14 23:25:19,385,True
155,699,2024-11-23 20:31:26,107,True
156,785,2024-08-31 10:15:12,87,True
156,192,2024-07-22 16:34:07,36,False
156,1921,2024-11-03 04:01:38,297,True
157,410,2026-02-06 10:25:26,84,False
158,1887,2026-03-03 13:48:54,488,True
158,925,2026-04-01 07:59:33,76,True
159,1898,2024-05-04 10:45:06,189,True
160,1192,2024-12-13 13:55:45,113,True
160,520,2024-12-06 06:22:06,72,True
160,1164,2025-03-29 10:55:07,224,True
161,1496,2026-02-15 07:15:14,25,True
161,823,2025-04-02 16:42:11,113,True
161,661,2024-09-30 18:49:56,213,True
161,1449,2024-06-17 20:58:46,353,False
162,1407,2026-03-28 13:20:28,258,True
163,739,2024-12-29 11:32:46,126,True
163,1601,2024-11-06 19:33:15,481,True
163,524,2025-03-17 03:57:06,315,True
163,982,2025-03-06 06:14:53,239,True
164,680,2025-10-14 07:28:05,30,True
164,1027,2024-12-26 08:27:24,401,True
164,1551,2025-11-19 16:13:20,103,False
164,910,2025-10-20 08:06:35,12,True
165,687,2025-12-20 22:11:07,249,True
166,1899,2026-02-15 07:59:52,117,True
166,407,2024-10-28 04:28:39,129,True
167,680,2024-07-04 06:07:09,171,True
168,863,2025-05-23 01:37:58,59,True
168,67,2025-04-01 15:38:24,288,True
168,1271,2025-02-12 20:38:35,495,True
168,1590,2025-01-17 07:17:35,480,True
169,1754,2025-02-11 00:10:22,229,False
169,417,2025-10-18 05:53:13,91,True
169,1224,2026-02-06 20:54:52,67,True
169,1645,2025-01-15 19:27:49,420,True
170,1842,2026-01-24 11:10:30,250,True
171,1954,2024-10-29 20:50:51,383,True
172,1215,2026-01-05 16:56:59,491,True
173,597,2026-01-02 05:31:48,215,True
174,1732,2026-02-02 16:25:26,167,True
175,1232,2025-11-03 13:17:50,80,True
176,961,2024-12-23 21:45:18,467,True
176,674,2025-10-07 13:27:51,305,True
176,22,2025-12-24 11:51:29,215,True
176,1400,2024-10-18 11:12:48,260,False
177,994,2025-01-23 23:01:49,485,False
178,1590,2026-01-31 06:02:59,452,True
178,1508,2025-07-03 21:51:49,110,True
178,1916,2025-03-26 14:46:16,205,True
178,1447,2024-07-21 15:45:00,382,True
179,111,2025-09-16 03:37:52,91,True
179,596,2026-01-02 09:57:52,7,False
179,825,2025-04-04 03:11:25,449,True
179,912,2024-08-11 19:34:21,272,False
180,1313,2025-04-05 14:36:05,160,False
181,1932,2026-01-27 00:36:27,41,True
182,1632,2026-04-07 20:42:13,44,True
183,1384,2025-07-08 11:05:13,19,False
183,1601,2024-06-19 18:45:41,150,True
183,1883,2026-03-15 18:49:48,56,True
184,950,2025-12-21 00:51:52,455,False
185,40,2024-11-16 08:59:58,361,True
185,637,2024-08-18 06:49:27,206,True
185,709,2024-12-22 17:26:16,438,True
185,1563,2026-01-22 08:16:49,467,True
186,1667,2024-11-01 03:39:04,235,True
187,742,2024-12-11 07:07:18,270,False
187,971,2025-04-30 15:12:42,218,True
187,1194,2024-05-13 13:00:18,272,True
188,1606,2026-01-21 07:35:51,462,False
188,1436,2024-07-18 13:24:01,399,True
188,722,2024-07-15 14:27:31,367,True
188,178,2026-02-28 00:41:46,100,True
189,541,2025-12-14 11:28:14,140,True
189,1790,2026-04-05 16:15:30,144,True
189,396,2024-10-02 10:52:33,281,True
190,1879,2025-08-20 01:08:08,268,True
190,339,2024-07-17 23:23:16,275,True
190,1548,2024-06-07 01:41:39,195,False
191,286,2025-12-30 02:44:23,61,True
191,1463,2024-09-23 02:16:54,293,True
191,1683,2025-10-29 10:26:38,11,True
191,291,2025-10-05 08:26:59,351,True
192,109,2024-12-31 21:10:32,235,True
193,853,2025-05-17 16:27:46,163,True
194,337,2025-04-09 01:06:54,10,False
195,188,2024-10-22 23:01:53,90,False
195,1037,2024-07-03 03:45:43,134,True
195,830,2025-09-06 15:16:22,78,True
195,571,2026-03-16 05:07:00,333,True
196,1047,2024-05-15 03:50:00,341,True
196,1578,2025-04-09 12:58:06,481,True
196,1432,2026-03-08 16:13:45,235,True
196,997,2025-11-01 19:05:22,86,True
197,375,2025-01-12 06:40:49,385,False
198,1173,2025-05-18 23:55:24,386,True
199,442,2024-06-30 13:54:12,68,False
199,1790,2024-09-11 11:05:09,89,True
199,1181,2024-08-20 15:03:16,435,True
200,1424,2026-01-12 16:58:13,388,True
200,1360,2024-06-02 00:16:13,337,True
200,1650,2024-09-30 23:57:43,84,True
201,244,2025-08-04 06:40:56,131,True
202,703,2025-07-22 02:25:49,477,True
203,909,2026-01-06 02:18:48,339,False
203,1626,2025-12-07 02:59:30,147,True
204,1925,2025-09-01 07:48:22,349,True
205,1867,2025-07-22 19:58:28,288,True
205,535,2025-03-08 14:22:15,219,True
206,1951,2024-08-13 10:58:18,266,True
207,1177,2024-08-01 20:03:00,30,True
208,1782,2024-09-10 22:33:07,211,False
209,1474,2026-01-08 00:23:14,42,False
210,647,2026-01-02 18:38:19,430,True
210,894,2025-01-07 04:01:12,145,True
211,1910,2025-08-12 13:43:28,222,False
212,1166,2024-08-15 22:03:22,130,True
212,1390,2026-02-21 17:00:09,183,False
213,1070,2026-01-30 16:59:47,14,True
213,1514,2025-07-07 03:17:37,33,False
213,972,2025-11-15 10:28:38,265,True
214,121,2025-09-04 04:03:36,500,False
215,1937,2025-04-02 14:50:20,393,True
216,1430,2024-06-07 13:00:59,395,True
216,263,2024-10-04 03:48:04,322,True
216,1117,2024-09-06 05:24:20,16,True
216,1770,2025-02-27 01:40:31,452,True
217,798,2026-04-16 13:43:37,50,True
217,976,2024-11-12 11:29:23,251,True
217,1524,2025-12-22 00:46:46,251,True
218,1541,2025-01-19 00:20:04,243,False
218,1,2025-08-15 10:55:18,175,True
218,1739,2025-01-17 15:34:36,196,True
219,1153,2025-02-02 22:17:32,457,True
219,285,2026-02-19 14:59:33,456,True
219,132,2025-08-01 19:13:21,259,False
219,1428,2025-06-11 02:58:38,399,True
220,1525,2024-11-06 09:21:51,108,True
221,176,2024-09-21 16:02:32,344,True
222,1021,2025-07-10 17:24:15,176,True
223,673,2024-07-18 01:51:45,336,True
224,662,2025-04-02 05:56:15,268,True
225,420,2025-12-17 14:43:28,448,False
225,1415,2025-03-18 17:08:48,292,True
225,642,2025-12-21 11:39:40,249,True
226,560,2025-02-09 13:11:08,94,True
226,614,2024-08-21 07:45:55,448,False
226,1653,2024-10-31 19:41:27,194,False
227,322,2025-12-29 23:26:50,287,True
228,615,2025-06-22 22:27:51,198,False
228,337,2025-08-10 09:24:00,450,False
228,322,2026-04-07 08:16:07,341,True
228,1535,2025-02-26 04:09:39,460,False
229,144,2026-03-07 17:17:06,153,True
230,1561,2026-01-18 06:30:07,28,False
230,808,2025-05-20 08:34:25,352,True
231,1234,2025-01-22 14:52:04,378,True
232,644,2024-07-21 02:54:16,434,False
232,971,2025-01-10 14:15:10,244,True
233,330,2026-02-06 15:21:11,415,False
233,1015,2026-04-15 23:26:06,61,False
233,12,2024-09-24 10:48:32,150,True
233,1153,2025-12-30 02:39:27,261,True
234,747,2025-06-28 23:09:40,59,True
234,1967,2025-02-08 22:36:11,448,True
234,1424,2024-07-18 19:17:14,489,True
234,1646,2025-10-13 08:16:07,300,True
235,1122,2024-07-17 22:04:39,127,False
235,611,2025-03-09 10:31:45,317,True
235,861,2024-06-01 05:17:37,294,True
236,1792,2025-08-19 03:58:52,407,True
236,945,2024-08-02 06:02:11,302,True
236,368,2024-08-30 01:11:53,85,True
237,266,2025-01-06 06:25:53,9,True
238,654,2025-04-23 09:47:10,486,True
238,1912,2025-02-19 12:10:17,321,True
238,1916,2024-10-11 07:28:07,182,True
238,420,2026-02-07 19:18:55,184,True
239,386,2025-01-06 09:14:07,439,True
240,1670,2025-04-17 17:40:16,94,True
240,239,2025-05-28 11:22:43,246,True
240,632,2024-11-13 05:47:35,337,True
240,1163,2025-03-10 01:43:57,410,True
241,1570,2025-11-06 21:27:27,429,False
241,48,2024-11-29 13:36:48,210,False
242,1114,2025-11-12 16:20:36,218,True
243,1175,2025-06-11 10:47:21,80,True
243,356,2025-08-18 09:52:47,247,True
244,1725,2025-08-28 13:41:31,356,True
245,1147,2024-08-15 21:07:05,397,True
245,1919,2026-04-18 07:46:29,98,True
245,1364,2024-10-10 16:07:30,329,True
245,918,2025-04-30 07:47:07,50,False
246,160,2025-11-14 21:29:24,176,True
246,1937,2026-03-05 19:34:43,443,True
246,1396,2025-05-23 21:38:01,193,True
247,1002,2026-02-07 23:46:01,359,True
248,1404,2025-04-13 12:11:42,143,True
249,211,2025-01-21 20:52:32,203,True
249,1680,2026-02-07 07:06:20,381,False
250,447,2024-09-08 09:01:53,12,True
251,1540,2024-11-06 20:38:29,354,True
251,328,2024-07-24 04:51:10,12,True
252,1145,2024-11-11 09:09:11,230,True
253,306,2024-12-14 22:25:42,446,True
254,129,2024-08-02 15:14:51,145,True
255,546,2025-12-01 07:25:36,364,False
256,992,2025-10-31 04:59:37,35,True
256,1073,2024-07-21 13:19:33,217,True
256,91,2025-06-07 13:07:31,144,True
257,606,2025-08-08 13:15:50,130,True
258,1781,2025-07-07 11:16:03,465,True
258,577,2025-01-03 06:35:11,102,True
258,1114,2024-12-26 22:24:38,234,True
259,19,2026-03-22 20:31:45,381,True
259,1698,2025-06-29 11:15:14,417,True
259,1771,2024-07-28 16:38:51,123,True
259,195,2025-01-11 07:52:24,18,True
260,1097,2025-12-25 08:52:53,348,True
261,136,2024-06-17 04:39:13,490,True
261,1458,2024-06-22 01:39:37,97,False
261,133,2026-03-26 02:31:18,179,True
262,649,2025-09-13 08:33:14,433,True
263,1705,2026-02-10 08:09:30,479,False
263,540,2025-12-07 17:07:54,401,True
263,856,2024-12-06 12:55:10,46,False
264,1149,2026-02-27 19:54:58,302,True
265,1397,2025-11-03 16:57:36,110,True
265,34,2025-02-02 21:37:47,123,True
266,906,2025-11-24 15:21:23,487,False
266,225,2025-04-30 09:18:46,204,True
266,47,2026-04-23 01:12:46,306,False
266,648,2024-08-16 17:05:06,487,True
267,1025,2025-08-28 11:00:58,439,True
268,190,2024-11-18 00:38:05,44,True
269,801,2024-05-02 03:44:30,187,False
270,169,2026-01-07 05:22:12,475,True
271,1915,2025-10-10 00:05:21,61,True
271,562,2025-03-01 03:17:54,164,True
271,561,2024-08-27 17:18:09,56,True
272,1565,2024-09-01 00:35:13,174,True
272,986,2024-07-15 13:52:10,183,False
273,1858,2025-05-14 13:43:40,195,True
273,854,2024-06-17 18:02:28,399,True
274,574,2024-07-24 11:53:38,161,True
275,1889,2024-08-06 20:13:55,315,True
275,496,2024-08-30 06:36:42,87,True
276,1148,2025-11-09 18:27:43,5,False
277,193,2025-05-09 07:30:19,241,True
278,1218,2024-12-07 13:11:12,323,True
278,1195,2025-08-15 16:00:29,427,True
278,1579,2026-01-05 16:55:25,355,True
279,180,2025-01-23 18:25:52,474,True
280,25,2025-09-07 00:37:53,34,False
281,463,2025-02-25 22:34:47,381,True
282,413,2025-10-17 13:41:20,226,True
282,808,2025-02-04 14:13:05,130,True
282,1519,2024-09-16 19:16:32,257,True
282,574,2026-01-30 10:57:31,458,True
283,640,2025-06-16 21:25:59,197,True
284,1600,2025-07-29 12:34:08,257,True
284,1121,2026-02-10 13:04:55,5,True
285,1977,2024-06-12 04:02:17,214,True
286,718,2025-11-22 09:49:21,205,True
287,958,2026-04-10 20:28:26,194,True
287,81,2025-01-25 00:09:35,254,True
287,83,2025-04-24 21:31:27,233,True
288,112,2024-07-21 08:35:51,185,True
289,1378,2024-11-05 12:35:37,110,False
289,989,2024-07-24 11:58:51,42,True
289,1053,2025-12-20 02:52:14,453,True
289,852,2026-02-17 08:26:51,188,True
290,665,2026-03-10 23:07:35,361,True
291,1245,2025-01-29 15:20:24,479,False
291,654,2024-05-01 23:33:24,145,True
292,364,2025-12-18 00:41:47,303,True
292,1620,2025-07-25 01:18:07,413,True
292,781,2025-06-27 21:21:43,311,True
292,490,2026-02-11 16:45:04,78,True
293,1426,2024-11-20 16:57:49,101,False
293,1077,2026-01-22 23:01:22,88,True
294,1790,2024-09-19 01:55:56,389,True
295,1094,2025-07-18 16:26:20,184,True
295,1301,2024-11-03 17:16:32,172,True
295,300,2024-08-19 04:00:40,154,True
295,171,2025-07-18 22:17:32,265,True
296,1740,2025-04-14 18:25:32,352,True
296,1527,2024-10-12 15:17:22,138,True
296,1849,2025-03-08 08:50:55,226,True
297,1617,2026-02-03 11:29:35,308,True
297,1242,2024-11-14 08:57:06,487,True
298,1550,2025-03-08 20:45:46,69,True
299,1030,2025-10-15 09:10:52,450,True
299,68,2024-08-20 06:35:44,60,True
299,210,2026-01-12 15:31:53,239,True
300,1122,2024-08-24 16:19:15,16,True
300,352,2025-05-30 02:16:22,265,False
301,1254,2024-10-26 21:39:29,464,True
301,774,2024-07-28 10:52:18,248,True
301,1802,2026-02-04 10:40:56,112,True
301,1274,2025-05-16 16:03:07,493,True
302,341,2024-11-25 07:44:06,298,False
303,599,2025-06-10 20:44:12,131,True
304,127,2025-12-15 03:33:41,254,True
304,1612,2025-05-21 02:26:31,317,True
305,441,2024-12-18 15:54:29,49,True
305,1559,2026-03-15 22:17:12,219,True
306,235,2024-10-15 23:31:27,138,True
307,948,2025-04-30 00:49:08,486,True
308,1992,2025-07-12 21:20:37,278,True
308,1996,2024-12-21 16:38:50,184,True
308,426,2026-04-30 07:20:35,228,True
308,1054,2026-01-15 23:10:43,122,False
309,1198,2026-02-03 19:22:37,25,False
309,683,2025-09-12 01:38:42,356,False
310,195,2025-08-15 09:05:48,463,False
311,26,2024-08-03 19:49:23,97,False
312,390,2024-07-31 10:23:43,119,True
313,1113,2024-12-04 19:26:37,432,True
313,1165,2025-09-06 09:02:43,52,True
313,1980,2024-08-26 23:47:29,390,True
314,661,2025-07-04 15:35:06,265,True
314,1917,2025-07-15 10:27:22,317,False
315,897,2025-10-26 11:21:26,190,False
315,1761,2025-02-09 10:47:50,469,True
315,1846,2025-02-10 06:31:29,369,True
316,640,2026-02-02 23:28:10,480,True
317,1089,2026-04-08 08:50:03,239,True
317,939,2024-08-07 07:03:06,130,True
317,1871,2025-10-13 18:10:01,354,True
317,1947,2025-02-04 20:00:41,124,True
318,1696,2025-07-07 17:42:27,374,True
318,1932,2024-08-09 06:08:37,107,True
318,837,2025-12-21 15:47:22,443,True
318,1264,2025-10-05 23:25:32,232,True
319,530,2025-05-15 02:01:35,231,True
320,954,2024-05-13 17:02:21,243,True
321,1428,2026-03-08 22:08:48,264,True
322,334,2024-06-19 06:33:23,248,True
323,1416,2025-07-26 03:57:34,102,True
323,838,2025-01-23 07:52:42,155,True
323,145,2024-12-23 04:32:46,122,True
324,1272,2024-07-20 18:34:30,290,True
325,1332,2025-12-01 12:46:37,172,True
326,981,2024-07-19 07:12:42,47,True
326,252,2026-04-20 06:50:40,364,True
326,1420,2026-04-23 08:22:27,321,True
326,1682,2025-11-06 13:41:19,488,True
327,1769,2024-08-05 23:12:59,220,True
328,1942,2025-01-08 01:58:53,193,True
329,1055,2024-11-29 15:11:27,158,True
330,369,2025-03-14 14:14:25,409,False
330,429,2025-06-11 09:29:34,457,True
330,266,2024-06-22 15:18:51,477,True
330,438,2024-11-04 18:55:44,228,True
331,1718,2025-11-14 00:10:16,51,True
331,372,2025-01-06 23:03:53,145,True
332,929,2025-08-24 13:53:07,369,True
333,1618,2025-06-05 22:31:23,383,True
333,625,2025-12-05 08:25:07,493,True
334,492,2026-04-07 08:57:35,7,False
334,293,2026-04-23 04:23:42,413,True
335,258,2024-05-04 08:16:22,286,False
335,1961,2026-02-08 23:37:27,261,False
336,1271,2024-06-09 23:18:33,252,False
336,1454,2025-05-20 11:44:08,435,True
336,1426,2024-11-19 05:46:06,398,False
337,1773,2025-02-22 15:40:53,25,False
338,356,2024-07-02 15:17:09,309,True
338,496,2024-07-02 05:07:03,150,True
338,1541,2024-06-17 04:20:53,289,True
339,1360,2025-10-17 19:07:00,352,True
340,863,2024-08-09 01:34:27,373,True
340,1468,2024-06-13 14:36:10,342,True
340,219,2025-03-05 19:16:58,115,True
341,1893,2025-12-19 14:45:29,165,False
341,606,2024-09-26 04:44:49,53,True
342,1592,2025-04-26 08:08:31,66,True
343,1440,2025-09-13 05:32:42,474,True
344,18,2024-05-02 04:33:18,27,True
344,869,2025-06-04 00:35:13,494,False
345,416,2025-12-16 00:22:24,65,True
346,1497,2025-06-29 01:15:32,404,True
346,444,2024-10-11 23:21:54,25,False
346,881,2024-08-27 07:08:49,420,True
347,117,2025-08-01 12:29:34,454,True
347,108,2025-09-17 16:00:18,376,True
348,1726,2024-08-21 07:53:47,163,True
348,1225,2024-07-09 18:35:39,400,True
348,1348,2026-01-25 09:46:20,487,True
349,461,2024-05-26 13:49:25,18,True
350,1180,2026-01-23 16:53:28,389,True
351,96,2025-06-13 15:20:29,205,True
351,1620,2026-02-03 06:57:43,55,False
351,1710,2025-03-23 04:05:06,375,True
351,1552,2025-05-07 08:11:55,412,True
352,307,2024-08-15 09:14:46,162,True
352,1959,2025-03-10 01:10:50,164,False
352,872,2024-05-09 10:08:34,177,True
352,862,2025-11-15 09:57:52,177,True
353,1425,2025-12-04 22:24:41,411,True
354,591,2025-12-22 03:57:47,87,True
355,294,2025-10-04 20:06:50,476,False
355,1904,2024-11-18 08:37:32,331,False
355,1224,2024-05-16 06:11:23,424,True
356,1854,2025-04-16 23:09:20,56,True
357,1454,2025-07-28 12:31:14,439,True
357,1119,2025-12-28 20:47:11,401,False
357,1053,2025-08-03 06:17:39,404,True
358,659,2024-07-01 06:58:35,366,True
358,58,2024-08-29 13:23:18,262,True
359,479,2024-12-02 04:53:42,421,True
360,1804,2025-05-19 22:58:18,131,False
361,993,2025-08-21 00:02:39,345,True
362,1384,2026-01-12 04:37:41,122,True
362,411,2024-07-16 11:45:39,490,True
362,383,2024-11-04 06:02:04,476,True
362,1861,2026-01-23 02:42:01,144,True
363,307,2025-06-02 22:48:54,22,True
363,1311,2025-08-30 02:04:08,354,True
363,781,2024-08-15 13:43:33,480,True
363,475,2025-11-14 22:49:34,349,True
364,794,2025-02-07 00:16:34,485,True
365,1834,2024-08-18 22:34:52,242,True
365,1531,2025-04-22 11:47:57,295,True
366,663,2024-09-02 23:14:15,450,False
367,83,2025-08-06 22:13:28,445,True
367,1748,2024-05-19 20:27:57,257,True
367,565,2024-05-20 12:00:44,149,False
367,959,2024-09-27 08:33:08,417,True
368,1139,2025-07-19 03:44:58,181,True
368,729,2024-08-29 16:23:44,246,True
369,1212,2024-07-11 11:52:03,18,True
369,102,2025-12-29 04:35:48,383,True
369,1571,2025-02-22 03:49:10,286,True
370,343,2025-08-02 07:42:35,69,True
370,899,2025-06-22 06:19:00,159,True
371,1033,2024-06-07 01:40:57,171,True
371,757,2024-10-25 00:03:42,80,True
372,1595,2024-05-11 21:44:13,51,True
373,1046,2024-08-22 13:36:34,210,True
373,439,2025-10-14 15:48:25,352,True
373,1810,2025-07-30 00:50:08,485,False
373,1013,2024-08-23 09:56:24,1,False
374,1264,2024-08-08 18:54:54,309,True
375,488,2025-05-26 06:21:56,346,True
376,666,2025-07-22 20:13:25,417,True
376,1622,2025-11-29 13:01:16,455,True
376,1964,2025-03-15 07:46:37,76,True
376,1675,2025-05-20 23:48:54,39,False
377,1519,2024-05-23 05:00:50,81,True
378,631,2025-10-10 11:28:45,3,True
379,465,2024-07-14 06:54:12,158,True
380,1063,2024-10-14 20:04:30,336,True
380,1323,2024-06-07 09:32:48,326,False
380,277,2025-05-13 03:02:52,53,True
380,1156,2026-03-03 15:16:55,301,True
381,656,2025-07-14 02:24:29,78,True
381,1484,2024-05-21 14:11:55,442,True
381,1538,2025-11-05 08:38:57,248,True
382,1268,2024-08-07 05:32:42,155,True
382,527,2025-02-23 22:45:02,144,False
383,1964,2025-10-03 12:20:49,489,True
384,620,2025-02-17 20:54:08,57,True
384,353,2024-10-27 15:34:00,111,True
385,1495,2026-04-23 12:41:28,392,True
385,1056,2024-05-05 01:35:49,353,True
386,186,2024-11-05 21:47:58,101,True
386,1638,2024-05-11 02:17:14,20,True
386,168,2025-06-15 00:04:21,324,True
386,425,2024-07-04 03:23:56,116,False
387,406,2025-02-26 03:41:54,156,True
388,430,2026-03-15 05:06:15,30,True
389,895,2025-05-02 23:03:31,375,True
389,1530,2024-10-25 21:39:16,477,True
389,1303,2025-05-28 13:38:17,478,True
389,1818,2025-12-23 04:24:26,396,False
390,1500,2025-05-19 13:42:46,490,True
391,524,2026-02-21 11:28:08,485,True
392,826,2024-09-06 15:42:58,478,True
392,764,2025-06-08 21:21:57,54,True
392,1500,2024-07-14 11:45:48,148,True
392,1087,2026-02-17 09:54:50,441,True
393,929,2024-10-28 16:06:49,51,True
394,1389,2025-12-13 23:49:10,386,True
394,1886,2025-06-26 17:58:47,152,True
395,1866,2025-06-26 11:42:21,312,True
396,155,2026-04-08 00:44:14,180,True
396,1784,2024-07-27 01:33:19,233,True
396,1818,2024-11-24 22:49:30,467,False
396,653,2024-05-01 07:29:06,387,True
397,745,2024-11-01 14:46:45,161,True
398,1981,2026-01-13 08:02:02,246,True
398,1214,2025-05-01 22:49:45,479,True
399,1082,2024-09-05 03:43:52,238,True
400,1538,2025-03-10 08:21:13,305,True
401,1488,2025-03-07 22:13:34,305,True
402,325,2024-09-11 09:37:36,381,True
403,1716,2024-11-29 02:27:48,2,True
403,870,2025-12-25 11:45:04,223,False
403,407,2024-12-04 04:43:18,139,True
404,1094,2026-04-08 14:28:53,343,True
404,898,2024-09-23 00:16:40,200,False
404,1552,2024-10-30 09:55:27,339,True
405,324,2024-08-21 14:04:51,425,True
406,1315,2025-02-28 00:16:15,207,True
406,1981,2026-03-03 18:30:35,226,False
407,480,2025-07-25 02:08:59,136,False
408,243,2025-04-06 20:02:55,160,True
409,397,2025-12-25 14:22:14,411,True
410,1650,2026-03-14 22:44:54,447,True
410,1282,2025-08-11 21:58:40,183,True
410,1595,2025-09-11 20:11:41,228,True
411,483,2025-10-04 03:51:21,115,True
412,1527,2025-09-19 21:28:51,358,False
412,779,2025-05-15 05:46:48,376,True
412,1703,2025-07-03 12:28:25,202,True
412,1996,2024-11-10 10:52:39,366,True
413,136,2025-09-04 08:07:34,123,True
414,1596,2026-01-18 10:08:37,361,True
415,1865,2025-01-21 01:11:03,72,True
415,280,2024-12-24 05:24:25,443,True
415,755,2024-08-26 01:20:48,369,True
415,1392,2026-04-09 12:11:21,34,True
416,245,2026-02-09 20:31:50,314,True
416,30,2026-02-08 04:56:08,462,True
416,365,2025-12-25 23:11:18,19,True
417,860,2025-04-15 21:57:54,402,True
417,1397,2024-10-10 17:23:25,28,True
417,1795,2024-10-01 13:44:05,343,True
417,1985,2025-07-23 06:28:53,236,True
418,519,2024-10-19 13:25:29,451,True
419,151,2025-01-20 10:59:22,390,True
419,1911,2025-09-10 23:27:07,420,True
419,420,2025-02-24 01:07:10,277,True
420,863,2025-04-21 05:57:54,178,False
420,1062,2026-04-14 21:19:31,444,True
420,137,2024-06-02 10:18:22,165,True
421,1524,2025-11-16 23:00:17,376,True
422,1516,2025-10-20 19:14:20,127,True
422,1561,2025-04-02 03:27:11,180,False
422,1697,2026-03-31 17:12:03,147,True
423,292,2025-07-13 21:05:01,444,False
424,970,2024-10-26 13:53:15,426,True
424,441,2025-10-02 22:36:57,240,False
424,1628,2026-03-05 10:48:19,69,True
424,1946,2024-05-12 20:37:35,203,True
425,1939,2024-06-29 05:40:15,333,True
426,235,2026-04-22 17:49:36,467,False
426,1208,2024-11-11 05:16:50,151,True
426,782,2025-01-04 01:15:17,200,True
427,834,2024-09-07 15:13:46,60,False
428,76,2024-09-05 08:04:11,215,True
429,1268,2025-03-18 17:45:39,343,True
430,771,2025-03-04 15:46:07,221,True
431,1316,2024-09-19 03:56:47,369,True
431,1754,2024-08-17 01:16:29,357,True
432,1152,2024-09-24 20:51:06,178,True
432,1478,2024-05-14 21:54:08,311,True
433,1078,2025-09-17 19:25:46,355,True
433,1794,2024-06-02 01:49:05,400,True
433,1859,2024-08-08 21:51:15,337,True
434,1547,2026-04-01 02:55:34,360,True
434,1317,2025-12-29 22:02:57,393,True
435,1960,2025-04-27 00:27:53,315,True
435,1799,2025-06-28 07:04:26,347,True
436,283,2024-07-29 05:34:58,499,True
437,114,2025-10-21 22:51:40,45,True
438,1471,2024-09-14 15:58:04,415,True
438,1761,2026-03-20 21:45:51,129,True
438,1195,2026-03-07 15:03:05,305,True
438,1965,2024-12-26 08:29:45,246,True
439,120,2024-05-19 00:05:56,133,True
440,1886,2025-04-24 05:40:57,14,True
440,1041,2025-10-03 12:22:08,35,True
440,919,2024-10-10 10:08:51,204,False
441,1228,2026-03-16 13:45:46,247,True
441,21,2026-01-16 14:20:34,198,True
441,995,2024-06-25 08:06:55,278,False
441,1880,2025-09-23 21:45:24,346,True
442,22,2026-04-25 08:04:26,400,True
443,756,2026-01-15 05:18:50,210,True
443,1660,2026-01-28 02:53:51,136,True
443,1653,2024-06-29 16:29:32,66,True
443,1895,2026-04-19 11:06:16,391,True
444,579,2026-02-21 06:23:11,221,False
445,1457,2026-03-21 20:55:18,434,True
445,460,2025-01-16 16:49:38,119,False
445,1875,2025-07-02 12:45:37,348,False
446,365,2025-01-16 03:50:14,428,True
447,425,2024-05-17 19:27:31,217,True
448,1881,2026-02-13 08:52:13,277,True
449,779,2025-01-30 15:54:02,48,True
449,356,2025-06-10 00:35:22,205,True
449,482,2025-05-13 04:11:58,419,False
449,549,2024-05-31 08:31:15,142,True
450,1865,2024-10-14 09:32:12,272,False
451,1169,2025-11-29 02:46:54,133,True
451,1826,2025-08-16 18:57:38,258,True
452,1300,2024-07-18 13:34:53,195,True
452,1159,2026-02-03 10:52:47,311,True
452,487,2026-03-23 07:09:04,199,True
452,117,2024-09-08 01:01:31,311,True
453,556,2024-07-17 18:25:38,39,False
453,800,2025-06-15 23:36:19,24,False
454,1611,2025-07-19 18:53:02,445,True
455,901,2024-10-11 11:05:41,473,True
456,764,2025-12-04 15:37:29,54,False
457,180,2024-09-01 17:52:54,73,True
457,1600,2026-02-14 07:31:21,82,True
458,1483,2025-10-07 01:30:07,110,False
458,1054,2025-11-26 14:45:38,66,True
458,785,2024-07-24 12:36:33,437,True
459,1449,2025-03-29 08:03:49,195,True
460,227,2026-03-05 07:18:06,42,True
461,1051,2025-01-24 17:28:29,376,True
462,1831,2025-04-30 21:14:48,481,False
463,1083,2024-10-05 05:09:59,105,True
464,912,2026-04-06 20:25:34,408,True
465,485,2026-02-04 21:22:47,127,True
466,783,2024-05-10 16:14:09,159,True
466,378,2026-04-13 07:08:52,315,True
467,1633,2025-09-14 18:17:33,113,True
468,635,2025-07-16 21:24:54,418,True
469,435,2024-12-29 22:13:04,74,False
469,1998,2024-12-03 02:24:38,20,True
469,1228,2025-09-02 14:22:44,147,True
469,522,2025-02-15 06:19:01,220,True
470,148,2025-07-04 19:04:40,159,True
470,165,2024-06-08 02:27:13,313,True
470,1663,2024-05-29 14:18:15,414,False
470,1433,2024-05-07 02:56:17,20,True
471,1128,2025-10-12 10:00:09,262,True
471,1190,2026-01-19 19:06:54,203,True
471,99,2025-03-31 15:11:50,317,True
472,35,2024-12-29 06:41:19,47,True
473,1728,2024-05-31 23:40:42,77,True
473,1735,2025-12-25 15:40:05,211,True
473,1713,2026-02-07 03:13:26,128,True
473,1520,2025-06-24 14:15:32,179,True
474,318,2024-12-10 03:06:52,191,True
474,1574,2024-08-17 12:10:29,340,False
474,470,2025-11-05 08:33:16,313,True
474,650,2025-07-15 16:32:34,472,True
475,1521,2024-08-26 02:38:50,429,False
475,973,2025-03-19 13:15:42,423,True
475,16,2026-04-03 17:21:40,85,False
476,1885,2026-01-22 18:32:37,79,True
477,272,2026-03-03 09:02:24,375,True
478,1641,2025-07-15 23:04:37,210,True
479,209,2025-01-30 15:23:08,179,True
479,168,2024-11-29 18:46:20,290,True
479,841,2025-05-16 17:07:42,186,True
480,1694,2026-01-12 00:04:12,226,True
480,1940,2025-04-09 03:37:52,183,True
480,690,2026-01-10 23:42:19,475,True
480,1599,2025-01-23 04:39:50,477,True
481,1675,2025-02-12 16:58:07,448,True
481,1505,2025-08-22 09:20:11,195,True
481,1284,2025-07-27 14:16:17,329,True
482,1102,2024-11-29 22:26:55,225,True
482,224,2024-05-23 01:36:57,136,True
483,903,2024-06-05 01:01:09,5,True
483,1001,2025-10-02 02:20:21,56,True
483,1038,2024-10-11 08:35:11,149,True
484,327,2025-03-01 07:37:41,68,True
484,1380,2024-07-31 06:56:01,257,False
485,918,2025-10-11 02:09:02,220,True
486,917,2025-09-02 23:27:56,353,True
486,186,2025-09-21 00:20:16,408,True
486,113,2024-11-14 03:40:43,72,True
487,382,2024-10-08 18:49:16,97,True
488,84,2026-04-18 01:39:16,401,True
488,287,2025-04-28 04:06:57,217,True
488,1055,2025-07-07 13:26:42,7,True
489,404,2026-01-01 21:15:38,464,True
490,693,2024-10-03 11:35:37,208,False
491,1269,2025-09-02 18:33:19,184,True
491,546,2024-05-03 23:33:47,324,False
492,1760,2026-01-21 18:53:46,473,False
493,1947,2024-12-24 21:52:54,485,True
493,531,2025-12-11 00:39:01,200,True
493,119,2025-12-01 17:21:52,362,True
493,1920,2024-06-29 20:33:40,203,True
494,1114,2025-06-21 09:00:08,365,True
495,1090,2024-10-15 10:03:46,351,True
495,594,2025-05-02 13:03:41,203,True
495,928,2025-03-15 17:55:06,95,True
495,234,2024-08-13 22:34:31,56,False
496,128,2025-09-28 21:01:24,278,True
496,1022,2024-09-22 21:48:27,346,False
497,1608,2024-06-08 08:08:41,476,False
497,955,2025-09-03 18:24:01,178,True
497,1752,2025-09-25 02:09:26,469,True
497,1512,2024-09-06 11:23:18,43,True
498,833,2024-11-03 12:29:39,123,True
499,1061,2025-06-01 02:59:19,352,True
500,1600,2026-03-26 05:51:08,480,True
500,238,2024-09-13 20:47:31,432,True
501,626,2025-04-12 22:58:59,483,True
502,530,2024-12-28 12:12:06,317,True
502,1522,2025-07-15 16:00:31,175,True
502,422,2024-07-24 01:17:53,141,False
502,1413,2025-09-09 08:19:46,215,True
503,463,2024-08-20 08:08:52,22,True
503,868,2025-07-26 18:24:50,258,True
503,1169,2024-10-31 14:29:54,459,True
504,1521,2025-07-31 16:36:17,26,True
504,1245,2025-04-01 15:02:28,341,True
504,1172,2024-05-01 02:53:00,352,False
504,735,2024-12-10 02:42:00,441,True
505,805,2025-02-08 09:46:58,460,True
505,1808,2024-05-20 19:21:39,216,True
505,813,2025-06-04 12:04:12,148,False
506,997,2026-02-07 05:21:37,11,True
506,756,2025-08-10 12:31:28,354,True
506,474,2024-08-24 02:16:05,179,False
506,455,2025-05-01 01:32:19,420,True
507,631,2025-05-11 10:02:50,427,True
507,363,2025-01-05 13:33:54,56,True
507,351,2025-09-19 00:31:56,485,True
508,558,2026-03-19 22:28:38,27,True
508,961,2026-01-29 09:21:13,428,True
508,969,2024-05-22 08:38:56,145,True
508,1773,2025-06-11 12:31:02,220,True
509,1022,2026-02-05 01:11:45,446,True
509,710,2025-02-02 17:15:01,395,True
510,1688,2024-08-26 22:33:11,312,True
510,972,2025-04-19 07:24:34,355,True
510,1600,2025-05-24 06:24:55,475,True
511,153,2025-11-15 06:04:29,175,True
511,660,2026-04-19 13:58:13,208,True
511,1257,2025-05-06 12:31:50,250,True
511,1297,2025-07-06 08:23:24,186,True
512,62,2025-12-12 02:12:37,91,True
513,540,2026-04-08 20:02:18,201,True
514,549,2025-03-23 08:07:36,396,True
515,722,2026-01-21 05:55:12,76,True
515,985,2025-06-19 08:30:27,384,True
516,236,2024-07-01 02:06:25,225,True
517,1994,2025-03-14 14:45:06,125,False
518,1579,2025-05-28 13:26:05,233,True
518,306,2024-08-27 11:15:30,368,True
518,985,2024-07-01 04:26:47,455,True
518,1583,2026-03-20 08:49:43,372,False
519,1556,2025-11-09 03:12:56,208,True
520,1750,2024-07-17 19:33:57,293,False
521,549,2024-06-10 22:44:36,499,True
521,836,2024-11-30 09:28:26,242,False
521,992,2024-12-19 22:26:28,29,True
522,1567,2026-01-16 00:08:02,291,True
523,1226,2025-12-07 21:43:12,119,True
524,908,2026-02-03 09:07:46,420,True
524,1902,2024-10-05 04:19:32,76,False
524,1102,2024-05-02 05:11:44,397,True
524,669,2025-07-13 08:12:07,3,False
525,1527,2024-09-26 21:35:18,232,True
525,1284,2025-09-15 04:29:31,481,False
526,1134,2026-01-11 03:07:46,186,True
527,834,2025-11-03 16:25:50,371,True
527,481,2025-11-14 22:54:49,412,True
527,1562,2024-09-16 18:41:43,80,False
528,1865,2024-10-13 04:41:23,398,True
528,915,2025-06-10 21:30:34,244,True
529,574,2025-09-30 11:07:26,278,True
529,1025,2025-05-06 01:13:24,208,False
530,1700,2025-05-03 23:39:13,467,False
530,783,2025-11-05 07:36:49,459,True
530,1589,2024-07-15 08:00:56,160,True
531,385,2025-06-19 08:06:41,257,True
531,1785,2025-11-26 02:52:39,318,True
532,551,2024-07-12 16:27:20,347,True
532,317,2024-10-24 11:21:37,154,True
532,693,2025-05-11 11:36:08,351,True
533,842,2024-05-11 03:31:20,453,True
533,876,2026-04-05 13:52:28,7,False
533,1422,2025-01-19 17:34:14,448,True
533,929,2025-06-07 16:00:05,476,False
534,932,2025-02-27 23:12:57,493,True
534,98,2025-02-20 02:17:34,461,True
534,1778,2025-12-09 07:10:20,71,True
534,1220,2025-11-02 07:45:13,281,True
535,1715,2024-12-27 22:17:41,431,True
536,390,2026-02-16 17:08:00,373,True
536,1898,2025-06-30 02:16:42,339,False
536,1181,2025-01-20 04:05:00,47,True
536,37,2024-09-20 07:47:27,20,True
537,1033,2025-04-07 20:43:54,51,True
538,1885,2024-11-19 14:58:02,468,False
538,1444,2026-04-08 10:42:00,393,True
539,945,2025-07-26 12:27:48,372,True
539,576,2025-11-02 08:39:38,228,True
539,67,2024-07-19 00:42:41,470,False
540,1258,2026-01-14 18:38:30,470,True
541,79,2025-03-09 12:34:34,75,True
542,237,2026-04-19 21:41:40,465,True
543,1329,2025-05-10 19:05:39,258,True
544,1588,2025-02-20 18:54:43,121,True
544,685,2025-11-19 03:44:15,12,True
545,724,2024-05-01 06:54:05,33,True
545,285,2024-07-19 01:28:44,115,True
546,1591,2024-08-20 19:19:37,174,True
547,464,2026-03-04 19:33:41,172,True
548,1750,2025-03-31 16:09:19,149,True
549,1469,2025-04-04 14:11:05,498,True
550,667,2026-02-10 14:40:41,258,True
550,934,2026-02-14 21:05:11,333,True
550,571,2024-10-03 03:08:53,38,True
550,1311,2025-04-05 02:11:20,258,False
551,1628,2024-07-12 15:59:03,246,False
551,64,2025-11-13 21:26:48,442,True
551,622,2025-12-19 10:04:50,357,True
552,54,2025-11-11 07:42:38,262,True
552,640,2025-06-16 22:22:54,49,True
552,260,2025-12-28 16:49:23,440,True
552,1741,2024-08-04 13:57:51,188,True
553,1299,2025-11-26 17:28:32,481,True
554,660,2025-03-31 15:26:56,370,True
554,1036,2025-12-02 05:15:43,43,False
554,1135,2026-04-09 01:44:33,339,True
555,1554,2024-06-05 01:08:36,323,False
555,1951,2025-05-08 21:17:23,14,True
555,1399,2024-11-17 13:52:55,182,True
556,1821,2025-04-30 23:17:09,144,True
557,520,2025-01-14 07:01:58,402,True
557,1468,2024-06-11 03:45:53,228,True
557,1395,2026-01-31 15:31:48,452,True
558,1698,2025-03-21 17:09:18,449,True
559,157,2025-06-18 04:18:37,460,True
560,1025,2025-07-21 04:57:16,105,True
561,1981,2025-08-02 20:42:53,466,False
562,539,2025-07-27 09:01:39,478,True
563,1816,2025-04-05 12:18:25,325,True
564,880,2025-12-12 15:29:41,300,True
565,1371,2025-09-16 16:45:24,432,True
566,1971,2024-12-11 23:56:52,122,True
567,1674,2024-10-31 18:55:02,32,False
567,1444,2025-05-15 21:08:54,46,True
568,1694,2025-08-13 23:01:37,238,True
568,1405,2025-02-19 01:27:36,360,True
569,879,2025-12-23 00:18:16,269,True
570,1054,2024-06-02 04:57:25,14,False
571,1295,2025-08-21 13:42:09,78,False
571,408,2025-09-04 21:11:28,89,True
571,798,2025-08-29 17:30:08,349,True
571,925,2024-11-19 16:32:54,364,False
572,377,2024-11-21 17:54:04,204,False
573,91,2026-02-02 17:50:59,494,True
574,1708,2026-02-09 08:44:46,33,True
574,770,2024-06-10 08:19:31,456,True
574,1573,2024-10-23 23:20:36,435,True
575,970,2025-01-16 00:48:48,3,True
575,1504,2025-11-07 19:50:00,26,True
576,284,2026-03-10 18:26:00,22,True
577,1883,2025-12-01 15:41:35,449,True
578,1659,2024-11-11 05:18:24,94,True
579,461,2024-05-05 16:27:27,200,True
580,1066,2024-11-09 02:23:35,143,True
580,890,2025-11-18 00:45:20,163,True
580,204,2025-12-18 08:22:25,134,True
580,1616,2026-03-05 06:00:03,157,True
581,1696,2024-07-02 11:47:40,288,True
581,1616,2026-01-16 11:12:56,24,True
581,992,2024-06-08 04:56:55,307,True
582,1057,2024-12-28 00:19:40,50,True
582,1794,2024-05-16 15:54:51,263,True
583,735,2025-05-02 03:13:39,25,True
583,718,2026-02-19 06:06:16,188,True
584,546,2024-07-01 22:22:51,118,False
584,1040,2024-05-16 17:15:07,94,True
585,393,2025-10-23 05:09:30,14,True
586,547,2025-11-07 03:41:12,387,True
586,593,2024-10-24 20:45:12,149,True
586,1558,2025-10-16 06:34:04,102,True
587,211,2024-09-11 11:16:54,356,False
588,221,2026-02-14 04:22:35,32,True
589,1608,2026-02-26 06:28:30,163,False
589,1207,2025-11-18 04:09:51,323,True
589,1548,2026-04-26 05:48:35,71,True
590,1172,2025-01-10 23:50:12,183,False
590,1471,2024-06-20 11:07:12,456,True
590,1692,2025-02-06 03:13:11,434,True
591,590,2026-03-13 11:45:16,69,True
592,702,2026-03-03 13:37:01,82,True
593,354,2025-05-09 01:49:32,336,False
594,1986,2025-08-31 02:15:24,63,True
595,1491,2025-04-25 11:46:02,173,True
595,732,2024-09-18 07:21:07,215,True
596,1601,2026-04-09 22:44:38,218,False
597,1164,2024-12-22 19:38:00,114,False
598,1859,2025-03-22 04:10:01,74,True
599,1588,2025-05-19 23:40:19,121,False
599,856,2025-02-05 06:47:10,282,True
599,215,2025-06-08 21:53:31,146,True
600,1557,2026-02-05 18:14:11,487,True
601,630,2024-05-10 20:25:53,477,False
602,1756,2025-04-08 01:38:12,266,True
603,1274,2025-06-02 00:17:13,264,True
603,1374,2025-05-09 18:44:41,56,True
603,89,2025-12-02 08:02:27,172,True
604,1569,2024-08-28 18:22:16,372,True
605,1418,2024-11-23 10:14:24,93,True
605,1552,2026-04-19 11:32:20,432,True
606,173,2025-07-07 23:15:36,36,True
606,1748,2026-02-05 19:08:09,226,False
606,1068,2024-11-17 03:04:03,29,False
607,242,2025-04-27 11:43:59,182,True
607,755,2025-01-14 05:31:38,193,True
608,1748,2025-05-01 06:29:47,51,True
608,1785,2025-08-02 00:19:17,425,False
608,1667,2025-10-01 06:53:15,349,True
609,1248,2025-02-05 23:16:24,212,True
610,1525,2025-04-13 20:14:37,317,True
610,17,2025-07-22 23:29:31,430,True
610,437,2026-02-10 09:35:11,131,True
611,764,2025-03-03 20:36:42,443,True
612,141,2026-04-30 12:09:55,324,True
613,189,2024-10-06 21:52:40,309,True
614,1878,2025-06-12 13:17:25,478,True
615,973,2024-07-06 10:22:31,409,True
615,474,2026-04-05 14:26:35,469,True
616,496,2025-11-06 01:25:33,37,True
616,174,2024-08-11 13:12:37,291,False
616,1248,2024-06-15 11:53:27,392,True
617,586,2024-11-11 04:16:12,439,True
617,527,2024-07-12 05:56:40,242,True
618,876,2026-03-27 18:09:36,251,False
618,1093,2026-01-04 03:07:14,82,True
619,1255,2025-12-10 16:19:37,233,True
620,1936,2025-07-23 10:22:00,88,True
621,787,2025-07-16 18:47:52,402,True
621,1301,2025-05-08 20:36:53,446,True
622,1467,2024-10-16 23:30:14,336,True
622,449,2025-10-31 09:28:25,363,True
623,1459,2026-01-07 12:50:27,400,True
624,1190,2025-03-07 16:50:34,241,True
625,1448,2026-01-29 07:41:32,353,False
625,457,2025-08-15 23:48:34,419,True
625,1035,2025-01-29 05:12:21,50,True
626,404,2025-10-22 12:28:01,120,True
627,546,2025-05-13 01:05:58,463,True
627,312,2024-09-07 19:52:33,418,True
627,1753,2024-08-13 07:12:37,25,True
628,1905,2024-07-29 03:26:06,486,True
629,857,2026-01-13 22:16:40,173,True
629,868,2024-05-24 06:10:36,76,True
629,1278,2024-06-21 19:50:54,255,False
629,760,2025-10-07 21:24:40,272,True
630,161,2025-11-25 04:42:30,348,True
631,1249,2026-04-01 23:21:41,181,True
631,1456,2024-10-12 14:10:43,154,True
632,1806,2024-10-04 05:51:05,301,True
632,1028,2025-05-25 04:15:30,357,False
632,1919,2025-07-13 08:10:34,71,True
632,590,2025-10-21 16:05:18,500,True
633,886,2024-06-27 02:10:16,390,False
634,2000,2026-03-29 08:13:19,476,True
634,1264,2024-07-28 13:14:59,417,True
635,1834,2025-07-15 19:36:06,474,True
635,191,2025-08-29 00:58:03,132,False
635,1679,2025-05-06 21:33:13,465,True
635,671,2024-11-10 01:04:29,136,True
636,1872,2024-07-11 07:51:48,201,True
636,845,2025-01-25 16:18:06,500,True
636,791,2025-09-26 06:30:21,387,True
636,1599,2025-03-08 10:11:01,258,True
637,889,2024-12-08 15:31:01,410,True
638,1006,2025-04-09 13:20:28,322,True
639,218,2026-02-12 22:35:34,337,False
640,418,2024-08-13 09:11:00,260,True
640,1549,2024-11-12 21:00:44,404,True
640,87,2024-05-20 02:06:07,413,True
641,1729,2025-09-24 00:08:57,472,True
642,1601,2025-04-17 15:09:43,450,True
643,1302,2026-02-19 04:53:39,90,True
644,624,2025-02-18 18:59:17,375,True
644,1121,2024-08-16 18:49:45,298,True
645,1617,2025-11-17 00:20:57,103,True
646,9,2024-07-09 20:04:24,457,True
646,1699,2025-08-12 09:07:08,150,True
647,402,2024-10-26 11:10:21,113,True
648,585,2025-11-12 21:17:46,9,True
648,101,2025-09-11 23:20:05,428,False
649,1171,2025-07-18 15:15:36,446,True
650,733,2025-11-24 01:00:46,442,True
651,1177,2025-08-08 09:41:34,20,True
651,1660,2024-11-28 11:41:45,191,True
652,1823,2025-09-27 22:35:54,155,False
653,656,2024-10-19 09:47:38,139,True
653,1119,2025-07-09 15:35:12,44,True
653,218,2026-03-17 10:56:48,427,True
653,1079,2025-04-07 11:41:12,215,True
654,188,2026-03-22 10:09:19,38,True
655,1674,2026-03-31 04:27:33,407,True
655,674,2025-03-01 00:23:01,165,True
655,1156,2024-08-08 19:22:07,240,True
656,1740,2024-05-07 15:10:28,121,True
656,1529,2024-05-25 23:03:56,483,True
657,1571,2024-05-17 09:36:04,69,True
657,567,2024-05-13 06:25:37,459,True
657,654,2024-12-27 02:58:15,188,True
658,1589,2024-06-06 16:41:13,181,True
659,221,2025-09-06 06:50:48,203,True
659,1924,2025-12-14 17:39:29,142,False
659,779,2026-02-20 03:50:12,229,True
659,806,2025-03-14 08:37:47,376,True
660,1336,2024-06-29 04:28:25,397,True
661,1484,2024-06-09 14:38:46,435,True
661,217,2024-11-14 21:01:16,173,False
661,19,2024-08-03 22:55:51,358,False
661,1563,2025-02-07 05:25:24,470,False
662,744,2025-11-24 20:44:59,233,False
662,1746,2025-02-14 12:00:26,131,True
662,1396,2024-09-22 19:19:47,329,True
663,1311,2026-01-20 22:09:50,74,True
664,540,2024-10-06 05:58:26,400,True
664,1010,2024-08-18 08:15:44,75,True
665,402,2025-12-29 07:05:44,282,False
666,992,2025-11-05 19:34:08,332,True
666,86,2025-02-21 09:01:49,381,False
667,884,2024-06-11 08:22:26,400,True
667,127,2024-09-16 04:00:25,67,True
667,1319,2024-12-17 01:48:44,483,True
667,1484,2024-10-15 20:02:51,395,True
668,798,2026-02-03 19:26:01,276,True
669,677,2024-09-29 10:10:03,414,True
669,585,2026-03-13 03:28:41,83,True
669,1176,2025-06-04 05:45:49,143,True
670,1645,2024-12-02 18:27:50,79,True
671,662,2025-01-10 06:22:13,496,True
671,1551,2025-09-15 04:28:46,17,True
671,1019,2026-04-27 03:26:36,470,True
672,340,2025-06-21 00:06:36,64,False
673,1211,2024-06-20 14:25:13,112,True
673,1799,2024-09-24 02:28:08,66,True
674,180,2025-06-01 07:17:23,140,True
674,1036,2025-06-19 11:50:22,166,True
675,28,2025-10-11 23:53:44,332,True
675,1587,2025-10-23 06:37:43,210,True
675,279,2025-08-23 04:13:38,413,True
675,1965,2024-05-11 20:16:22,97,True
676,1325,2026-04-04 07:00:49,452,False
676,1411,2025-11-14 00:05:27,373,True
676,1744,2025-09-29 00:11:49,207,True
676,370,2025-05-14 02:27:08,384,True
677,1790,2025-07-24 18:30:11,3,False
678,1419,2026-02-03 15:14:21,117,True
678,132,2025-04-05 07:53:16,330,False
679,311,2025-09-27 00:39:16,437,True
680,1375,2026-02-16 21:28:26,315,True
680,1343,2025-06-23 14:20:11,457,True
680,1883,2024-05-01 17:22:04,174,True
680,252,2025-04-07 12:46:33,119,True
681,1035,2026-03-04 13:00:32,377,True
681,1445,2025-08-24 07:24:48,380,True
682,529,2025-04-04 16:21:22,90,False
682,1087,2025-07-27 10:46:42,365,True
682,969,2025-10-29 04:40:47,378,True
683,1687,2025-01-18 16:09:25,459,False
683,1683,2024-05-27 17:58:21,66,True
683,300,2026-02-20 16:43:37,114,True
684,190,2024-09-13 19:33:13,456,True
684,673,2024-09-28 15:03:20,24,True
685,1837,2025-06-20 06:36:42,437,True
685,1094,2025-01-20 21:32:33,444,False
685,1742,2025-05-21 08:25:09,302,True
686,239,2024-05-21 18:48:57,163,True
686,494,2024-10-29 12:34:32,487,False
687,1679,2025-09-19 11:55:18,175,True
688,155,2025-10-03 15:23:08,280,True
689,1611,2026-03-28 13:33:52,118,True
690,719,2025-03-12 16:32:55,235,True
690,1982,2024-10-09 00:28:46,423,True
690,1194,2025-02-25 22:54:40,135,True
690,1188,2025-12-13 01:42:30,361,True
691,88,2025-01-29 11:41:07,424,True
692,1026,2025-02-08 09:43:43,307,True
692,1611,2024-12-23 14:44:47,177,True
692,1592,2025-04-22 10:19:22,331,False
693,221,2024-11-05 07:49:33,469,True
693,306,2025-03-14 15:34:35,97,True
693,1666,2025-04-12 22:49:24,371,True
693,1775,2024-06-09 07:11:10,90,True
694,421,2024-10-17 00:19:01,141,True
694,1971,2024-08-19 17:12:36,112,True
695,1805,2025-10-15 05:49:50,486,True
695,1232,2024-10-25 12:12:51,209,True
696,297,2025-05-30 11:18:18,431,True
697,1704,2025-11-08 15:35:44,35,False
698,1486,2024-09-03 00:31:16,472,True
699,989,2026-01-13 05:06:34,296,True
699,961,2024-11-10 07:10:17,422,True
699,995,2025-01-18 00:59:01,200,True
700,327,2024-07-29 15:08:54,213,True
700,619,2024-10-15 22:31:34,482,True
700,1054,2024-12-25 01:16:39,7,True
700,206,2024-12-02 05:50:03,377,False
701,1592,2024-08-23 03:24:02,122,True
701,114,2025-07-16 21:10:32,382,True
701,1342,2025-12-17 06:03:46,465,True
701,1722,2024-12-03 00:39:54,268,True
702,1484,2025-05-26 08:43:18,140,True
703,1099,2025-07-06 14:09:28,50,True
703,219,2026-01-27 22:24:32,419,True
704,1136,2025-05-17 13:36:55,144,False
705,481,2025-05-24 01:47:10,138,True
706,1908,2025-09-08 01:05:47,455,False
707,58,2025-12-25 05:33:37,442,True
708,1101,2026-02-21 16:54:23,248,True
708,78,2024-09-28 09:26:44,334,True
709,31,2024-07-26 12:30:33,324,True
710,415,2024-07-13 01:41:50,136,True
711,1632,2025-05-20 16:54:59,67,True
712,1475,2025-09-13 18:04:53,429,True
712,1128,2025-04-10 15:44:13,195,True
712,124,2026-03-06 06:46:54,108,True
712,578,2024-06-18 20:14:14,331,True
713,1664,2025-07-18 23:24:29,468,False
713,798,2025-05-25 18:36:15,263,False
714,14,2025-09-27 23:13:26,288,True
715,422,2025-12-18 17:45:24,436,True
716,148,2024-10-13 23:41:41,463,False
716,833,2025-10-26 18:39:32,282,True
716,1028,2024-09-15 14:37:41,80,True
716,1337,2025-02-20 12:56:34,435,False
717,481,2025-11-15 16:56:27,44,True
717,753,2024-08-21 19:27:02,280,True
718,1251,2025-10-18 22:50:13,120,True
719,1266,2026-04-01 06:26:46,157,True
720,1784,2025-08-07 06:29:59,467,True
721,1030,2025-11-11 17:57:32,353,True
722,1634,2026-04-09 08:59:42,185,True
723,1951,2024-06-02 03:13:23,163,True
723,974,2024-05-07 15:42:10,89,True
723,1054,2026-04-20 16:43:46,155,True
723,1841,2026-03-18 18:50:04,196,True
724,1592,2024-10-06 20:48:53,338,True
724,1854,2026-04-26 13:06:01,247,True
724,68,2026-02-13 18:22:13,276,True
725,1778,2025-01-20 00:50:18,349,False
725,1394,2024-08-02 11:40:29,277,True
726,192,2025-04-08 14:06:25,474,False
727,287,2024-08-26 10:09:35,180,True
728,935,2024-08-07 00:42:33,452,True
728,1504,2025-06-25 13:28:08,436,True
729,955,2025-09-26 08:15:46,392,True
729,552,2025-09-22 20:25:53,438,True
730,1985,2024-12-28 03:06:34,336,True
730,631,2024-10-23 22:45:46,311,True
730,1932,2025-07-17 03:25:04,475,True
731,41,2025-08-21 11:28:15,91,True
731,1547,2024-10-07 07:01:14,160,True
731,1533,2025-03-30 00:32:35,290,True
731,1692,2025-03-30 22:30:36,98,True
732,520,2025-01-30 23:28:45,98,True
733,13,2025-02-18 16:21:42,294,False
733,1395,2025-07-24 13:19:00,331,False
734,1458,2025-09-19 00:09:29,242,False
735,1964,2025-08-17 16:38:36,312,True
735,1222,2024-10-25 01:34:24,426,False
735,214,2025-03-12 04:10:22,477,False
735,158,2025-02-20 16:20:24,221,True
736,1,2025-10-01 09:23:26,227,False
736,1578,2025-07-08 05:29:20,161,False
736,1358,2024-08-31 11:01:20,107,True
736,486,2024-12-03 15:26:18,254,False
737,1543,2025-02-28 06:11:57,249,True
737,822,2026-04-27 10:48:47,289,True
737,384,2025-02-24 01:25:10,13,False
738,1090,2026-03-22 06:18:04,87,True
738,827,2024-09-08 16:14:58,274,True
738,625,2025-10-28 02:03:31,90,True
738,856,2024-11-06 12:46:19,309,False
739,1199,2025-03-24 01:02:30,7,True
739,719,2024-06-04 02:57:31,80,True
739,579,2026-01-18 14:11:40,389,False
739,361,2025-10-10 02:07:43,433,False
740,1654,2025-05-29 03:58:32,426,True
740,715,2026-02-04 21:49:55,340,True
741,1393,2026-02-06 02:41:22,467,True
741,876,2024-09-12 14:50:23,455,True
741,956,2024-05-27 11:14:36,219,True
742,1170,2024-08-22 13:13:53,289,True
743,286,2026-04-30 00:27:58,491,False
743,375,2024-05-20 15:09:03,96,False
744,1001,2025-02-27 11:51:19,495,True
744,1720,2025-06-28 21:26:38,415,True
745,642,2026-03-19 10:07:59,133,True
746,858,2024-06-12 16:15:39,249,True
746,1149,2026-01-22 10:47:33,209,True
746,1173,2025-02-21 10:26:32,65,True
746,289,2024-12-08 07:44:51,172,True
747,774,2025-09-17 06:04:21,479,True
747,527,2026-03-01 18:22:33,226,True
747,269,2024-11-11 10:39:26,411,True
747,365,2026-01-06 10:52:22,415,True
748,1209,2024-09-16 15:30:40,104,True
749,280,2024-07-15 02:24:56,31,False
750,1474,2025-08-26 06:19:29,486,True
751,1191,2024-10-16 17:07:42,78,True
751,385,2024-10-03 14:15:59,372,False
751,615,2025-11-23 02:43:57,367,True
752,1260,2024-09-25 11:09:36,196,True
752,961,2025-01-31 02:49:13,477,True
752,1670,2024-06-02 11:23:38,277,True
752,1589,2025-11-28 08:17:48,116,True
753,1709,2026-04-02 13:24:20,198,True
753,1583,2024-08-18 01:21:22,191,False
753,1270,2024-11-14 12:16:41,26,True
753,185,2024-08-19 06:15:50,51,True
754,1826,2025-11-12 14:26:55,211,True
754,1316,2025-07-15 20:36:27,215,True
754,1951,2024-10-21 00:24:35,331,False
754,940,2024-08-29 07:05:37,78,True
755,949,2026-02-21 17:50:35,500,True
755,1740,2024-12-21 17:34:41,432,False
755,444,2025-05-27 12:33:11,463,False
756,1544,2025-05-30 09:27:14,363,True
756,368,2026-01-10 18:46:45,426,True
757,214,2024-10-02 18:15:36,261,True
758,1741,2025-03-15 13:56:40,421,True
758,1960,2025-08-29 00:33:44,425,True
758,1251,2024-09-06 07:35:47,204,True
758,76,2026-03-12 11:18:50,54,True
759,1795,2025-11-12 04:46:13,204,True
759,1186,2025-08-14 04:01:10,351,True
760,510,2024-07-29 15:26:52,296,False
761,1687,2024-05-28 14:34:10,488,False
761,1662,2024-07-10 02:01:06,382,True
761,484,2025-07-17 05:49:38,57,True
762,988,2024-09-03 12:08:29,261,True
763,439,2024-08-25 01:56:53,157,True
763,34,2024-11-02 14:31:20,137,True
764,666,2024-07-31 00:18:23,456,False
765,1413,2025-08-12 03:29:02,397,True
765,558,2024-06-20 09:41:36,85,True
765,1117,2026-02-05 09:22:55,264,False
766,163,2025-02-23 20:54:00,223,True
767,781,2024-05-16 10:06:58,431,True
768,1005,2026-01-22 14:55:04,419,True
768,357,2025-11-17 21:49:54,78,True
768,77,2025-07-29 14:28:59,138,True
768,523,2025-07-30 08:30:28,249,True
769,724,2024-10-17 13:42:35,2,False
770,626,2025-05-21 05:57:10,391,False
771,1904,2026-04-24 16:05:55,396,True
772,566,2024-09-17 23:30:24,151,True
773,1023,2024-12-09 05:37:41,183,True
773,276,2024-07-04 01:06:44,455,True
774,1323,2024-08-12 22:33:59,376,True
774,1610,2024-05-03 21:23:43,322,True
774,1097,2024-09-30 05:16:45,453,True
774,1480,2025-04-28 18:45:28,222,True
775,1433,2025-01-22 05:15:07,225,True
775,1469,2025-04-01 13:46:48,177,True
776,595,2025-03-17 04:27:13,283,True
777,55,2024-06-21 01:52:25,34,True
777,1911,2025-08-07 08:00:03,492,True
777,1320,2025-06-15 17:10:55,399,True
777,32,2025-12-19 17:32:41,432,True
778,928,2024-10-14 11:14:03,279,True
778,1581,2025-11-14 08:23:34,387,True
778,386,2025-11-04 15:20:01,268,False
778,726,2024-07-24 12:26:07,56,True
779,1600,2026-04-29 22:13:48,374,True
779,1616,2025-04-19 10:22:53,381,True
779,37,2025-02-16 12:04:10,103,True
779,1106,2024-09-05 00:55:56,10,True
780,779,2024-05-17 17:08:38,263,True
780,1157,2025-11-07 08:52:08,301,True
781,1211,2025-09-30 13:34:33,393,True
782,1993,2025-03-16 20:43:35,258,True
782,111,2024-07-26 20:01:00,351,True
783,1748,2024-08-22 03:49:16,412,True
783,172,2025-12-01 07:31:01,483,True
783,1733,2024-06-24 09:32:39,209,True
784,1608,2024-09-14 12:46:14,16,True
785,1315,2024-08-14 07:01:00,4,False
785,1273,2024-09-26 23:41:15,148,True
786,988,2025-11-08 21:03:48,350,False
786,416,2025-02-09 18:50:59,315,True
786,93,2026-03-05 22:50:49,289,False
787,438,2025-04-19 19:47:29,242,True
787,344,2024-07-17 02:54:28,265,False
787,1825,2026-03-07 15:30:38,231,True
787,1410,2024-12-12 18:19:50,324,True
788,453,2024-06-09 13:56:40,254,True
788,1261,2025-05-19 04:54:44,215,True
789,790,2025-03-11 05:31:46,13,False
789,638,2025-01-23 02:02:01,204,False
790,843,2025-10-15 16:47:22,104,True
790,860,2025-02-28 04:11:06,51,True
790,926,2024-06-16 16:15:50,201,True
790,935,2026-03-23 10:51:53,399,True
791,1869,2025-07-29 20:37:05,99,True
791,1915,2025-01-24 19:53:11,298,True
791,492,2025-12-25 16:50:59,300,False
792,164,2025-09-23 00:30:37,123,True
792,310,2024-09-04 12:06:23,140,False
793,1489,2025-05-02 03:20:53,382,True
793,1311,2024-12-03 21:07:08,178,True
793,1741,2024-12-03 07:48:50,242,True
794,874,2024-11-19 05:51:44,285,True
795,1333,2024-08-04 00:22:16,27,False
795,1562,2026-01-21 19:42:15,261,False
795,1746,2025-03-24 02:29:39,326,True
796,1236,2024-05-16 23:09:10,47,True
797,1723,2024-12-26 22:33:01,182,True
798,747,2024-08-27 00:30:54,170,False
798,1008,2024-06-17 14:26:04,379,False
798,1310,2025-12-27 15:54:04,124,True
798,1966,2025-12-11 09:56:53,119,False
799,1239,2024-10-12 20:36:55,316,False
800,1403,2025-12-25 03:59:39,317,False
801,726,2025-11-26 07:31:24,123,True
801,1253,2025-08-22 00:38:55,466,True
801,682,2025-09-12 13:15:07,355,True
801,199,2024-06-19 16:52:07,207,True
802,961,2025-05-12 02:15:50,469,True
802,20,2025-10-12 22:23:54,149,False
803,364,2025-12-12 07:59:49,96,True
803,1112,2026-02-19 13:48:43,307,True
804,336,2025-03-18 23:20:45,231,True
804,567,2025-10-20 15:39:56,52,True
804,1391,2026-01-20 06:37:29,488,False
804,152,2025-09-13 12:12:08,365,False
805,224,2024-06-20 14:45:01,222,True
806,1953,2026-01-30 03:44:32,169,True
807,611,2025-07-27 00:37:34,41,True
807,51,2024-08-10 19:05:26,309,True
807,1771,2024-06-11 19:29:29,307,True
807,1862,2025-12-17 15:32:22,49,True
808,860,2025-10-17 23:59:39,315,True
808,1198,2024-07-09 11:43:27,390,True
808,1396,2024-07-31 11:35:24,237,True
809,453,2025-12-14 00:46:34,57,True
810,570,2025-05-19 00:35:36,6,True
810,1321,2025-01-28 01:57:32,474,True
810,686,2025-11-03 17:03:18,411,False
810,245,2026-03-15 17:45:37,39,True
811,713,2025-12-30 06:39:27,326,False
811,592,2025-03-06 00:32:36,177,True
812,1366,2024-09-28 16:52:07,244,False
812,1549,2025-05-24 13:10:55,299,True
812,1365,2025-08-24 16:25:53,262,True
813,172,2024-06-01 22:57:07,438,True
813,644,2024-12-24 02:25:34,29,True
813,340,2025-10-01 07:01:21,436,True
814,1033,2025-03-02 10:01:26,307,True
814,720,2025-12-12 06:00:42,4,False
814,1971,2025-09-27 23:54:41,383,True
815,1627,2025-07-13 12:22:33,456,False
816,1100,2025-05-03 19:38:06,335,True
816,549,2026-03-04 11:36:31,349,False
817,1109,2024-10-11 15:20:54,314,False
818,1143,2025-01-06 00:57:25,149,True
819,398,2025-04-28 17:21:49,302,True
820,809,2025-01-06 00:57:49,357,False
821,822,2025-05-22 05:57:44,488,True
821,581,2025-08-11 17:16:32,81,False
821,1007,2025-01-17 06:37:10,416,True
821,1465,2025-09-22 07:25:37,265,False
822,1437,2024-05-01 01:47:35,251,True
823,492,2025-01-16 19:36:22,286,True
823,1738,2025-11-03 19:39:46,20,True
823,191,2024-10-12 12:33:52,334,True
824,945,2025-10-24 17:03:00,153,True
824,457,2024-10-26 07:11:45,97,False
825,1174,2024-11-28 06:32:52,19,False
826,1606,2025-05-13 04:37:59,162,True
826,643,2025-01-24 06:58:54,226,False
826,1051,2025-11-26 12:06:11,61,True
826,171,2024-11-11 00:50:47,27,True
827,252,2025-11-26 06:24:46,27,False
828,809,2024-09-04 09:09:16,55,False
829,1466,2025-02-27 16:56:26,283,True
830,348,2025-12-22 22:32:04,443,True
831,621,2026-03-27 21:45:36,80,True
831,536,2026-04-11 03:03:48,498,True
832,1429,2024-06-10 10:06:02,478,True
832,1773,2025-12-01 04:04:24,7,True
833,1918,2025-12-28 08:24:21,314,True
833,544,2024-07-03 15:54:31,62,False
833,1244,2025-02-18 06:53:34,444,True
834,1765,2024-08-24 10:57:13,394,True
835,212,2025-01-03 07:57:40,449,True
835,18,2026-03-23 03:13:32,329,True
836,1101,2026-01-23 00:04:07,334,True
837,1102,2024-10-27 01:33:36,441,True
837,586,2025-06-29 20:49:38,71,True
837,1236,2025-07-01 03:09:04,55,False
838,1046,2026-03-05 17:52:54,98,True
839,652,2025-07-04 07:40:10,7,True
839,423,2024-08-14 20:27:39,70,False
839,1098,2025-07-06 00:34:38,155,True
839,1368,2026-02-19 03:13:22,286,True
840,971,2024-05-24 17:22:56,213,False
840,981,2025-05-18 10:51:58,391,True
840,59,2025-09-01 11:56:19,443,True
840,1130,2025-07-17 17:17:05,322,False
841,26,2024-10-09 14:12:03,201,False
842,1122,2024-08-27 02:01:05,99,True
843,1055,2025-01-12 07:23:38,344,True
843,141,2025-06-03 22:52:51,183,True
844,454,2025-09-20 14:51:26,300,True
844,802,2025-05-27 02:23:08,245,True
844,1085,2024-12-27 03:09:23,184,False
845,441,2024-12-19 19:38:46,485,False
846,1155,2024-10-26 08:23:41,454,True
847,1181,2025-08-25 07:34:02,218,True
847,1020,2025-01-13 15:09:20,240,True
847,294,2026-02-11 21:12:48,262,False
848,1542,2024-08-11 16:47:59,438,False
848,339,2026-04-28 03:02:14,357,True
849,7,2025-05-09 01:39:41,451,True
849,1927,2025-04-26 11:50:38,482,True
849,1795,2026-03-25 14:08:15,176,True
849,1837,2025-10-25 04:03:16,1,True
850,966,2024-08-11 23:38:00,94,False
850,872,2025-06-05 13:05:46,207,True
850,1095,2024-10-05 19:57:14,86,True
851,389,2025-03-24 21:13:31,405,False
851,1620,2024-10-22 10:27:30,490,True
851,1188,2026-03-25 15:23:41,330,True
852,1687,2025-08-01 02:39:15,400,True
852,835,2025-11-12 07:21:51,312,False
853,748,2025-01-26 15:20:23,74,True
853,1770,2025-03-25 10:53:38,406,True
853,1548,2025-09-17 07:29:59,480,True
853,1842,2025-03-21 06:13:30,433,False
854,1590,2025-01-04 15:30:30,261,True
854,1734,2025-04-14 17:59:46,209,True
855,453,2024-09-25 08:02:27,344,True
855,958,2025-03-01 06:28:37,52,True
856,1601,2026-01-14 13:59:01,107,True
856,157,2024-10-02 09:07:10,116,False
856,988,2024-08-31 11:57:25,260,True
856,102,2024-08-17 16:00:04,444,False
857,1067,2024-11-22 23:28:56,62,True
858,499,2024-11-27 09:06:54,372,True
859,1393,2025-07-30 18:28:52,99,False
860,1902,2026-01-06 10:17:18,456,True
860,1887,2026-01-12 04:43:11,256,True
861,1860,2025-08-16 12:00:06,1,False
862,711,2025-11-26 07:26:23,218,False
863,886,2024-08-29 19:03:15,215,True
863,361,2025-10-21 17:31:08,489,True
863,608,2025-03-19 06:57:22,419,False
864,865,2025-11-28 15:02:50,238,True
864,216,2024-11-15 17:36:55,316,True
864,1304,2025-01-22 14:16:47,180,True
865,73,2026-03-20 20:52:20,303,True
865,1895,2025-09-10 01:44:04,123,True
866,972,2024-10-03 23:20:20,289,True
866,1747,2026-02-23 14:59:58,205,True
866,1763,2025-10-30 14:37:39,237,True
867,215,2024-08-21 09:14:56,380,True
867,1303,2026-02-28 17:10:47,30,False
868,925,2025-11-01 13:26:41,351,True
868,3,2026-01-05 17:59:29,19,False
868,1793,2025-03-20 16:34:45,123,False
868,1885,2025-10-21 17:48:59,271,False
869,169,2024-06-10 07:34:04,59,True
869,350,2025-03-13 17:30:26,400,True
869,1667,2025-01-01 04:09:26,371,False
870,1772,2025-06-18 09:50:33,189,True
870,139,2026-04-14 15:00:02,49,True
871,1052,2024-06-29 11:04:38,164,True
872,117,2024-07-20 09:53:26,244,True
872,1344,2025-08-10 16:07:58,201,True
872,361,2024-11-07 18:00:21,253,False
872,1532,2024-10-09 10:58:53,303,True
873,1939,2024-11-03 15:08:37,223,True
873,1266,2024-07-28 18:17:39,488,True
873,1980,2025-06-18 11:22:16,10,True
874,594,2025-05-26 06:15:18,145,True
875,1599,2025-01-16 03:38:21,388,True
875,1725,2026-02-06 03:11:26,325,False
876,323,2024-09-25 05:22:31,88,True
876,1342,2026-04-27 07:46:09,92,True
876,126,2025-02-09 06:51:10,181,True
877,1780,2024-06-15 22:05:17,182,True
878,1786,2025-12-24 09:57:58,371,True
879,1852,2025-06-09 04:42:49,365,True
880,194,2024-06-18 23:31:52,353,True
880,726,2025-01-08 20:39:11,246,True
880,1979,2024-10-05 21:43:20,423,True
881,551,2025-12-27 03:38:14,254,True
882,842,2025-11-06 10:49:40,378,True
883,735,2025-08-12 12:00:03,317,True
883,1366,2024-09-16 10:45:51,181,False
883,1117,2026-01-19 12:29:55,58,False
883,613,2025-04-29 15:51:26,314,False
884,404,2024-12-29 14:11:27,270,True
884,413,2025-05-16 01:12:35,170,True
884,1084,2025-04-10 20:37:16,157,True
885,1339,2024-07-23 08:38:18,283,False
886,103,2025-06-25 19:30:28,174,False
887,932,2026-04-11 12:13:54,384,True
888,1167,2025-08-30 16:58:10,429,True
889,714,2025-02-25 22:13:42,224,True
890,1874,2025-12-23 15:47:49,359,True
891,1135,2024-11-12 20:09:57,98,True
892,308,2025-03-04 17:50:11,467,True
892,984,2026-02-16 11:20:22,126,False
892,216,2026-03-14 23:51:37,249,True
893,116,2025-10-01 12:04:09,451,True
894,446,2025-06-10 00:11:51,111,True
894,1312,2024-06-12 09:40:22,494,True
895,906,2025-06-17 01:10:51,326,True
895,1507,2026-02-09 13:23:59,226,False
895,1860,2024-10-03 03:51:28,395,True
895,1866,2026-03-08 08:30:37,134,True
896,208,2026-03-20 08:15:17,416,True
896,1529,2026-03-08 11:38:27,469,True
897,1878,2024-12-11 08:19:07,261,True
897,191,2025-11-04 15:59:30,178,False
897,160,2024-12-29 14:11:05,235,False
897,720,2025-10-31 06:39:27,402,True
898,1904,2025-08-22 06:56:06,327,True
899,819,2026-01-28 13:29:59,366,True
900,1391,2025-05-17 11:58:20,191,True
901,627,2026-02-13 14:46:59,94,True
901,847,2024-12-17 05:07:28,231,True
902,1253,2025-05-12 01:07:23,424,True
902,1005,2026-04-05 17:36:00,66,False
902,375,2024-06-28 22:21:53,216,True
903,1982,2024-10-15 00:53:41,262,True
904,1281,2025-11-11 01:41:23,304,True
905,1484,2025-10-25 06:06:32,5,True
905,575,2024-09-20 00:55:01,76,True
905,648,2024-07-03 21:03:02,247,True
906,1457,2025-05-04 05:58:36,75,False
907,1411,2025-01-05 17:20:29,147,True
907,1232,2024-05-04 07:32:33,398,True
908,856,2026-04-26 16:35:28,456,False
909,539,2026-03-12 08:56:12,317,True
909,1710,2026-03-04 13:03:16,100,True
909,1155,2024-10-02 05:49:25,105,False
909,1763,2024-05-08 13:26:56,162,True
910,979,2025-03-27 07:10:11,345,True
910,598,2025-08-14 16:09:16,116,False
910,474,2026-04-15 16:24:06,315,True
910,1018,2025-07-26 19:38:09,329,True
911,1687,2024-10-11 16:23:28,101,False
911,1711,2025-01-02 10:55:55,247,True
911,94,2025-02-20 10:54:20,328,False
912,935,2025-07-16 21:55:36,482,True
913,577,2026-04-01 08:09:46,249,True
914,1449,2024-12-29 14:46:59,316,False
915,195,2025-10-12 18:50:55,421,True
916,462,2024-08-08 09:40:13,291,False
916,1408,2025-09-28 05:22:53,301,True
917,758,2025-05-06 17:12:12,135,True
918,49,2024-06-29 18:58:42,470,True
919,1012,2025-04-26 04:45:24,413,False
919,268,2025-05-09 03:38:55,127,True
920,105,2026-03-27 20:55:56,445,False
921,369,2025-11-08 18:21:39,243,False
921,1684,2024-05-07 14:36:15,318,True
921,1274,2025-12-23 18:54:36,175,True
921,1925,2024-06-27 11:27:33,28,True
922,873,2024-08-10 13:30:09,116,False
923,1799,2025-07-15 05:38:11,395,True
924,1541,2025-02-17 16:48:39,272,True
925,663,2024-06-25 17:44:30,293,False
925,1160,2026-02-17 20:42:05,89,True
925,427,2025-06-10 08:01:21,387,False
926,1408,2024-09-13 09:03:59,112,True
927,1699,2024-08-07 00:22:39,99,True
927,1740,2024-10-05 13:56:54,273,True
927,448,2024-08-09 00:44:47,155,True
927,635,2025-10-26 08:50:59,309,True
928,901,2025-01-09 13:48:19,13,True
929,492,2025-06-08 08:09:38,300,False
929,889,2024-08-31 22:59:03,88,True
929,1616,2026-01-17 20:04:06,208,True
930,6,2024-09-08 23:13:54,396,False
931,1491,2024-10-03 19:25:20,377,True
931,630,2026-03-05 21:51:09,58,False
932,1585,2024-05-10 20:54:37,133,True
933,1075,2025-09-19 17:29:55,401,True
933,1650,2025-05-30 22:42:35,382,True
933,373,2026-01-07 13:30:39,380,False
933,285,2025-08-22 09:52:06,189,True
934,1138,2024-12-22 20:05:18,50,True
934,494,2026-01-08 12:47:51,382,True
934,1068,2026-01-03 23:42:08,114,True
934,398,2024-09-16 16:18:36,409,False
935,1626,2024-08-31 15:34:32,456,True
936,86,2026-02-21 14:13:55,472,True
937,221,2024-06-24 07:29:40,343,True
937,1614,2025-06-27 01:08:23,387,True
937,1599,2024-10-30 12:46:14,403,True
938,233,2024-11-03 02:28:49,390,True
938,1330,2025-06-26 12:15:54,173,True
938,1972,2025-05-22 09:22:00,324,True
938,764,2026-02-02 18:30:27,362,True
939,288,2025-06-22 07:25:17,33,False
939,1868,2026-01-09 22:38:17,433,True
940,1324,2025-05-08 10:14:05,77,True
940,1786,2026-02-11 21:51:37,267,True
940,607,2024-09-10 07:14:45,405,False
940,820,2024-09-29 04:32:40,121,True
941,397,2025-01-18 04:41:35,167,True
942,734,2024-06-26 00:15:50,178,True
942,1557,2026-04-12 22:34:39,374,True
942,1870,2024-08-04 08:53:10,434,True
943,1608,2024-12-18 01:03:34,221,False
944,1677,2024-05-12 21:26:37,150,False
945,1785,2024-10-02 23:50:00,165,False
945,819,2026-04-15 20:39:05,30,True
945,520,2024-10-18 19:54:45,179,True
945,1461,2025-01-06 10:06:24,206,True
946,746,2024-11-27 10:25:26,76,True
947,431,2025-11-28 00:24:48,229,True
948,573,2024-05-14 08:00:55,330,True
948,700,2025-04-10 14:00:58,52,True
948,1264,2024-06-03 02:49:22,362,True
948,1394,2025-06-27 07:19:00,202,True
949,391,2025-08-10 19:30:25,125,True
949,1124,2024-12-15 09:07:51,63,True
949,71,2024-11-27 18:01:39,181,True
949,419,2026-04-15 07:16:29,444,False
950,1022,2026-02-20 05:38:20,434,False
950,1569,2025-03-25 08:24:51,16,True
951,1656,2024-10-18 18:43:05,211,True
952,1604,2025-03-21 18:33:27,393,True
952,1301,2026-02-04 16:05:56,259,True
953,1082,2025-05-09 23:13:03,488,True
954,860,2026-01-04 10:21:05,467,True
955,1293,2024-10-25 19:50:41,86,True
956,391,2024-12-29 17:41:29,108,True
956,1553,2025-09-07 22:00:08,488,True
956,456,2024-10-12 09:43:29,289,False
957,1604,2025-10-13 23:33:32,69,True
957,988,2024-06-16 05:35:55,382,True
958,212,2025-03-26 03:16:46,342,True
959,1614,2025-08-15 04:38:21,121,True
960,839,2026-03-02 20:48:33,360,True
960,1623,2024-06-13 14:17:34,382,True
961,1587,2024-09-20 18:29:19,264,True
962,472,2026-04-25 15:29:07,343,True
963,1414,2025-04-12 14:21:15,355,True
963,424,2024-07-06 20:01:07,273,True
963,435,2025-05-18 21:46:20,153,True
964,1308,2024-12-16 11:42:51,494,True
964,979,2026-01-12 21:46:14,178,False
965,600,2026-04-14 02:16:51,54,True
966,756,2026-04-26 17:59:28,386,True
966,689,2024-11-02 15:32:40,287,True
966,1886,2025-01-29 03:56:28,419,True
967,1242,2025-09-06 18:58:55,461,True
967,708,2026-04-24 07:23:18,164,False
968,1096,2025-12-12 14:46:47,193,False
968,366,2024-10-29 11:29:07,36,True
969,27,2024-10-28 20:23:45,298,True
969,284,2026-03-25 23:57:08,453,False
970,1745,2024-05-04 11:23:20,142,False
970,169,2026-01-18 14:06:24,269,True
971,675,2024-09-20 00:24:28,345,True
971,1799,2025-07-31 13:41:38,293,True
972,1840,2025-04-25 02:57:13,16,True
972,1586,2025-11-08 21:36:07,54,True
973,1936,2024-09-06 13:33:59,473,True
974,1511,2025-11-13 23:24:29,287,True
975,1440,2024-08-08 07:30:46,263,True
975,540,2024-09-15 00:12:02,500,True
975,462,2024-10-03 08:25:25,410,False
976,824,2025-11-12 11:12:48,384,True
977,1112,2024-09-13 20:44:25,401,True
977,235,2025-03-15 23:19:16,315,False
978,1990,2024-07-08 11:13:11,139,True
979,532,2025-10-01 08:45:56,387,True
979,761,2025-06-23 15:00:11,322,True
979,103,2025-10-08 19:40:00,382,True
980,1336,2025-07-28 21:47:21,208,True
980,1670,2024-07-08 23:21:20,102,True
980,1688,2024-06-05 14:05:09,130,True
980,1295,2026-03-22 18:31:33,61,True
981,1988,2025-10-21 06:06:05,460,True
982,952,2025-11-17 13:44:11,4,False
982,1850,2024-10-15 12:30:29,109,True
982,1984,2026-02-19 23:00:12,462,True
983,1839,2024-11-04 10:09:00,367,True
984,122,2025-04-14 12:20:30,168,True
984,1856,2024-07-17 05:03:27,160,False
985,804,2024-07-03 18:35:07,273,True
985,139,2025-11-06 21:55:54,12,True
986,1700,2024-12-23 08:35:01,278,True
986,1621,2024-07-31 07:04:09,198,True
987,1642,2025-08-08 14:05:55,354,True
988,1580,2024-06-30 04:11:18,398,True
988,603,2024-11-17 20:34:18,164,True
989,1400,2024-07-20 06:27:38,3,False
990,1564,2024-12-27 15:16:46,423,True
990,197,2025-12-26 10:21:39,82,False
990,689,2025-07-28 23:20:07,192,False
991,1560,2026-02-09 19:55:27,377,False
992,746,2024-07-24 16:46:06,73,True
993,359,2025-06-03 07:25:53,337,True
994,1348,2025-02-18 23:16:08,392,True
994,965,2025-12-10 09:27:47,454,True
995,219,2024-05-29 17:21:24,135,True
996,1007,2024-06-02 07:27:45,26,True
996,988,2025-11-07 02:05:28,412,True
997,450,2024-12-06 20:25:49,200,True
998,1776,2024-12-01 04:32:48,388,True
999,1,2026-03-10 03:51:13,313,False
999,1164,2025-08-23 01:36:22,58,True
1000,1011,2025-10-21 17:03:21,258,True
