:START_ID,:END_ID,fecha_vinculacion,tipo_acceso,activo
1,1611,2024-04-23,login,True
1,195,2023-08-19,login,True
2,1482,2025-11-01,login,True
2,683,2026-02-15,login,True
2,595,2025-10-03,login,True
3,919,2024-07-02,login,False
4,1796,2024-06-23,token,True
4,1767,2026-04-25,login,True
5,1254,2023-12-03,login,True
5,1328,2025-01-15,login,True
5,1504,2023-07-16,login,True
6,299,2023-08-13,login,True
6,994,2024-07-10,token,True
6,1936,2023-12-09,login,True
7,1344,2023-10-25,token,True
7,676,2024-08-13,login,True
8,1070,2023-08-07,login,True
8,681,2024-07-20,login,True
9,1130,2025-12-03,login,True
9,1259,2024-07-11,login,True
9,381,2026-03-16,login,True
10,455,2023-09-15,login,True
10,1990,2025-01-13,login,True
11,1629,2025-06-07,login,True
11,355,2024-09-15,login,True
11,1671,2024-11-23,token,True
12,1632,2024-07-26,token,True
12,1027,2026-02-14,login,True
13,1486,2024-01-09,login,True
13,1604,2023-11-01,login,True
13,1749,2024-04-06,login,True
14,1073,2024-09-11,login,False
14,1691,2024-02-11,login,False
15,1990,2023-05-21,token,True
15,160,2023-08-05,login,True
16,1206,2023-07-14,login,False
16,446,2025-03-09,login,True
16,1119,2024-05-29,token,True
17,1330,2023-11-10,login,True
17,724,2025-10-30,login,True
17,418,2026-01-10,login,True
18,983,2024-01-01,login,True
19,612,2024-03-02,token,True
20,943,2025-02-25,login,False
21,1356,2026-02-12,token,True
21,321,2025-12-22,login,True
21,1828,2026-02-24,login,True
22,1486,2023-06-11,login,True
22,644,2025-03-09,login,True
22,283,2023-05-16,login,True
23,1759,2024-08-25,login,True
23,1485,2025-11-20,login,True
24,1812,2023-07-20,login,False
24,954,2023-07-23,token,True
24,214,2023-12-24,token,True
25,941,2023-09-26,login,True
26,1787,2024-04-25,login,False
27,1786,2024-08-19,token,True
28,1293,2026-01-14,token,True
28,356,2023-06-30,login,True
28,1155,2025-01-03,login,True
29,1146,2023-08-14,token,True
30,31,2023-09-29,token,True
30,83,2024-12-10,login,True
30,931,2024-09-04,login,True
31,1613,2026-02-24,token,True
31,1692,2025-04-22,token,True
31,1552,2023-08-29,token,True
32,522,2024-10-12,login,True
32,1253,2026-01-01,login,False
33,1480,2024-12-11,login,True
34,1954,2026-03-04,token,True
34,1459,2025-08-09,login,True
34,1224,2025-09-29,login,False
35,689,2026-04-10,login,True
36,1398,2024-06-17,login,True
36,1554,2024-03-15,login,True
36,1826,2024-08-15,login,True
37,454,2023-10-22,login,True
37,138,2024-03-23,login,True
38,1610,2026-01-18,login,False
38,1967,2023-08-04,login,True
39,1511,2025-09-24,login,True
39,1400,2025-09-13,login,False
40,943,2024-06-09,login,True
41,1734,2024-01-25,login,True
41,236,2026-01-15,token,True
41,1047,2025-06-28,login,False
42,708,2026-01-17,login,True
42,23,2025-01-10,login,True
43,1285,2023-11-12,login,True
43,1028,2026-01-18,login,True
44,1398,2024-05-19,login,True
44,1601,2024-08-12,login,False
44,178,2025-10-02,token,True
45,627,2025-10-08,token,True
46,251,2025-06-08,login,True
46,1780,2024-01-25,login,True
47,1768,2025-08-07,login,True
47,599,2025-01-27,token,True
48,238,2025-02-05,login,True
48,1959,2026-01-27,login,True
48,560,2026-03-19,login,True
49,1252,2025-12-03,login,True
50,17,2024-02-19,token,True
51,1695,2024-02-03,token,True
52,1767,2024-07-17,token,True
52,1051,2025-08-19,login,True
52,1584,2023-10-31,login,True
53,643,2026-01-06,login,True
53,1043,2023-09-03,login,False
54,494,2023-11-12,token,True
55,1854,2024-01-05,login,True
56,1439,2025-12-01,login,True
57,341,2023-08-05,login,True
57,1205,2025-04-25,login,False
58,1199,2024-07-14,login,True
58,345,2026-04-06,token,True
59,838,2025-04-01,token,True
60,821,2025-03-25,login,True
61,902,2023-11-26,token,True
61,1927,2025-06-16,login,True
62,947,2023-10-07,token,True
63,83,2023-11-02,login,True
63,572,2024-10-15,login,True
64,1304,2026-04-05,login,False
64,1717,2026-02-10,login,True
64,358,2023-09-24,login,True
65,1649,2025-06-06,login,True
66,1479,2024-10-25,login,True
66,794,2025-02-05,login,True
67,1971,2024-10-08,login,True
67,1377,2023-11-07,login,True
67,1060,2025-08-17,login,False
68,935,2026-02-26,token,True
68,1938,2024-10-22,login,True
69,1034,2023-07-23,token,False
69,1751,2024-06-29,login,True
70,1367,2023-09-09,token,False
70,365,2024-01-12,login,True
70,1741,2025-03-25,login,True
71,99,2024-11-18,login,True
72,1534,2025-09-30,login,True
72,1066,2026-01-16,login,False
72,425,2024-04-16,token,True
73,751,2025-05-11,token,False
74,936,2023-07-03,login,True
74,1005,2023-09-17,login,True
74,547,2023-07-22,token,True
75,1548,2024-06-14,token,True
75,1407,2023-12-19,login,True
75,119,2023-10-18,login,True
76,986,2024-11-03,token,True
76,560,2025-03-18,login,True
77,8,2023-05-27,token,False
78,1239,2025-10-11,login,True
78,804,2025-12-25,login,True
79,1368,2023-06-05,token,True
80,1038,2026-01-10,login,False
81,1772,2025-09-26,login,False
82,1445,2024-04-29,login,True
83,533,2023-08-01,login,True
83,264,2024-11-09,token,True
83,1225,2024-12-08,login,True
84,1512,2024-05-14,login,True
84,749,2025-08-12,login,True
84,837,2024-08-09,login,True
85,1874,2024-05-16,login,True
85,622,2023-05-04,login,False
85,84,2024-12-07,token,True
86,474,2026-04-28,login,True
86,771,2023-09-21,login,True
86,1868,2025-07-21,login,True
87,233,2026-02-06,login,True
88,224,2025-06-06,login,True
88,1530,2024-08-27,login,False
89,1714,2024-03-27,login,True
89,1239,2025-02-28,token,True
90,1821,2024-08-30,login,True
90,554,2025-04-25,login,False
90,229,2024-08-11,login,True
91,691,2025-07-05,token,True
91,1279,2024-08-19,token,True
92,664,2023-07-28,login,True
93,1742,2023-05-23,login,True
94,1716,2023-08-27,token,True
94,593,2024-04-02,login,True
95,1161,2024-06-20,token,True
95,1244,2023-11-23,token,True
96,337,2023-07-02,token,True
97,1935,2023-08-27,login,True
98,860,2025-11-22,login,True
99,643,2024-10-06,login,True
99,189,2023-08-09,login,False
99,340,2025-02-01,token,True
100,1136,2024-09-01,login,True
101,991,2023-11-13,login,True
101,1338,2025-08-02,login,True
101,817,2024-09-15,login,True
102,1457,2025-01-31,login,True
103,136,2023-11-28,login,True
103,1857,2024-04-12,login,True
103,1486,2024-01-21,login,True
104,650,2026-04-20,login,True
104,1414,2025-04-10,login,True
105,1762,2023-11-30,login,True
105,1443,2024-04-19,login,True
105,1625,2024-06-21,login,True
106,1345,2024-11-16,login,True
106,1385,2025-03-14,token,True
106,1968,2024-08-15,login,True
107,1414,2025-06-20,login,True
107,957,2023-10-17,token,True
108,668,2025-08-13,login,True
108,786,2025-09-02,login,True
109,302,2024-07-24,login,True
109,84,2026-03-18,login,False
110,713,2025-03-25,token,True
111,1463,2024-11-02,token,True
111,629,2025-01-07,token,True
111,44,2023-08-26,token,True
112,131,2025-03-14,login,True
113,128,2025-12-29,login,True
114,521,2025-04-12,login,True
114,1554,2026-03-09,login,True
114,401,2023-09-18,login,True
115,1747,2026-01-27,login,True
116,1799,2023-12-17,login,True
116,392,2024-11-01,token,True
117,743,2026-01-01,login,True
117,1734,2024-02-25,login,True
118,190,2026-02-20,login,True
118,1149,2023-06-28,token,True
119,447,2023-08-09,login,False
119,998,2025-03-16,login,True
120,1018,2024-12-25,login,True
120,1400,2024-01-25,login,True
121,1911,2025-07-09,login,True
121,202,2025-10-17,login,True
121,755,2025-02-20,login,False
122,1868,2023-07-05,token,True
122,1185,2025-06-07,token,True
123,1669,2024-03-27,login,True
123,909,2023-12-26,token,True
123,1349,2025-07-11,login,True
124,327,2023-11-14,login,True
125,555,2024-06-29,login,True
126,1596,2024-04-01,token,True
127,252,2025-01-12,login,True
127,1570,2024-03-29,login,True
127,933,2025-12-14,login,True
128,228,2025-09-27,login,False
129,547,2024-07-01,token,True
129,1083,2024-11-28,login,True
130,1296,2024-07-03,login,True
130,1653,2023-05-29,login,True
131,1116,2025-05-25,token,True
131,1606,2025-01-17,login,True
131,1151,2024-02-10,login,True
132,980,2023-10-28,login,True
132,1321,2023-12-14,token,True
133,91,2024-11-12,login,True
134,1657,2025-12-16,token,True
134,662,2026-03-23,token,True
135,705,2023-09-12,login,True
135,1732,2025-09-17,login,True
136,115,2025-06-23,login,True
136,851,2024-06-24,login,True
137,1432,2024-03-07,token,True
137,980,2024-08-10,token,True
138,338,2023-07-04,token,True
138,1595,2024-10-13,login,True
139,435,2025-04-06,login,True
140,854,2023-06-23,login,True
141,1198,2024-11-21,login,True
142,1569,2026-03-26,login,False
142,1442,2026-01-28,login,True
142,356,2024-10-26,login,True
143,1067,2024-08-02,token,True
143,1631,2023-06-24,login,True
143,808,2025-11-10,token,True
144,884,2025-11-09,login,True
145,364,2025-10-08,token,True
145,396,2023-05-08,login,True
145,1357,2024-04-27,login,True
146,1467,2025-09-13,token,True
147,154,2024-05-24,login,True
147,1572,2026-04-05,login,True
147,1732,2025-08-26,login,True
148,1218,2024-07-27,login,True
149,1811,2024-04-08,login,True
149,716,2025-08-24,login,True
150,1619,2024-07-20,token,True
150,1179,2023-06-29,login,True
150,232,2025-09-19,login,True
151,1272,2026-04-07,login,True
152,110,2024-03-01,login,True
152,1233,2023-10-18,login,True
152,125,2024-12-10,login,True
153,422,2026-03-17,token,True
154,34,2025-02-26,login,True
154,1836,2025-01-23,token,True
155,1736,2024-04-27,login,False
156,1949,2023-11-20,login,False
156,1220,2025-11-11,login,True
156,1109,2026-04-15,login,True
157,947,2026-01-19,login,True
157,1148,2025-08-28,token,True
158,590,2025-07-09,token,True
159,502,2026-04-15,login,True
160,547,2025-12-20,login,True
160,1648,2025-04-16,login,True
160,893,2023-12-12,login,True
161,1369,2024-01-29,token,True
162,278,2025-03-12,login,True
162,1894,2023-10-21,login,True
163,1406,2023-05-29,token,True
164,1860,2025-12-31,login,True
165,1657,2024-03-01,login,True
166,100,2025-08-16,login,True
166,684,2025-11-24,token,True
166,1086,2025-01-31,login,True
167,44,2024-05-13,login,False
167,1439,2024-06-21,token,True
168,190,2023-06-15,token,True
168,1020,2024-10-01,login,True
169,1302,2025-09-05,login,True
169,953,2025-12-02,login,True
169,226,2024-10-31,login,True
170,233,2023-08-23,login,True
171,1226,2025-11-29,login,True
171,504,2023-05-14,token,True
172,1692,2025-04-28,login,True
172,774,2024-06-12,login,True
172,520,2024-08-19,login,False
173,618,2024-09-25,login,True
174,1820,2023-11-21,login,True
175,811,2025-04-10,login,True
176,1084,2024-11-24,login,True
176,1836,2023-08-04,login,True
176,208,2024-07-07,login,True
177,1693,2023-11-22,token,True
177,134,2025-08-17,token,True
177,1483,2024-11-11,token,True
178,369,2024-07-14,token,True
179,1546,2024-08-25,login,True
179,1068,2026-02-02,login,True
180,1670,2025-07-22,login,True
180,426,2024-03-16,token,True
180,947,2024-05-18,login,False
181,609,2024-04-24,login,True
181,134,2024-08-08,login,True
182,569,2026-04-23,login,True
182,1632,2024-05-12,token,True
183,467,2024-09-18,login,True
184,915,2025-04-13,token,True
185,1119,2025-01-08,token,True
186,1445,2025-09-22,token,True
187,1063,2025-09-17,login,True
188,1994,2023-06-18,login,True
189,1856,2024-10-29,login,True
189,778,2024-09-17,login,False
189,1896,2026-03-12,login,True
190,823,2024-04-16,login,True
190,899,2024-02-05,login,True
191,1702,2025-08-05,login,True
191,1518,2025-07-02,token,True
191,1788,2025-04-18,login,True
192,1528,2024-09-23,login,True
192,521,2023-06-15,token,True
192,1224,2023-08-12,login,True
193,1712,2026-04-28,login,True
193,1384,2025-01-30,token,True
193,1680,2023-11-22,login,True
194,1836,2025-04-09,login,False
195,635,2024-08-18,login,True
196,1254,2025-03-12,login,True
197,63,2025-10-15,login,True
198,1527,2025-05-19,login,True
199,120,2025-05-08,login,True
199,583,2025-05-24,login,True
199,1019,2025-04-04,token,True
200,1789,2025-11-06,token,True
200,1117,2023-05-07,token,True
200,405,2023-06-21,login,True
201,856,2026-01-22,token,True
201,559,2026-02-24,login,True
201,288,2023-08-29,token,True
202,744,2026-03-17,login,True
202,212,2024-10-10,token,True
203,1811,2024-11-04,login,True
204,1046,2026-01-01,login,True
204,1454,2024-01-04,login,True
205,1196,2023-11-29,token,True
206,1822,2023-06-19,login,True
207,387,2025-12-11,token,False
208,719,2025-02-01,login,True
208,1632,2025-06-23,token,True
209,646,2025-09-02,login,True
210,1139,2025-05-15,login,True
210,533,2026-01-18,login,True
210,1711,2025-09-03,login,True
211,1469,2025-02-28,login,True
211,1371,2023-06-15,login,True
212,524,2026-03-28,token,True
212,923,2024-01-17,token,False
212,1965,2024-08-19,login,True
213,139,2023-12-18,token,False
213,122,2024-04-20,login,True
213,1120,2025-03-22,login,True
214,111,2024-12-10,login,True
214,1173,2024-10-13,login,True
215,1776,2023-09-15,login,True
215,975,2023-08-25,login,True
216,1394,2024-01-06,login,True
216,1215,2024-05-14,login,True
216,1503,2024-12-24,login,True
217,964,2023-07-19,login,True
217,150,2024-03-03,login,True
218,555,2025-10-25,login,True
218,165,2025-05-30,token,False
218,88,2024-05-03,login,True
219,226,2024-01-01,login,False
220,962,2024-03-12,token,True
220,291,2023-06-14,token,True
220,1629,2025-09-13,token,True
221,1979,2024-01-27,login,True
222,1966,2024-11-19,login,False
222,1915,2024-11-30,login,True
222,212,2026-04-01,login,True
223,96,2024-11-17,login,False
223,962,2024-11-11,token,True
223,1587,2025-01-22,login,True
224,1513,2024-06-13,login,False
225,772,2023-12-09,login,True
225,694,2023-05-05,login,True
225,1074,2023-06-28,login,True
226,1927,2025-07-05,token,True
226,1971,2023-09-16,login,False
227,967,2025-10-05,token,True
227,1314,2026-04-26,login,True
228,963,2023-07-23,login,False
228,171,2023-11-05,login,True
228,1548,2026-01-08,login,True
229,583,2023-08-19,login,True
230,1429,2024-10-19,login,True
230,869,2024-12-28,token,True
231,1474,2024-06-17,token,False
231,1086,2026-04-15,login,True
231,1871,2023-06-22,token,True
232,1910,2025-09-07,login,True
233,627,2024-12-17,token,True
233,1841,2023-11-07,login,False
233,425,2023-06-05,login,True
234,1207,2025-08-08,login,True
234,691,2024-05-31,token,True
234,1487,2023-08-11,login,True
235,1364,2023-12-18,login,True
235,1906,2025-12-02,token,True
235,1820,2023-08-07,login,True
236,644,2024-12-11,token,True
236,225,2026-04-27,token,True
237,560,2024-10-13,token,True
238,1349,2023-05-29,login,True
238,970,2023-07-08,token,True
238,1299,2026-03-14,login,True
239,1821,2025-01-21,login,True
240,506,2024-12-21,token,True
241,137,2026-04-28,login,True
242,191,2023-05-31,login,True
242,1330,2024-05-12,login,False
242,1674,2026-01-09,login,True
243,47,2026-03-31,token,True
243,3,2024-04-20,token,True
243,810,2025-08-02,token,True
244,1722,2025-10-10,login,True
244,156,2024-10-04,token,True
245,1597,2023-05-18,login,True
246,1103,2023-10-23,token,True
247,197,2025-05-30,login,True
248,1423,2025-07-13,token,True
248,397,2024-04-30,login,True
248,175,2024-05-25,login,True
249,1758,2024-02-01,login,True
250,1301,2026-01-12,login,True
251,354,2026-03-02,login,True
251,1535,2024-12-13,token,True
252,629,2023-11-22,login,True
253,1299,2024-01-22,login,True
253,1994,2026-03-25,login,True
253,1405,2025-07-06,login,True
254,43,2024-02-21,login,True
254,1038,2023-12-20,login,True
254,1843,2026-03-07,login,True
255,1612,2023-05-22,login,True
255,601,2024-05-13,token,True
255,1539,2023-06-25,login,True
256,1732,2025-09-28,token,True
256,146,2024-07-20,login,False
257,692,2023-06-25,login,False
258,1408,2024-10-24,login,True
258,1149,2025-07-02,login,True
259,893,2024-02-20,login,True
259,1214,2025-10-07,login,True
259,341,2024-10-15,login,True
260,1259,2024-01-27,login,True
260,1760,2024-01-02,token,True
260,1914,2025-07-06,login,False
261,1923,2024-07-14,token,True
262,1568,2023-06-03,login,False
263,1303,2025-03-15,login,True
264,1778,2024-02-14,login,True
264,1154,2024-10-17,login,True
264,1833,2025-06-09,token,True
265,791,2024-08-21,login,False
265,231,2026-04-11,login,True
266,54,2023-09-20,token,True
266,1794,2025-04-18,token,False
266,411,2024-01-18,login,True
267,732,2025-10-18,login,True
268,1181,2023-08-05,login,True
269,1437,2025-03-01,login,True
269,922,2023-06-26,login,True
270,543,2023-05-07,login,True
270,1895,2025-12-17,login,True
270,1523,2024-01-23,login,True
271,437,2023-06-01,login,True
272,363,2025-12-13,login,True
272,1549,2023-08-27,login,True
273,461,2024-12-18,login,True
273,1473,2023-08-06,login,True
273,39,2024-04-20,login,True
274,571,2024-01-12,login,True
274,1024,2025-06-29,login,True
274,801,2025-10-26,login,True
275,922,2024-11-21,login,True
275,1573,2026-03-07,login,True
276,1000,2024-10-20,login,True
276,613,2025-02-09,token,True
276,1796,2023-10-29,login,True
277,381,2024-07-04,login,True
277,326,2024-06-17,login,True
278,534,2025-03-05,token,True
278,1498,2024-08-24,login,True
279,1540,2025-11-15,token,True
279,836,2025-01-26,login,True
279,407,2024-04-12,login,True
280,1692,2025-05-27,login,False
280,332,2024-09-13,token,False
280,1133,2025-10-29,token,True
281,814,2023-07-02,login,True
281,81,2023-12-31,login,False
281,473,2025-11-19,login,True
282,1137,2025-11-12,login,True
283,834,2025-10-15,token,True
284,85,2025-06-10,token,True
284,1586,2024-06-25,login,True
284,760,2024-08-19,login,True
285,189,2024-01-15,login,False
285,1026,2023-06-18,login,True
286,1943,2023-09-11,login,True
286,1886,2024-07-15,login,True
287,1508,2026-04-10,login,True
287,265,2024-09-30,token,True
287,1796,2025-06-26,login,True
288,960,2024-09-12,login,True
288,1102,2025-09-26,login,True
289,185,2025-08-28,login,True
290,916,2024-03-12,token,True
290,938,2023-06-29,login,True
290,878,2024-10-15,token,True
291,702,2024-07-04,login,True
291,1565,2023-11-05,login,True
292,892,2026-04-20,login,True
292,1364,2024-07-28,login,True
293,989,2024-11-14,token,True
294,105,2023-08-17,token,True
295,7,2024-04-07,login,True
296,1762,2026-03-31,login,True
297,1293,2023-10-16,login,True
297,1888,2024-08-16,token,True
297,1977,2025-01-26,login,True
298,1244,2023-05-06,login,True
298,1220,2025-01-07,login,True
298,1348,2026-01-10,login,True
299,838,2025-03-31,token,True
300,1586,2023-09-01,login,True
301,1326,2023-08-15,token,True
301,2,2026-02-21,login,True
301,225,2024-11-11,login,False
302,1651,2025-01-03,login,True
302,1514,2024-10-29,token,True
302,967,2025-06-28,token,True
303,1728,2023-07-28,login,True
303,1724,2023-07-30,login,True
303,188,2024-10-14,login,False
304,1685,2023-05-22,login,True
304,1670,2024-12-26,login,True
304,1247,2025-02-11,login,True
305,1748,2024-02-01,login,True
305,1352,2025-02-26,token,True
305,1428,2024-12-13,login,True
306,968,2023-11-26,token,True
307,762,2024-12-24,token,True
307,716,2025-11-17,login,True
307,113,2024-09-30,login,True
308,1949,2026-03-13,login,True
309,887,2025-12-18,login,True
309,525,2025-02-28,token,True
309,1316,2025-12-18,login,False
310,1416,2025-03-07,login,True
310,1191,2025-08-30,login,True
310,56,2024-11-10,login,True
311,979,2026-04-12,token,True
311,876,2025-07-11,token,True
311,923,2023-11-14,login,True
312,690,2024-05-28,token,False
312,335,2025-09-20,token,True
312,926,2024-11-07,login,True
313,732,2025-02-12,login,True
313,1556,2025-12-29,login,True
314,1854,2023-10-27,login,True
314,1487,2024-09-26,token,True
314,1015,2024-09-09,token,True
315,1332,2026-01-01,login,True
315,500,2025-11-22,login,True
316,349,2024-12-09,login,True
316,350,2023-10-14,login,True
317,453,2026-04-26,token,False
318,718,2023-10-30,login,False
318,332,2025-11-23,login,True
319,482,2026-02-01,token,True
319,380,2024-12-20,login,True
319,1609,2025-04-03,token,True
320,1183,2025-12-12,login,True
320,742,2024-08-04,token,True
320,1640,2024-10-26,token,True
321,1279,2025-12-09,token,True
322,536,2026-02-16,login,True
322,1813,2023-07-21,login,True
323,1660,2024-10-29,login,True
324,1246,2025-01-26,login,True
324,1209,2024-11-03,login,False
325,627,2024-09-07,token,True
325,513,2026-02-26,login,True
325,902,2025-08-27,login,True
326,1701,2025-03-10,login,False
326,1932,2024-05-31,login,True
327,1293,2025-03-27,login,True
327,1443,2025-03-14,login,True
328,1802,2025-08-18,token,True
328,1766,2025-02-24,login,True
328,1788,2024-03-31,token,True
329,500,2024-03-12,token,True
330,1234,2023-09-16,login,True
330,1950,2024-01-07,login,True
330,682,2026-03-30,login,True
331,1059,2025-01-17,token,True
332,540,2024-11-10,login,True
332,876,2025-05-05,token,True
333,1050,2026-02-19,login,True
333,648,2025-02-14,login,True
334,835,2023-12-24,login,True
334,1416,2026-03-23,login,True
334,1182,2026-04-25,login,True
335,595,2024-11-01,login,True
335,1239,2024-09-27,login,True
335,55,2025-06-30,login,True
336,603,2024-03-31,login,True
337,658,2023-11-17,login,True
338,1349,2024-12-10,token,True
339,1793,2023-10-28,token,True
340,1895,2025-03-11,login,False
340,551,2024-05-01,login,True
341,1460,2025-12-07,login,True
341,1028,2025-01-16,login,True
342,1712,2026-02-27,login,True
343,1215,2024-11-08,login,True
344,1318,2025-03-17,login,False
344,1760,2023-08-05,login,True
345,38,2025-11-14,login,True
346,236,2023-05-25,login,True
346,677,2025-06-11,login,True
347,1562,2024-06-02,token,True
347,26,2024-12-18,login,True
348,646,2025-01-14,token,True
348,778,2024-06-25,login,True
348,346,2026-02-06,login,True
349,1853,2025-12-27,login,True
349,687,2024-02-28,login,True
349,1465,2025-04-01,token,True
350,1364,2024-05-19,token,True
350,18,2026-01-17,token,True
350,405,2023-12-26,login,False
351,82,2023-06-09,login,True
351,447,2023-11-08,token,True
351,676,2023-06-20,login,False
352,190,2023-05-06,token,True
352,908,2024-12-15,token,False
353,1077,2024-11-30,login,True
353,1022,2025-05-28,token,True
353,1873,2025-09-26,login,True
354,1673,2024-03-25,login,True
354,1229,2024-02-01,login,True
354,1951,2023-05-19,token,True
355,1769,2025-05-24,login,True
356,960,2024-01-13,login,True
356,1861,2024-08-07,token,True
356,266,2025-07-14,login,True
357,67,2025-12-21,login,True
357,1768,2024-07-29,login,True
358,1342,2024-10-24,token,True
359,1139,2024-06-12,token,True
359,245,2023-12-30,login,True
360,1632,2024-08-24,token,True
360,1624,2026-03-02,token,True
361,699,2024-08-16,token,True
362,1047,2023-06-17,login,False
362,1305,2024-10-04,token,True
362,718,2025-08-24,login,True
363,1801,2026-03-11,login,True
364,552,2024-06-15,login,True
364,150,2023-07-13,login,True
364,1764,2023-05-02,login,True
365,1270,2024-04-23,login,False
365,1287,2024-12-28,login,True
365,1023,2024-04-21,token,True
366,1042,2024-02-24,login,True
367,1047,2023-08-18,token,False
367,826,2023-08-23,token,True
367,1493,2023-10-06,token,True
368,10,2025-01-11,login,True
369,1867,2023-12-20,login,True
369,698,2025-07-10,login,True
369,1248,2026-04-19,login,True
370,927,2024-03-17,token,True
370,1802,2025-02-11,login,True
370,1618,2026-01-15,login,True
371,1098,2026-04-28,token,True
372,496,2025-11-05,login,True
373,1817,2023-09-13,token,False
374,785,2026-02-18,login,True
374,838,2023-05-14,login,False
375,522,2025-03-10,token,True
376,709,2024-01-11,login,True
376,1875,2024-01-06,login,True
376,338,2026-02-16,token,True
377,1409,2024-07-25,login,False
377,105,2025-02-19,login,True
377,1859,2026-03-21,token,True
378,1589,2024-03-24,login,True
379,513,2025-04-22,login,True
379,1084,2024-05-21,token,True
380,109,2026-02-13,login,True
380,987,2025-01-14,login,True
381,639,2024-03-28,login,True
382,609,2025-07-10,token,True
382,115,2025-10-27,login,True
383,68,2024-04-15,login,True
383,1010,2023-10-06,login,True
384,1887,2023-06-30,token,True
385,633,2023-12-23,login,True
385,111,2025-05-27,login,True
385,971,2026-01-20,login,True
386,192,2024-05-15,login,True
387,1480,2025-11-03,login,True
388,1072,2024-02-24,login,True
388,324,2026-01-22,login,True
389,1706,2026-01-25,token,True
390,1400,2024-07-28,token,True
390,1880,2023-10-22,login,True
391,31,2025-11-18,login,True
391,1819,2024-05-24,token,True
391,202,2024-12-14,token,True
392,912,2025-01-16,token,True
393,886,2025-08-24,login,True
394,1060,2024-01-06,login,True
394,1078,2023-07-23,token,False
395,1156,2024-04-03,login,True
395,629,2025-07-29,login,True
395,608,2025-11-10,login,True
396,732,2025-09-01,login,False
397,1909,2025-12-21,login,True
398,1659,2024-01-11,login,True
398,232,2025-04-22,login,True
398,37,2023-12-17,token,True
399,363,2025-11-10,login,True
399,1439,2024-02-12,token,True
399,1729,2025-07-16,login,True
400,1704,2025-07-04,token,True
400,1496,2023-06-28,login,False
401,28,2023-12-27,token,True
402,573,2024-12-25,login,True
402,270,2023-11-18,login,True
403,1640,2025-10-14,login,True
403,1175,2025-01-13,login,True
403,714,2024-11-20,login,True
404,880,2026-02-13,login,True
404,975,2025-09-24,token,False
405,1920,2024-03-21,login,True
405,738,2025-01-13,login,True
406,261,2025-08-26,login,True
407,698,2024-01-23,login,True
408,1309,2024-05-01,login,True
408,1285,2024-08-06,token,True
409,835,2024-05-19,login,True
409,325,2024-05-29,token,True
410,450,2025-06-14,token,True
411,10,2024-06-14,login,True
411,788,2024-03-16,token,True
412,475,2023-07-20,token,True
412,1323,2025-01-14,token,True
413,502,2023-06-14,token,True
413,892,2026-01-03,token,True
413,1876,2024-11-16,login,True
414,1214,2024-01-22,token,True
414,907,2025-07-25,login,True
415,679,2025-09-17,login,True
416,324,2024-10-12,login,True
417,497,2023-05-30,login,True
417,1810,2025-03-27,login,True
417,1072,2025-09-04,login,True
418,1772,2025-06-03,login,True
418,1106,2025-08-24,token,True
418,445,2025-05-18,login,True
419,926,2025-02-07,login,True
419,959,2025-06-12,token,True
420,985,2026-02-09,login,True
421,162,2024-12-06,login,True
422,43,2025-04-19,login,True
423,696,2025-02-19,token,True
424,412,2023-07-09,login,True
424,1501,2024-08-28,token,True
425,1205,2024-11-18,login,True
425,1522,2023-11-11,login,False
426,626,2023-05-11,login,True
426,459,2025-04-24,token,True
426,1563,2026-03-31,login,False
427,850,2023-05-27,login,True
427,841,2023-07-30,login,True
427,1465,2024-05-22,token,True
428,1285,2025-09-18,login,True
429,425,2024-12-31,login,True
429,1969,2025-11-09,token,True
429,1615,2025-02-18,login,True
430,870,2023-05-10,login,True
430,1973,2025-03-09,login,True
431,1845,2025-03-20,login,True
431,565,2026-04-28,token,True
431,186,2023-11-16,login,True
432,1645,2023-11-04,login,True
432,1088,2024-01-05,login,True
432,617,2026-02-28,login,True
433,409,2024-08-26,login,True
433,220,2023-07-08,login,True
434,577,2024-12-17,token,True
434,1483,2024-05-18,token,True
434,1139,2024-11-27,login,True
435,738,2023-12-03,login,True
436,1907,2025-09-01,login,True
436,384,2023-06-16,login,False
436,1835,2025-10-27,login,True
437,1295,2024-06-21,login,True
438,1305,2023-10-13,login,True
438,1221,2024-03-14,login,True
438,541,2025-10-18,token,True
439,291,2024-12-03,login,True
439,1333,2024-06-10,login,True
440,57,2026-04-28,login,True
441,561,2024-10-08,token,True
442,812,2025-09-20,login,True
442,369,2023-11-27,token,True
443,1627,2024-01-31,login,False
444,228,2025-12-15,token,True
444,619,2026-02-27,token,True
445,1374,2025-12-10,login,True
445,226,2024-05-05,login,True
445,1936,2023-12-27,login,True
446,746,2025-12-06,login,True
447,1994,2023-10-04,login,True
447,203,2024-04-28,login,True
448,1189,2025-03-23,token,False
448,94,2023-08-08,login,True
449,935,2025-05-16,login,False
449,1408,2026-04-29,token,True
450,95,2023-06-21,login,True
450,1061,2024-04-11,login,True
451,325,2024-06-05,token,True
451,157,2024-02-13,login,True
452,1086,2025-07-22,login,True
452,1533,2024-01-24,token,False
453,1398,2024-06-02,login,True
454,1367,2023-10-01,login,True
454,768,2025-05-08,token,True
454,1729,2025-08-15,login,True
455,480,2025-04-01,login,True
456,183,2024-04-19,token,True
457,499,2024-04-12,login,True
457,1232,2023-12-25,login,True
457,792,2025-04-02,login,True
458,1346,2025-02-02,login,True
458,1713,2025-10-13,login,True
458,338,2026-04-20,login,True
459,1421,2023-11-03,login,True
459,374,2026-04-03,login,False
460,1159,2023-08-15,token,True
461,838,2023-05-02,login,True
462,1857,2025-07-21,login,False
463,800,2024-12-11,login,True
463,247,2024-06-13,login,True
463,1581,2024-10-11,token,True
464,1016,2023-06-03,token,True
464,239,2024-07-25,login,True
465,19,2024-08-10,login,True
466,581,2026-03-21,login,False
467,1548,2026-04-04,login,True
467,260,2025-04-26,login,True
467,1689,2024-03-01,login,True
468,781,2025-07-15,login,True
468,26,2023-10-08,login,True
468,1536,2023-10-04,token,True
469,834,2023-10-18,login,False
469,493,2025-07-26,token,False
470,571,2026-03-17,login,True
470,1884,2025-03-17,token,True
471,553,2024-03-18,token,False
472,838,2024-11-06,login,True
472,151,2024-12-31,login,True
472,1064,2023-09-09,login,True
473,138,2023-11-28,token,True
474,706,2023-08-01,login,True
474,430,2025-07-08,login,True
475,920,2025-01-12,login,True
476,273,2025-06-08,token,True
476,1378,2023-06-15,token,True
476,1342,2024-02-21,token,True
477,405,2023-09-12,token,True
478,1298,2025-09-19,token,True
479,1640,2024-09-27,token,True
479,1850,2024-02-21,token,True
479,798,2024-06-04,token,True
480,285,2024-12-20,login,True
480,802,2024-11-23,login,True
481,206,2026-01-27,login,True
481,1422,2025-06-19,token,True
482,1589,2026-04-18,login,True
483,874,2024-08-09,login,True
484,131,2025-08-14,login,True
485,1639,2025-06-17,login,True
485,1947,2025-09-26,login,True
486,193,2023-06-09,login,True
486,403,2023-07-01,token,True
486,597,2024-04-26,login,True
487,1161,2025-11-17,login,True
487,499,2025-11-23,login,True
488,967,2025-11-01,login,True
488,253,2023-11-30,login,True
489,267,2023-09-26,login,True
489,1022,2023-05-04,login,True
490,1721,2024-10-18,login,True
491,1570,2024-05-06,token,True
492,341,2023-05-27,login,True
492,238,2026-03-17,login,True
492,615,2024-10-03,login,True
493,844,2026-02-28,token,True
493,292,2025-03-25,login,False
494,1575,2026-01-13,login,True
495,1744,2025-02-15,login,True
495,1723,2023-11-14,login,True
496,506,2025-07-30,login,False
496,743,2026-01-25,login,True
497,304,2023-07-15,login,True
497,1218,2025-05-31,token,True
497,1317,2023-11-09,login,True
498,1665,2025-08-23,login,True
499,1412,2023-09-11,login,True
499,1340,2025-03-14,token,False
500,1766,2023-08-23,login,True
501,11,2024-04-09,login,True
501,1570,2026-01-08,login,False
502,1213,2023-08-08,login,False
502,1916,2024-03-28,login,True
502,650,2024-06-14,login,True
503,1618,2024-09-21,login,True
503,850,2025-08-07,login,True
503,102,2024-07-17,token,True
504,1659,2026-01-22,token,True
504,1542,2023-09-09,login,True
505,1249,2025-11-12,login,False
505,1396,2023-06-16,login,True
505,702,2025-06-05,token,True
506,1445,2024-03-15,token,True
507,446,2024-08-18,token,True
508,1802,2025-11-12,login,True
509,640,2025-04-04,token,True
510,288,2024-06-15,token,True
511,1467,2023-04-30,login,True
512,1729,2026-02-17,token,True
512,1388,2024-03-03,login,True
513,1493,2025-12-16,login,True
513,402,2023-10-05,login,True
513,149,2026-01-20,token,True
514,130,2023-09-22,login,True
515,1120,2025-01-24,login,True
516,529,2025-11-25,login,True
516,1458,2025-04-23,login,True
516,1507,2024-08-16,login,False
517,1530,2026-01-17,token,True
517,1177,2025-08-22,login,True
518,1717,2024-02-17,login,False
519,304,2025-01-07,login,True
519,1074,2026-03-03,login,True
519,867,2025-11-29,login,True
520,1009,2025-07-03,login,False
520,283,2024-07-01,login,True
520,41,2026-03-24,token,True
521,244,2024-07-17,login,True
521,395,2023-09-21,token,True
521,1749,2026-01-25,token,True
522,666,2026-03-25,login,True
523,899,2025-01-12,token,True
523,1508,2025-05-13,login,True
524,261,2025-03-28,login,True
525,317,2025-10-17,token,True
525,1396,2026-02-17,login,True
526,1485,2024-02-10,token,True
526,949,2025-10-08,login,True
526,1748,2023-05-29,login,True
527,1801,2024-03-07,login,False
527,823,2024-01-18,login,True
528,648,2025-08-21,login,True
529,505,2025-08-23,login,True
530,26,2023-06-14,login,True
530,745,2023-07-26,login,True
530,749,2026-02-16,login,False
531,949,2024-09-13,login,True
531,1516,2026-02-06,token,True
531,266,2025-06-03,token,True
532,942,2025-04-04,token,True
533,898,2023-11-05,login,True
534,988,2024-12-07,login,True
534,803,2026-02-05,token,True
535,1583,2025-05-28,login,True
536,1921,2023-06-27,login,False
536,1984,2024-12-25,token,True
537,1968,2025-07-08,login,False
538,266,2025-07-31,token,True
538,1794,2025-02-02,login,True
539,753,2024-09-13,login,True
539,1391,2023-07-26,login,True
540,529,2026-02-14,login,True
540,460,2024-10-16,token,True
540,1033,2024-07-22,login,True
541,512,2025-08-17,token,True
541,895,2026-02-03,token,True
541,295,2024-10-20,login,False
542,1876,2026-01-09,login,True
542,70,2025-04-21,login,True
543,963,2024-01-07,login,True
543,1331,2023-06-02,login,True
544,817,2025-11-07,login,True
545,121,2025-06-28,login,True
545,751,2024-11-13,login,True
546,586,2024-10-04,login,True
546,1014,2025-03-01,login,True
547,494,2024-01-25,login,True
548,276,2024-08-19,login,True
549,937,2024-10-29,login,True
549,1464,2024-12-15,login,True
550,1586,2025-03-04,token,True
551,167,2025-08-19,token,True
552,1027,2025-03-09,token,True
552,1136,2024-07-06,login,True
553,63,2024-10-23,login,True
554,1663,2023-05-31,login,True
554,876,2024-06-20,login,True
555,1803,2023-08-22,token,True
556,1877,2025-10-01,login,True
556,1941,2024-11-14,login,True
556,452,2024-07-12,login,False
557,1804,2024-07-12,login,True
557,259,2023-10-15,token,True
557,557,2026-04-04,login,True
558,24,2024-03-31,login,True
558,18,2023-05-13,login,False
558,1629,2024-10-28,login,True
559,738,2023-10-28,login,True
559,40,2024-03-10,token,True
559,1610,2024-09-07,login,True
560,1742,2025-09-03,login,True
560,505,2024-12-09,token,True
561,1284,2025-12-30,login,True
562,176,2025-05-28,login,True
563,1064,2023-10-17,token,True
563,1434,2025-07-26,login,True
564,758,2023-10-26,login,True
564,324,2024-03-20,token,True
564,851,2024-03-26,token,True
565,988,2025-11-27,token,True
565,549,2025-11-16,token,True
566,801,2024-06-04,token,True
566,898,2024-07-02,token,True
566,141,2025-10-05,login,True
567,626,2025-01-21,login,True
568,753,2025-03-25,login,True
568,988,2024-05-05,login,True
569,1394,2025-04-03,login,False
570,647,2026-02-05,login,True
570,288,2023-11-01,login,True
571,228,2025-05-07,login,True
571,760,2024-02-01,token,True
571,1987,2024-08-10,token,True
572,378,2025-06-12,login,True
572,1668,2024-06-14,login,False
572,337,2024-06-01,token,True
573,1857,2025-02-23,login,True
573,183,2024-03-26,login,True
573,169,2026-03-11,login,True
574,1779,2024-09-29,login,True
574,1634,2026-04-21,token,True
574,672,2025-11-25,token,True
575,1445,2025-04-11,login,False
575,199,2025-01-30,login,True
575,64,2025-02-10,login,True
576,656,2025-06-25,token,True
577,840,2025-11-28,login,True
578,1821,2024-02-09,login,True
579,1881,2025-05-22,token,True
579,1925,2026-04-13,login,True
579,470,2023-12-18,login,True
580,1652,2024-02-18,login,True
580,1237,2026-02-23,login,True
580,1662,2023-10-18,token,True
581,1541,2026-04-06,login,False
582,619,2025-05-04,login,True
583,476,2024-01-27,token,True
584,759,2024-07-29,login,True
584,1055,2024-09-12,login,True
584,1836,2025-03-30,token,True
585,1971,2023-10-02,token,True
585,1641,2024-08-30,login,True
585,736,2024-01-07,login,True
586,56,2023-09-09,login,True
587,1036,2024-06-13,token,True
588,991,2024-11-15,login,True
589,642,2024-08-24,token,True
589,1842,2025-08-03,login,True
589,777,2025-09-10,login,True
590,1071,2024-09-04,login,True
590,749,2023-05-31,login,True
591,1389,2023-11-10,login,True
591,1654,2025-10-27,login,True
592,1478,2023-12-13,token,True
593,448,2023-09-01,token,True
593,1138,2025-03-11,login,False
594,797,2026-03-28,login,True
595,1935,2025-12-08,login,True
596,744,2024-01-09,login,True
596,1889,2023-12-21,token,True
596,1100,2025-11-14,login,True
597,102,2024-12-30,login,True
597,363,2023-11-02,token,True
598,576,2023-10-09,login,True
599,917,2023-08-06,login,True
599,1154,2025-01-03,login,True
599,119,2025-02-07,token,True
600,1771,2024-01-20,login,True
601,339,2024-08-29,login,True
601,868,2026-03-24,token,True
602,1721,2024-05-19,login,True
603,1617,2024-02-07,login,True
603,1836,2026-02-25,login,True
603,1621,2025-08-06,login,True
604,1098,2025-10-29,login,True
605,181,2024-10-01,login,True
606,1053,2025-12-20,login,True
606,805,2025-01-02,login,True
607,1233,2025-08-29,token,True
608,1230,2026-01-06,login,True
609,526,2025-01-09,login,True
610,778,2025-03-03,login,True
610,1791,2023-06-28,login,True
611,1418,2024-02-03,login,True
611,897,2025-05-16,login,True
612,672,2026-04-23,token,False
612,119,2026-02-05,token,True
612,1799,2024-06-28,login,True
613,1395,2023-10-28,login,True
613,1642,2024-11-03,token,True
613,1958,2025-03-25,token,True
614,371,2023-05-17,token,True
614,1281,2024-04-06,token,True
614,243,2025-12-22,login,True
615,841,2025-07-15,login,True
616,1672,2026-03-07,login,True
617,396,2024-03-28,token,True
617,1896,2025-12-22,login,True
617,302,2023-08-19,login,True
618,231,2024-07-22,token,True
619,1179,2024-10-30,login,True
619,1109,2023-07-11,login,True
620,25,2025-10-28,token,True
620,1221,2023-11-11,login,True
620,1226,2025-08-29,token,True
621,1338,2025-09-03,login,True
622,1833,2023-06-26,token,True
622,1697,2024-06-05,login,True
622,1556,2024-04-24,login,True
623,1531,2024-12-12,token,False
624,1623,2024-01-17,login,False
625,1010,2026-03-20,login,True
625,1439,2026-02-19,login,True
626,695,2026-03-26,login,True
627,1719,2023-06-09,token,True
627,451,2023-05-01,token,True
628,353,2023-10-11,token,True
629,1579,2023-11-22,login,True
629,1733,2024-02-13,login,True
629,718,2025-02-26,login,True
630,485,2024-01-30,token,True
631,557,2026-04-07,login,True
632,1228,2026-01-24,login,True
633,1987,2023-06-20,token,True
633,417,2024-04-20,token,True
633,993,2026-02-03,login,True
634,922,2024-01-22,token,True
634,29,2023-10-07,token,True
635,1946,2026-04-16,token,True
635,641,2025-05-26,login,True
635,1156,2024-05-14,login,True
636,299,2023-09-19,login,True
637,1520,2026-03-26,login,True
637,211,2023-05-21,token,True
638,1748,2025-10-01,login,True
638,1520,2023-10-17,login,True
639,856,2026-03-02,login,True
639,1403,2024-10-17,login,True
639,222,2023-07-09,login,True
640,248,2026-01-11,login,True
640,951,2026-01-02,token,True
641,879,2024-10-29,login,True
642,125,2024-04-27,login,True
642,1592,2025-08-17,login,True
642,1877,2024-06-25,login,True
643,1867,2025-08-04,login,True
643,390,2025-12-27,login,True
643,1701,2023-05-06,login,True
644,1452,2023-10-20,login,True
645,803,2024-08-29,login,True
645,815,2023-12-29,login,True
645,486,2023-10-08,login,True
646,876,2023-08-25,login,True
647,398,2025-12-07,token,True
647,1059,2024-02-05,token,True
647,1213,2024-05-25,token,True
648,1742,2024-07-08,token,False
649,255,2024-06-08,token,True
649,747,2023-06-23,token,True
649,173,2025-11-06,login,True
650,427,2024-09-18,token,True
651,964,2025-08-05,login,True
651,1505,2023-12-21,login,True
651,393,2025-05-23,login,True
652,839,2023-08-09,login,True
652,1898,2024-11-23,token,True
652,627,2026-04-24,login,True
653,1181,2024-03-27,login,True
653,387,2025-09-17,token,True
653,391,2024-03-02,login,True
654,833,2025-01-29,login,True
655,238,2025-04-21,login,True
655,198,2025-02-12,login,True
655,954,2025-12-19,login,True
656,1797,2025-03-28,login,True
656,754,2026-03-30,login,True
657,50,2024-01-19,login,True
658,553,2024-02-06,token,True
659,1094,2023-08-20,login,True
660,1070,2024-05-15,login,True
660,43,2025-11-17,login,True
661,837,2024-12-19,login,True
661,1691,2026-02-09,token,True
661,725,2023-05-08,login,True
662,1341,2026-04-09,login,True
662,765,2026-01-05,login,True
663,1238,2026-01-09,login,True
663,275,2024-02-10,login,True
663,1725,2023-10-09,login,False
664,1917,2024-09-25,login,True
665,1538,2025-10-24,token,True
666,1857,2023-11-29,login,True
667,1222,2024-01-28,login,True
667,639,2025-09-08,login,True
667,62,2024-01-31,login,True
668,157,2025-03-20,login,True
668,1716,2025-01-26,login,True
669,118,2024-08-27,token,True
669,202,2025-03-20,login,True
669,765,2024-11-18,login,False
670,84,2023-12-28,login,False
670,109,2024-01-10,login,True
671,825,2025-12-09,login,True
672,496,2023-07-12,token,True
672,1784,2026-04-20,token,True
672,1346,2024-10-14,login,True
673,798,2024-06-10,login,True
673,257,2024-04-17,login,True
673,209,2024-07-06,login,True
674,1360,2024-07-23,login,True
675,1240,2023-05-08,token,True
676,703,2024-05-12,token,True
677,1838,2024-12-09,login,True
677,1121,2025-10-26,login,True
678,1730,2023-09-24,token,True
679,1426,2025-05-07,token,True
680,138,2023-12-20,token,True
680,1479,2026-04-10,login,True
680,679,2024-03-03,login,True
681,1939,2025-08-29,login,True
681,525,2024-09-14,login,True
682,1751,2026-02-17,login,True
682,959,2025-03-31,login,True
683,427,2025-06-09,token,True
684,1017,2024-11-14,token,True
685,1827,2024-10-13,login,True
686,1390,2023-09-09,login,True
687,1139,2024-07-26,login,True
688,1453,2024-01-06,token,True
688,905,2024-07-05,login,True
688,1974,2025-03-05,login,True
689,1629,2025-11-08,login,True
689,1553,2023-08-02,login,False
689,151,2024-10-31,login,True
690,1889,2024-09-04,login,True
690,1485,2024-03-31,token,True
691,1462,2023-06-24,token,False
691,338,2025-12-11,login,True
691,414,2024-02-08,login,True
692,1498,2025-02-02,login,True
693,1468,2023-08-23,login,True
693,740,2026-03-28,token,False
694,1022,2024-04-13,token,True
694,1139,2026-01-17,login,False
695,1553,2025-05-17,token,True
695,243,2024-09-19,login,True
696,1856,2023-05-17,login,True
697,1455,2026-02-16,login,True
698,1555,2023-07-02,login,True
698,973,2024-09-03,login,True
699,1829,2025-12-11,login,True
699,681,2024-11-26,token,True
699,1460,2024-04-19,login,True
700,1449,2024-05-14,login,True
700,1700,2023-08-28,login,True
701,366,2024-06-21,login,True
701,1436,2024-09-21,login,True
701,1048,2026-01-01,login,True
702,525,2024-05-21,login,True
702,1789,2025-12-26,login,True
703,215,2025-11-09,token,True
703,984,2026-04-01,login,True
704,212,2025-10-21,login,False
704,89,2025-08-25,login,True
704,1843,2023-08-20,token,True
705,1930,2023-05-24,login,True
706,1759,2025-07-12,login,False
706,1001,2023-10-05,login,True
707,772,2024-06-12,login,False
708,480,2024-02-27,login,True
708,1900,2023-05-11,login,True
708,1369,2024-12-02,login,False
709,1250,2023-07-05,login,True
710,1870,2023-05-17,login,False
710,1359,2023-08-30,login,True
710,1588,2025-04-05,login,True
711,266,2024-11-22,login,True
711,1687,2023-11-04,token,True
712,707,2024-02-28,login,True
713,1450,2025-11-03,login,True
713,1741,2024-10-25,token,True
714,1635,2024-10-02,login,False
714,603,2025-01-01,login,True
714,1857,2026-02-12,token,True
715,695,2024-10-23,login,True
715,610,2024-01-22,login,True
716,1712,2026-02-23,login,True
716,911,2026-02-01,login,True
717,216,2025-04-23,login,True
718,1032,2024-02-08,login,True
718,44,2025-09-09,login,False
718,297,2024-04-15,login,True
719,1848,2026-02-07,token,True
719,1535,2023-10-20,login,True
719,433,2025-09-20,login,True
720,1295,2025-04-13,token,True
721,1234,2025-09-26,login,True
722,1572,2025-05-26,login,True
722,1695,2025-10-17,login,True
723,1828,2023-05-24,token,True
724,291,2025-06-09,login,False
725,1800,2025-05-24,login,True
726,1683,2026-04-13,login,True
727,1750,2026-01-22,login,True
727,1775,2025-04-16,login,True
727,1236,2025-06-06,token,False
728,479,2023-07-20,login,True
729,7,2023-07-11,login,True
730,1846,2024-05-01,login,True
730,655,2024-04-08,login,True
731,1689,2024-07-12,token,True
731,1589,2024-04-28,login,True
731,715,2024-07-03,token,False
732,76,2023-05-30,login,True
733,1268,2023-12-17,login,False
733,1064,2024-03-30,login,True
734,793,2026-02-05,token,True
734,1442,2026-04-28,token,True
734,1999,2025-01-06,login,True
735,299,2025-09-28,login,True
735,1255,2024-10-01,login,True
736,120,2024-07-05,login,True
736,192,2025-01-31,login,True
736,724,2024-09-29,login,True
737,1674,2024-11-08,login,True
737,1053,2025-10-03,login,False
737,514,2024-03-26,login,True
738,1545,2024-07-02,login,True
738,1460,2025-12-05,login,True
739,159,2025-11-29,login,True
740,963,2025-12-20,login,True
740,1266,2025-02-01,login,True
741,1608,2024-06-16,token,True
742,980,2024-11-15,login,True
743,1159,2025-03-04,token,True
744,1362,2023-10-17,login,True
744,180,2023-07-05,login,True
745,1211,2025-07-16,token,True
745,670,2024-06-25,login,False
746,853,2023-08-06,login,True
746,288,2025-06-06,login,True
747,372,2026-04-25,token,True
747,1188,2025-05-26,token,True
748,1353,2023-09-21,login,True
748,1498,2024-04-17,login,True
749,526,2023-07-01,login,True
749,433,2024-09-26,login,True
749,614,2023-12-09,login,True
750,1318,2026-02-26,login,True
751,283,2023-10-25,login,True
752,73,2023-09-19,token,True
752,1532,2026-01-22,login,True
753,1928,2025-03-02,login,True
753,1055,2025-05-05,login,True
754,957,2023-05-31,login,True
755,843,2024-07-02,token,True
756,1156,2026-04-02,token,False
756,365,2024-12-15,login,True
756,1368,2024-11-23,token,True
757,497,2024-07-17,login,False
758,1816,2026-03-31,login,True
759,297,2025-06-27,token,True
759,1116,2025-11-07,login,True
759,1902,2023-09-18,login,True
760,749,2024-09-28,login,True
761,1048,2023-07-04,token,True
761,1552,2024-06-21,login,True
762,856,2023-07-22,login,True
762,8,2023-05-13,login,True
762,1174,2024-04-22,login,True
763,865,2023-12-11,login,True
764,758,2026-04-07,login,True
765,1668,2023-06-19,login,True
766,169,2023-05-12,login,True
766,1958,2024-09-27,token,True
766,1445,2023-04-30,login,True
767,1265,2025-10-12,token,True
767,168,2025-05-03,token,True
768,112,2023-11-29,login,True
769,531,2024-08-30,login,True
770,1948,2024-06-18,token,True
770,131,2023-12-30,login,True
771,24,2026-02-17,token,True
772,840,2025-07-10,login,True
773,1709,2025-07-09,login,True
773,822,2025-08-18,login,True
774,489,2024-06-11,login,True
775,8,2023-08-15,token,True
776,1041,2025-09-19,token,True
776,558,2024-03-12,login,True
776,990,2024-01-18,login,True
777,2000,2025-04-28,token,True
778,1820,2024-10-14,login,False
779,1680,2024-12-14,login,True
780,1054,2024-11-18,login,True
781,1317,2023-05-23,login,True
781,97,2026-03-25,token,True
782,1639,2023-05-13,login,False
782,882,2026-03-06,token,True
783,1109,2024-07-20,login,True
783,267,2024-03-26,token,True
783,597,2024-05-19,login,True
784,1591,2024-11-22,login,True
785,511,2023-11-13,login,True
786,845,2024-06-04,login,True
787,683,2025-06-01,token,True
787,1855,2025-11-08,token,True
788,1501,2025-05-26,login,True
788,419,2024-11-23,login,True
788,1272,2024-12-24,login,True
789,296,2024-07-03,login,True
790,1382,2026-03-29,login,True
790,1294,2024-12-17,login,True
790,469,2024-06-10,login,False
791,615,2023-12-08,login,True
792,1772,2024-04-13,login,False
792,890,2026-03-20,token,True
792,1987,2023-09-24,login,True
793,1708,2024-05-23,login,False
793,1756,2025-04-23,login,True
794,368,2026-03-29,login,True
794,1378,2025-01-02,token,True
794,521,2026-03-07,login,True
795,1009,2023-08-14,login,True
796,299,2025-10-11,login,True
797,1126,2025-11-17,login,True
797,1551,2025-05-29,login,True
798,1086,2024-01-29,login,True
798,993,2025-04-13,token,True
798,593,2024-01-18,token,True
799,215,2023-06-24,token,True
800,112,2024-07-23,login,True
800,394,2026-04-12,login,True
801,1891,2024-12-08,login,False
801,1833,2024-04-23,login,True
802,750,2023-05-24,login,True
803,1183,2025-07-08,login,True
803,552,2025-03-04,login,True
803,1644,2024-06-02,login,True
804,60,2024-05-31,token,True
804,465,2025-07-30,token,True
804,151,2025-02-27,token,True
805,255,2024-06-15,login,True
806,615,2025-09-28,login,True
806,1135,2025-03-27,login,True
807,939,2024-08-12,login,True
807,1319,2024-01-28,login,False
808,1339,2025-08-06,login,True
808,237,2024-05-08,login,True
809,1925,2024-11-06,login,False
809,1873,2023-09-01,token,True
810,1454,2023-05-10,login,True
811,166,2025-03-25,login,True
811,1604,2024-10-22,login,True
811,999,2025-12-25,login,True
812,1597,2025-12-14,login,True
813,342,2024-10-24,token,True
813,272,2025-05-01,token,True
814,197,2025-05-22,login,True
814,76,2025-02-20,login,True
815,1508,2025-06-15,login,True
816,225,2024-03-05,login,True
816,339,2025-06-25,login,False
816,1771,2026-03-26,login,True
817,1101,2026-03-18,login,True
817,1034,2025-03-31,token,True
817,1693,2025-04-03,login,False
818,471,2024-01-12,token,True
819,320,2026-04-11,login,True
819,445,2023-05-24,login,True
819,92,2023-09-29,login,True
820,9,2023-05-21,login,True
820,1933,2026-02-06,login,True
821,1620,2023-07-31,login,True
821,659,2025-11-26,token,True
821,1702,2024-12-13,token,True
822,1741,2024-04-13,login,True
822,1735,2025-01-17,login,True
823,45,2024-10-02,login,True
823,1263,2025-02-16,login,True
823,1924,2023-09-15,token,True
824,1689,2025-05-17,login,True
825,1688,2024-08-20,token,True
826,1050,2025-08-13,login,True
826,1685,2025-05-17,login,True
827,1028,2024-03-29,login,True
827,1888,2024-11-07,login,True
828,1735,2025-06-25,login,True
829,1380,2026-01-20,login,True
829,1704,2025-06-02,login,True
829,770,2024-03-24,login,True
830,1324,2024-12-14,login,True
831,130,2024-06-22,login,True
831,1392,2024-12-29,login,True
831,1317,2024-08-01,login,True
832,383,2025-11-30,login,False
833,359,2026-02-28,login,True
833,648,2024-02-26,token,True
834,612,2023-06-18,login,True
834,683,2024-01-17,login,True
835,970,2025-12-17,login,False
836,331,2024-06-14,login,True
837,941,2023-07-25,login,True
837,459,2025-07-12,token,True
837,1379,2024-11-16,login,True
838,1825,2024-09-19,login,True
839,545,2024-02-11,token,True
839,1758,2023-05-22,token,True
839,698,2026-04-04,login,True
840,1572,2025-04-05,login,True
840,1370,2023-09-24,login,True
841,1778,2025-10-28,token,True
842,1519,2025-02-12,login,False
842,1516,2024-09-04,login,True
842,230,2025-10-12,login,True
843,1468,2025-05-14,login,True
844,1333,2025-11-28,login,True
845,49,2023-08-17,login,True
845,1856,2023-06-10,token,True
846,83,2025-11-01,login,True
846,1716,2025-03-05,token,True
846,1504,2024-07-10,login,True
847,1092,2026-04-12,token,True
847,6,2023-05-21,token,True
847,1890,2023-06-22,login,True
848,1990,2024-06-30,token,True
849,1423,2024-05-06,login,False
850,478,2025-10-25,login,True
850,1427,2026-04-29,login,True
850,998,2024-04-15,token,True
851,1801,2025-02-13,login,True
851,1236,2023-08-08,login,True
852,1007,2025-06-08,login,True
852,33,2024-08-20,token,False
853,1482,2025-05-29,login,True
854,860,2025-10-26,login,True
855,752,2024-12-03,login,True
856,1529,2024-03-15,login,True
856,1510,2026-03-28,token,True
856,565,2025-07-30,login,True
857,1451,2025-05-25,token,True
857,1920,2026-01-09,login,True
858,1662,2025-01-29,token,True
859,1348,2025-08-14,login,True
860,871,2025-11-10,token,True
860,1539,2024-03-18,login,True
861,546,2023-07-01,login,True
861,1259,2024-03-11,token,True
862,1711,2025-10-27,login,True
862,215,2024-04-03,login,True
863,1545,2024-02-06,token,True
864,588,2024-03-17,login,False
864,365,2024-10-09,token,True
864,1469,2026-02-25,login,True
865,283,2025-09-08,token,True
865,1983,2025-04-25,login,True
866,298,2023-07-17,login,False
866,1548,2024-08-26,login,True
867,621,2024-09-05,token,True
867,990,2025-12-06,login,True
867,1927,2024-10-28,login,True
868,1517,2023-12-01,token,True
869,36,2023-09-30,login,True
870,647,2023-12-09,login,True
870,244,2024-01-13,login,True
871,93,2024-12-09,login,True
871,1183,2025-03-16,login,True
871,1495,2024-03-16,login,True
872,1463,2024-06-16,login,True
872,1205,2024-01-07,login,True
873,420,2023-12-08,login,True
873,1884,2026-03-28,login,True
873,135,2026-03-01,login,True
874,683,2023-10-23,login,True
874,98,2023-09-26,login,True
874,329,2024-05-14,login,True
875,930,2024-07-19,login,True
876,687,2026-04-19,token,True
876,10,2024-03-12,login,True
876,851,2026-04-17,login,True
877,1578,2023-10-29,login,True
878,1844,2025-03-03,login,True
878,154,2026-03-17,login,True
879,1720,2026-04-17,token,True
880,397,2024-01-09,login,True
881,246,2025-11-11,login,True
881,1826,2025-07-08,token,False
882,1143,2023-12-13,login,True
882,169,2025-12-06,login,True
883,1450,2024-01-17,login,True
883,107,2025-08-25,token,True
884,1501,2023-11-10,login,True
884,223,2025-12-27,login,True
885,1620,2025-09-07,token,False
885,1970,2025-04-03,login,True
885,1482,2025-12-02,token,True
886,589,2025-11-17,login,True
887,1054,2024-02-12,token,True
887,1399,2024-06-27,login,True
888,863,2025-11-22,login,True
888,1865,2024-09-05,token,True
888,1892,2025-07-19,login,False
889,492,2024-06-20,login,True
890,718,2023-09-07,login,True
890,450,2024-06-17,login,True
890,290,2023-09-25,login,True
891,999,2024-04-24,login,True
891,387,2023-09-09,login,True
892,850,2025-10-24,login,True
892,1169,2025-12-11,token,True
893,1260,2025-04-11,token,True
894,1644,2025-10-20,login,True
894,1667,2025-05-19,login,True
895,653,2024-08-24,token,True
896,744,2024-10-20,login,True
896,386,2024-03-12,token,True
896,880,2024-10-18,login,True
897,632,2024-08-10,login,True
897,1567,2023-08-24,login,True
897,1364,2026-04-18,login,True
898,1337,2023-05-27,login,True
898,783,2024-12-15,login,True
898,998,2025-09-19,login,True
899,502,2024-10-31,login,True
899,1390,2023-10-02,login,True
900,738,2024-02-24,token,True
900,1628,2025-10-28,login,False
901,537,2024-12-09,login,True
901,1902,2025-12-10,token,False
902,103,2023-06-02,login,True
902,559,2025-07-14,token,True
902,981,2024-11-02,token,True
903,110,2023-06-07,login,True
903,876,2024-06-19,token,True
903,791,2024-10-01,login,False
904,1569,2025-06-23,token,True
905,871,2025-05-15,login,True
905,556,2023-06-25,login,True
905,405,2024-07-31,token,True
906,1733,2024-09-17,login,True
906,1926,2023-09-06,token,True
906,213,2023-07-11,login,True
907,404,2023-05-21,login,True
907,582,2023-12-19,login,True
907,1027,2026-02-22,login,True
908,86,2024-04-23,login,True
908,1105,2024-09-16,token,True
909,1956,2024-03-19,login,True
909,1470,2025-12-05,login,True
910,448,2025-07-05,login,True
910,583,2024-05-11,token,True
910,1453,2025-04-19,login,True
911,1179,2023-08-05,token,True
912,973,2024-01-05,login,True
912,1728,2024-05-04,token,True
912,207,2023-06-23,login,True
913,1167,2026-03-29,token,True
913,138,2025-07-27,login,True
913,1300,2024-02-16,login,True
914,1938,2025-05-27,login,True
914,1480,2024-11-09,login,True
914,1207,2023-12-18,token,True
915,235,2026-01-17,token,True
915,267,2024-03-29,login,True
916,528,2025-09-30,login,True
917,561,2024-04-24,token,True
917,1434,2023-08-03,login,True
918,1370,2025-03-20,login,True
918,946,2023-08-10,login,True
919,1156,2025-11-24,token,True
919,217,2024-02-27,login,True
920,1122,2023-06-14,login,True
921,1190,2023-12-10,token,True
921,901,2024-04-02,login,True
921,732,2025-10-10,token,True
922,1408,2025-11-06,login,True
923,174,2024-01-18,token,True
923,82,2025-06-01,token,True
923,101,2025-05-08,login,True
924,173,2023-08-12,token,True
925,467,2024-03-27,token,True
925,1354,2024-01-04,login,True
925,998,2023-06-28,login,True
926,1107,2024-05-19,login,True
926,1076,2026-01-16,token,True
926,1176,2026-04-22,token,True
927,1290,2025-03-09,token,False
927,1291,2026-03-06,token,True
928,1162,2026-04-07,login,False
928,1725,2023-07-03,token,True
929,1508,2025-01-17,login,True
929,1650,2023-08-05,login,True
929,297,2025-03-16,token,True
930,1236,2024-03-21,token,True
931,1096,2024-03-26,token,True
931,1488,2025-01-29,token,True
932,1148,2024-11-17,login,True
933,1809,2024-07-27,login,True
933,1811,2025-08-04,token,True
934,1974,2025-06-27,login,True
934,750,2025-05-04,token,True
934,1415,2024-09-19,token,True
935,1772,2023-10-08,login,True
936,1669,2025-11-10,login,True
937,1261,2024-09-16,token,False
937,1346,2024-01-15,login,True
937,258,2024-04-30,login,False
938,1657,2023-07-11,login,True
938,1232,2024-07-07,token,True
939,1093,2025-02-16,login,True
940,1072,2023-06-25,token,True
940,1681,2025-11-14,login,True
941,1531,2023-12-15,login,True
942,870,2023-08-25,login,True
943,259,2024-10-31,token,True
943,630,2025-10-10,login,True
943,2,2026-02-14,login,True
944,1417,2025-06-17,token,False
945,215,2026-01-21,login,True
945,1447,2025-03-27,login,True
946,1105,2025-01-12,login,True
946,598,2024-06-12,token,True
946,176,2024-06-11,login,True
947,1877,2025-01-09,token,True
947,447,2025-07-28,token,True
947,697,2025-01-20,login,True
948,483,2026-01-09,login,True
948,1210,2024-09-05,token,True
949,1351,2024-07-01,login,True
950,1219,2023-09-16,login,True
950,1172,2023-10-19,token,True
950,1456,2025-08-22,login,True
951,302,2023-05-30,token,True
951,1585,2024-10-24,token,True
952,1128,2024-06-15,login,True
952,1754,2024-05-30,login,True
953,811,2024-11-10,login,True
953,587,2024-01-08,token,True
953,1533,2023-06-12,login,True
954,574,2025-11-30,login,False
954,259,2023-08-27,login,True
955,346,2024-10-27,login,True
956,209,2024-12-12,login,True
956,1171,2023-07-31,login,True
956,531,2023-06-16,login,True
957,1260,2023-06-28,token,True
957,150,2024-03-02,token,True
957,386,2026-03-14,token,True
958,1451,2025-09-20,login,True
958,1615,2024-05-17,token,True
959,1593,2023-12-24,login,True
960,287,2023-08-14,login,True
961,732,2024-10-03,token,True
962,130,2024-01-11,login,False
962,561,2023-07-26,login,True
963,1192,2024-05-30,login,True
963,1981,2025-09-14,token,True
963,563,2024-01-07,token,True
964,1835,2024-02-08,login,True
965,532,2024-11-16,login,True
965,667,2024-03-21,login,True
966,481,2025-10-19,token,True
966,1152,2026-02-12,login,True
967,1767,2024-01-26,login,True
967,1235,2025-08-14,login,True
967,20,2025-04-07,login,True
968,1821,2025-04-19,token,True
969,1639,2024-06-11,login,False
970,333,2025-06-02,login,True
971,1636,2024-11-11,token,True
971,910,2023-06-11,login,True
972,1070,2024-03-18,login,True
972,506,2026-01-17,login,True
972,849,2023-05-21,login,False
973,166,2024-02-06,login,True
974,1371,2024-05-26,login,True
975,1890,2026-04-10,token,True
975,1565,2025-03-08,login,True
976,1646,2023-12-01,login,True
976,135,2024-11-15,token,True
977,1003,2023-10-29,login,True
977,382,2024-06-17,login,True
978,635,2025-11-11,token,True
978,1406,2025-06-04,token,True
979,905,2023-11-10,login,True
980,382,2025-07-29,token,True
980,1052,2025-03-23,login,False
980,290,2023-12-19,login,True
981,631,2025-09-16,login,False
982,1616,2023-09-05,login,False
983,656,2023-07-18,login,False
983,411,2024-09-09,token,True
984,1998,2025-05-02,login,True
984,793,2023-10-23,login,True
985,739,2026-03-14,login,False
986,1855,2025-07-21,login,True
987,1352,2026-03-08,login,True
987,290,2024-12-12,login,True
987,1221,2023-11-13,login,True
988,35,2024-12-10,login,True
988,1482,2023-12-27,token,True
988,494,2026-02-08,login,True
989,1407,2025-05-24,token,True
990,953,2025-03-27,login,True
991,549,2025-01-12,login,True
991,1743,2024-06-20,token,True
991,934,2023-08-16,login,True
992,1564,2025-06-03,login,True
993,563,2023-09-01,login,True
993,1495,2023-08-16,login,False
993,1679,2025-08-25,token,True
994,1372,2023-12-11,login,False
994,194,2025-02-25,login,True
994,465,2025-07-07,token,True
995,43,2024-03-09,login,True
995,1329,2024-10-13,login,True
996,1365,2025-08-13,login,True
997,1738,2025-10-24,token,True
997,335,2024-06-12,login,True
998,1536,2025-08-26,token,True
999,969,2023-11-19,login,True
999,177,2024-03-09,login,True
999,724,2024-03-15,token,True
1000,328,2024-05-17,login,True
1000,1470,2023-09-22,token,True
1001,806,2024-11-14,token,True
1001,147,2024-08-21,token,True
1001,31,2025-12-15,token,True
1002,441,2025-12-22,token,True
1003,1146,2023-12-17,login,True
1004,200,2025-05-16,token,True
1004,310,2025-03-26,login,True
1004,386,2024-04-05,login,True
1005,262,2023-12-11,token,True
1005,1594,2024-08-07,login,True
1006,1653,2023-08-30,token,False
1006,623,2025-01-17,token,True
1007,231,2024-09-05,login,True
1007,374,2025-04-25,login,True
1007,56,2024-10-23,login,True
1008,729,2024-12-09,login,True
1009,160,2024-02-18,token,True
1009,425,2024-10-15,login,True
1010,247,2025-11-21,token,True
1010,793,2025-11-08,login,True
1010,471,2023-10-09,token,False
1011,1682,2024-02-15,token,True
1011,539,2024-12-29,login,True
1012,438,2025-11-09,login,True
1012,911,2025-06-19,login,True
1013,1550,2023-12-06,login,True
1013,755,2026-02-04,login,True
1013,216,2025-03-25,token,True
1014,1057,2024-03-02,login,True
1014,441,2024-06-28,login,True
1014,1628,2024-09-26,login,True
1015,296,2023-09-19,login,True
1016,1296,2024-09-05,login,True
1017,1885,2024-12-10,token,True
1018,912,2025-10-06,login,True
1018,443,2023-10-09,login,True
1019,1522,2025-11-05,login,True
1020,1723,2024-07-18,login,True
1020,1019,2024-03-14,login,True
1021,552,2026-01-06,login,True
1021,261,2025-01-30,token,True
1022,738,2026-03-09,token,True
1023,625,2023-09-26,login,True
1023,1024,2026-03-01,token,True
1024,1602,2024-01-16,login,True
1025,117,2025-06-04,token,True
1026,1455,2023-10-11,token,True
1026,1255,2026-04-15,token,False
1027,691,2025-07-22,login,True
1028,1672,2025-06-05,login,True
1028,153,2025-09-13,login,True
1029,989,2025-01-12,token,True
1029,394,2024-02-14,token,True
1030,1981,2026-01-14,login,True
1030,992,2025-12-25,login,True
1031,223,2024-01-10,login,True
1031,168,2024-03-17,login,True
1031,485,2024-04-15,token,True
1032,271,2025-09-01,login,True
1032,288,2024-09-18,login,True
1033,1578,2025-05-23,login,True
1033,1177,2026-02-18,login,True
1034,827,2024-10-30,login,True
1034,1182,2023-12-31,login,True
1034,1147,2024-04-03,token,True
1035,1487,2026-02-14,login,True
1036,43,2023-09-09,login,True
1037,943,2025-10-29,token,True
1038,964,2024-06-18,login,True
1038,1565,2023-07-01,login,True
1039,901,2023-07-06,login,True
1040,711,2025-04-17,login,True
1041,927,2025-09-25,token,True
1042,859,2024-05-06,login,True
1043,1172,2023-10-24,login,True
1043,813,2024-09-16,token,True
1043,821,2025-02-25,token,True
1044,1921,2024-02-24,login,True
1044,1869,2026-04-02,login,True
1045,635,2024-10-31,login,True
1045,811,2024-09-24,login,True
1046,457,2024-04-21,login,True
1047,234,2025-12-24,login,True
1048,412,2023-05-14,login,True
1049,1878,2024-10-29,login,False
1049,1142,2026-01-13,login,True
1049,1332,2023-12-21,token,True
1050,416,2026-03-05,login,True
1050,1714,2024-06-23,login,True
1050,147,2026-01-24,login,True
1051,1047,2024-02-27,login,True
1051,719,2026-02-09,login,True
1052,747,2023-05-11,token,True
1053,255,2023-10-02,login,False
1053,341,2026-02-12,token,True
1053,1412,2025-06-01,token,True
1054,684,2025-05-03,login,True
1054,292,2023-12-10,login,True
1054,862,2025-08-20,login,True
1055,1129,2023-06-27,login,True
1055,1779,2026-02-20,login,True
1056,13,2024-06-25,token,True
1056,1623,2023-05-06,login,True
1057,244,2025-09-07,login,True
1057,742,2023-10-16,token,True
1057,1849,2025-09-22,login,True
1058,158,2024-06-16,token,True
1058,98,2024-09-12,login,True
1058,312,2023-06-20,login,True
1059,182,2024-03-25,login,True
1060,288,2024-03-18,login,True
1061,449,2024-11-06,login,True
1061,670,2024-05-27,token,True
1061,61,2025-10-09,token,True
1062,1476,2024-02-13,token,True
1063,140,2024-12-24,login,True
1063,908,2025-06-11,login,True
1063,1060,2023-09-11,login,True
1064,819,2023-08-01,token,False
1064,1422,2023-11-18,login,True
1065,1688,2024-12-06,login,True
1065,1952,2025-02-27,token,True
1066,596,2024-05-01,token,True
1067,1934,2023-07-25,login,False
1067,517,2023-08-08,login,True
1067,239,2023-09-29,login,True
1068,1948,2023-08-02,token,True
1069,1102,2025-04-28,login,True
1070,1132,2025-03-26,token,True
1070,470,2025-01-18,token,True
1070,868,2024-03-09,login,True
1071,1268,2025-07-11,login,True
1071,855,2024-02-11,token,True
1071,1604,2024-10-12,login,True
1072,692,2024-12-29,login,True
1072,948,2025-12-12,login,True
1073,1453,2024-07-25,login,True
1073,1873,2026-03-14,login,True
1074,1674,2023-11-21,login,True
1074,267,2023-08-25,login,False
1074,1328,2023-08-18,token,True
1075,1825,2026-04-25,login,True
1075,1032,2023-12-30,token,True
1075,1156,2026-01-15,login,True
1076,1088,2023-12-27,login,True
1076,26,2024-05-25,login,True
1077,1330,2024-03-06,login,True
1077,1664,2024-08-23,token,True
1077,1962,2026-02-14,login,True
1078,265,2023-10-22,login,True
1078,578,2023-05-20,login,True
1079,842,2025-03-19,login,True
1080,636,2024-06-07,login,True
1080,169,2024-09-01,login,True
1081,1012,2023-06-09,token,True
1081,1403,2024-06-03,login,True
1082,192,2026-01-23,login,True
1083,1993,2023-10-13,login,True
1083,1069,2025-01-23,login,True
1083,1318,2025-03-27,token,True
1084,1410,2024-12-22,token,False
1085,1394,2024-12-02,login,True
1085,1652,2024-03-17,token,True
1086,661,2026-01-29,login,True
1087,1055,2025-11-01,login,True
1087,732,2024-04-22,login,True
1088,1312,2024-07-11,token,True
1088,366,2025-02-03,login,True
1088,1128,2024-05-26,login,True
1089,1241,2025-04-13,login,True
1090,1861,2024-06-17,login,True
1091,653,2023-05-15,token,True
1091,363,2024-01-28,login,True
1091,783,2024-03-08,login,False
1092,409,2026-03-02,token,True
1093,1070,2025-03-27,token,True
1094,1127,2023-10-29,login,True
1095,622,2024-07-17,login,True
1095,476,2026-01-12,login,True
1095,463,2025-03-30,login,True
1096,393,2024-10-08,token,True
1096,927,2024-08-13,token,True
1097,1127,2023-08-30,login,True
1097,471,2024-11-03,login,True
1097,1836,2025-06-05,login,True
1098,1719,2024-08-31,token,True
1098,107,2024-06-13,token,False
1099,1961,2026-04-18,token,True
1100,668,2025-03-07,login,True
1100,72,2026-04-04,login,True
1100,522,2025-11-01,token,True
1101,1947,2025-04-18,login,True
1101,554,2023-07-26,login,True
1101,1050,2023-07-09,login,True
1102,968,2023-07-11,token,True
1102,1167,2024-01-29,login,True
1103,145,2023-10-27,login,False
1103,1639,2026-01-21,token,True
1103,24,2024-09-22,login,True
1104,1803,2024-12-05,login,True
1105,1625,2025-04-28,login,True
1105,1452,2025-02-27,login,True
1106,1578,2025-09-11,token,True
1106,1265,2024-06-05,login,True
1107,444,2025-12-02,token,True
1107,492,2024-03-28,login,True
1107,1153,2024-05-09,login,True
1108,787,2023-06-12,token,True
1108,552,2025-05-05,login,True
1109,824,2024-07-21,login,True
1110,45,2023-07-01,login,True
1110,654,2023-10-16,login,True
1110,1325,2026-02-12,token,True
1111,189,2023-06-19,login,False
1112,1069,2025-05-04,login,False
1112,1331,2024-09-05,token,True
1113,403,2024-07-03,login,True
1113,541,2024-12-02,login,True
1114,1963,2023-07-24,login,True
1115,1311,2025-07-18,login,True
1115,1195,2026-03-04,login,True
1115,1994,2024-12-28,login,True
1116,758,2024-08-24,token,True
1116,1551,2024-10-26,login,True
1117,560,2024-01-03,login,True
1117,990,2026-04-19,login,True
1117,1723,2024-11-08,login,True
1118,1821,2025-11-08,login,True
1118,1696,2023-12-30,login,True
1119,883,2026-03-04,token,True
1119,1992,2024-10-27,login,True
1120,737,2024-08-27,login,True
1121,1859,2024-07-27,login,True
1121,818,2024-04-05,login,True
1122,410,2024-07-18,login,True
1122,265,2025-03-05,token,True
1122,1744,2023-07-29,token,True
1123,1003,2026-04-12,login,True
1123,908,2025-03-23,token,False
1124,430,2023-09-16,login,True
1124,1784,2025-12-13,login,False
1125,746,2024-01-24,login,True
1126,30,2024-09-17,token,True
1126,64,2026-02-10,login,True
1127,980,2026-03-29,login,True
1127,229,2024-04-28,token,True
1128,346,2023-12-26,token,False
1128,1765,2025-10-14,login,True
1128,939,2025-01-05,token,True
1129,466,2023-09-04,login,True
1130,949,2025-09-03,login,True
1131,1220,2023-05-04,login,True
1131,1470,2025-01-11,login,True
1132,666,2024-04-30,login,True
1133,1897,2024-09-02,login,True
1133,805,2024-02-12,login,True
1133,570,2023-07-26,login,True
1134,29,2025-08-24,login,False
1135,1091,2024-08-11,login,True
1135,255,2025-07-16,login,True
1136,802,2025-11-16,token,True
1137,1706,2026-03-16,login,True
1138,1439,2025-02-22,login,True
1138,1149,2024-05-09,login,True
1139,1345,2023-12-10,login,True
1139,519,2025-10-29,login,True
1139,1835,2025-04-27,login,True
1140,1165,2024-12-07,login,False
1140,999,2023-06-18,token,True
1141,1252,2024-12-13,login,True
1142,947,2024-01-18,token,False
1143,1389,2023-06-04,token,True
1144,151,2025-06-30,login,True
1144,458,2024-08-14,login,True
1144,1647,2025-04-24,token,True
1145,1598,2026-03-07,login,True
1145,254,2024-05-25,login,False
1145,648,2024-12-23,login,True
1146,1357,2024-02-22,login,False
1146,283,2026-02-13,login,True
1147,802,2025-06-28,login,True
1148,1525,2024-05-26,token,True
1148,210,2025-06-08,login,True
1149,96,2024-04-18,token,True
1149,1093,2025-02-12,login,True
1150,1125,2025-01-28,login,True
1150,332,2025-02-22,login,True
1151,1929,2025-10-05,token,False
1151,1228,2025-09-29,login,True
1152,192,2024-09-22,token,True
1152,1008,2025-08-17,login,True
1153,833,2025-10-31,token,True
1154,47,2026-02-08,token,True
1154,1392,2025-02-16,login,True
1154,1927,2025-08-22,login,False
1155,1415,2025-12-04,token,True
1155,862,2025-05-30,login,True
1155,606,2023-05-18,token,True
1156,44,2023-05-11,login,True
1156,1817,2025-06-27,login,True
1157,820,2025-02-07,login,True
1157,306,2024-04-10,login,True
1157,929,2025-01-20,login,True
1158,956,2023-12-21,login,True
1159,1478,2023-11-15,login,True
1160,1915,2024-10-20,login,True
1160,1149,2025-05-17,login,True
1160,713,2026-01-23,login,True
1161,1029,2025-09-18,login,True
1161,1719,2026-01-15,login,True
1161,889,2024-12-28,login,True
1162,26,2026-04-12,login,True
1163,1631,2023-12-25,token,True
1164,1947,2024-02-28,token,True
1164,636,2026-01-24,login,True
1164,569,2024-11-12,login,True
1165,1760,2025-12-28,login,True
1166,335,2023-11-24,login,True
1166,873,2025-11-14,login,True
1167,1353,2024-09-27,token,True
1168,1291,2025-10-18,login,True
1168,474,2023-04-30,token,True
1168,101,2024-05-28,token,True
1169,1405,2026-01-18,login,False
1170,226,2023-12-06,login,True
1170,1236,2024-06-15,login,True
1171,337,2023-05-03,login,True
1172,1358,2025-02-25,token,False
1173,1693,2023-08-04,login,True
1173,1,2025-01-10,token,True
1174,631,2023-08-31,login,True
1174,33,2025-12-28,login,True
1175,388,2026-02-10,login,True
1175,492,2024-03-26,login,True
1175,1095,2023-07-03,login,True
1176,945,2023-12-25,login,True
1176,1578,2026-01-02,login,True
1176,999,2025-09-15,login,False
1177,140,2024-05-15,login,True
1178,1959,2026-03-02,login,True
1178,1514,2025-03-06,login,True
1179,46,2024-04-27,login,True
1179,1374,2025-03-30,login,True
1180,963,2023-12-17,login,True
1181,1427,2023-09-29,login,True
1181,25,2024-09-19,login,True
1181,911,2026-04-08,login,True
1182,1676,2023-11-21,login,True
1183,1959,2023-10-16,login,True
1184,962,2024-04-16,token,True
1184,1924,2024-04-20,token,True
1185,172,2026-04-10,login,True
1185,768,2024-12-02,login,True
1186,1907,2025-01-23,token,True
1187,350,2024-02-07,login,True
1187,288,2026-04-09,login,True
1187,868,2023-05-06,login,True
1188,1185,2025-06-11,login,False
1188,1999,2025-03-31,login,True
1188,30,2024-03-14,token,True
1189,265,2023-05-09,login,True
1190,437,2025-03-26,login,True
1191,1304,2023-12-12,login,True
1191,830,2025-04-24,token,True
1191,74,2024-11-12,token,True
1192,854,2024-05-13,login,True
1192,1467,2024-07-21,token,True
1193,1923,2023-11-03,login,True
1193,406,2024-02-16,token,True
1193,1404,2025-03-05,login,True
1194,622,2024-10-08,login,True
1195,1748,2024-05-19,login,False
1196,202,2024-06-10,login,True
1197,68,2023-06-11,login,True
1197,1440,2024-09-16,login,True
1197,625,2025-07-11,token,True
1198,1006,2025-07-27,login,True
1198,1406,2024-12-26,login,False
1199,1312,2026-03-03,token,True
1199,284,2025-04-18,login,True
1199,1640,2025-12-01,login,False
1200,550,2026-04-20,login,True
1200,915,2024-05-23,login,True
1201,615,2023-10-19,login,True
1201,1061,2025-03-23,login,True
1202,1383,2024-10-31,login,True
1203,1848,2025-01-28,login,True
1203,691,2024-12-06,login,True
1204,299,2026-03-26,login,True
1204,1199,2023-10-04,login,True
1204,1229,2025-03-26,login,False
1205,1070,2025-10-24,login,False
1205,421,2025-12-01,login,True
1206,1205,2024-02-11,login,True
1206,1306,2024-09-17,login,True
1206,84,2025-10-25,token,True
1207,456,2025-08-19,login,True
1207,1638,2024-09-08,login,True
1208,1869,2023-08-12,token,True
1209,8,2024-03-03,login,True
1210,320,2023-08-20,login,True
1211,1231,2024-02-09,token,True
1211,1212,2023-08-12,login,True
1212,1180,2024-07-19,login,True
1212,484,2026-02-10,token,True
1213,628,2026-03-22,login,True
1214,60,2023-09-26,login,True
1214,833,2025-07-22,login,True
1214,1534,2024-11-04,login,True
1215,1350,2024-07-14,token,False
1215,1730,2025-03-31,login,True
1216,819,2025-02-02,login,True
1217,312,2025-05-15,token,True
1217,736,2025-11-28,login,True
1217,1205,2023-11-03,login,True
1218,1612,2026-02-01,token,True
1219,958,2024-02-25,login,True
1219,43,2025-03-15,login,True
1219,625,2024-10-05,login,True
1220,186,2023-06-25,token,True
1220,908,2025-04-21,login,True
1220,146,2025-12-16,login,True
1221,1690,2024-04-23,login,False
1221,1798,2024-05-20,token,True
1221,1469,2025-11-16,login,True
1222,1669,2024-09-05,login,True
1222,599,2026-04-28,login,True
1222,862,2024-08-26,login,True
1223,642,2025-08-04,login,True
1224,1976,2026-02-20,token,True
1225,1451,2024-09-14,token,True
1225,88,2024-07-09,login,True
1226,720,2023-10-25,token,True
1227,699,2025-12-31,token,True
1227,1674,2024-07-23,token,True
1227,1096,2025-09-08,login,True
1228,1237,2025-10-27,login,True
1228,802,2024-05-14,token,True
1229,740,2024-02-27,token,True
1229,1245,2023-07-30,login,True
1230,1114,2025-11-17,login,False
1230,505,2024-02-08,login,True
1230,398,2024-05-05,token,True
1231,74,2023-08-26,login,True
1232,944,2023-12-14,login,True
1233,111,2026-03-31,login,True
1234,1249,2025-03-16,login,True
1234,134,2026-02-28,login,True
1234,549,2025-04-22,login,True
1235,1486,2025-01-09,login,True
1235,1765,2025-07-26,login,True
1235,316,2023-05-19,login,False
1236,373,2024-02-19,login,True
1236,790,2023-06-25,login,True
1236,458,2024-12-25,login,True
1237,170,2025-05-15,login,True
1237,465,2026-01-13,login,True
1238,164,2026-01-30,token,True
1239,419,2025-05-07,login,True
1240,323,2025-05-20,login,True
1241,1204,2024-06-27,login,True
1242,1886,2024-10-10,token,True
1242,1949,2023-10-11,login,True
1242,1642,2024-03-24,token,True
1243,1924,2026-02-01,login,True
1244,1460,2023-12-03,token,True
1244,361,2025-12-21,token,True
1245,799,2024-12-08,token,False
1246,842,2023-10-13,login,True
1247,1294,2024-02-10,token,True
1247,1065,2025-06-29,login,True
1247,1810,2026-01-16,login,True
1248,1134,2023-10-20,login,True
1249,1461,2024-12-08,login,True
1250,1636,2024-02-20,login,True
1250,1461,2024-11-14,token,True
1251,35,2025-03-25,token,True
1251,1658,2023-09-16,login,True
1252,399,2024-02-16,login,False
1252,1592,2023-09-16,token,True
1253,1049,2026-02-24,login,False
1254,1557,2023-12-21,login,True
1254,1762,2025-07-28,login,True
1255,37,2024-10-20,token,True
1255,1288,2026-01-18,token,True
1255,1828,2024-12-26,login,True
1256,685,2025-07-01,token,True
1257,227,2024-06-07,login,True
1257,58,2024-06-28,login,True
1258,257,2023-11-02,login,True
1259,1335,2023-10-23,token,True
1260,922,2025-02-01,login,True
1261,150,2023-10-22,login,True
1261,332,2025-07-18,login,True
1262,517,2024-02-29,token,True
1262,1894,2025-10-01,token,True
1263,1559,2025-04-28,login,True
1263,622,2026-01-10,login,True
1263,1337,2026-01-10,login,True
1264,1923,2023-12-29,login,True
1265,637,2025-07-15,token,True
1265,27,2026-02-13,login,True
1265,1578,2023-05-10,login,True
1266,1049,2026-01-19,login,True
1266,195,2024-05-24,login,False
1267,504,2025-04-27,login,True
1268,840,2025-11-28,login,True
1269,380,2024-04-27,login,True
1269,484,2025-01-23,login,True
1270,1854,2024-06-29,login,True
1271,1844,2025-01-25,login,True
1271,1752,2025-07-15,login,False
1272,725,2023-05-02,login,False
1272,651,2024-08-06,login,True
1272,552,2026-03-30,login,True
1273,375,2023-07-14,login,True
1274,545,2024-11-04,login,True
1274,1330,2025-01-07,login,True
1274,1301,2024-04-16,login,True
1275,1292,2025-08-24,login,True
1276,1183,2024-11-02,token,True
1276,1452,2025-10-17,token,True
1276,1166,2023-08-26,token,True
1277,1942,2025-09-26,login,True
1277,1717,2025-09-15,login,True
1278,1775,2024-12-25,login,True
1278,1230,2023-11-10,token,True
1279,616,2026-02-07,login,True
1279,143,2023-12-03,login,True
1280,566,2025-08-05,login,True
1281,1033,2024-05-17,token,True
1281,1183,2024-08-12,login,True
1281,332,2023-10-29,login,True
1282,920,2024-01-11,login,True
1282,483,2023-05-26,login,True
1283,523,2023-05-20,token,True
1283,976,2026-03-16,login,True
1283,836,2025-05-15,login,False
1284,828,2024-11-10,token,True
1284,257,2024-02-06,login,True
1284,9,2026-03-07,login,True
1285,1633,2024-07-24,token,True
1285,1603,2023-10-29,login,True
1286,904,2026-02-06,login,True
1286,565,2024-08-13,token,True
1286,158,2023-10-23,login,True
1287,1648,2025-08-31,token,False
1287,1489,2024-10-02,login,True
1287,1702,2023-08-21,login,False
1288,148,2023-06-23,login,True
1288,47,2023-09-22,token,True
1289,143,2024-08-23,login,True
1289,1464,2025-06-18,login,True
1289,981,2024-07-23,token,True
1290,967,2024-01-03,login,True
1290,54,2024-11-26,login,True
1290,177,2024-11-13,login,True
1291,942,2023-12-13,login,True
1291,78,2025-01-27,login,True
1292,1991,2024-02-13,login,True
1293,1366,2024-08-25,token,True
1294,596,2024-02-07,login,True
1295,111,2023-09-04,token,False
1295,101,2025-04-27,token,True
1295,1089,2023-08-05,login,True
1296,1320,2024-03-23,token,True
1296,427,2025-07-07,login,True
1297,727,2023-12-22,login,False
1297,1657,2024-12-17,token,True
1297,497,2025-08-07,login,True
1298,281,2024-10-20,login,True
1298,991,2024-07-04,token,True
1299,1840,2024-01-15,login,True
1300,1998,2025-12-04,token,True
1301,529,2024-04-23,login,True
1301,190,2024-10-05,login,True
1302,1660,2024-01-13,login,True
1303,116,2024-10-08,token,True
1304,113,2026-04-21,login,True
1305,845,2025-12-11,token,False
1306,311,2026-01-11,login,True
1307,202,2024-06-26,login,True
1308,1945,2024-02-25,login,True
1308,1013,2024-08-05,token,True
1308,1839,2023-11-13,token,True
1309,841,2024-08-01,login,True
1310,999,2026-03-14,login,True
1310,51,2025-04-11,login,True
1310,850,2024-04-14,login,True
1311,1277,2025-02-23,token,True
1311,1929,2024-01-15,login,True
1311,1646,2024-07-16,login,True
1312,1031,2024-09-27,login,True
1312,107,2025-04-17,login,True
1313,183,2024-02-21,login,True
1314,1705,2025-08-16,login,True
1314,30,2023-09-17,login,True
1314,1379,2026-03-04,login,True
1315,1505,2025-08-31,login,True
1316,845,2024-03-04,login,True
1317,1872,2026-01-24,login,True
1318,890,2025-06-04,token,False
1319,83,2026-02-20,token,True
1319,788,2023-08-19,login,True
1319,645,2026-03-21,login,True
1320,818,2023-09-01,login,True
1321,1733,2024-08-10,token,True
1321,540,2025-06-30,login,True
1322,613,2025-02-10,login,True
1322,325,2023-12-05,login,True
1322,307,2024-06-27,login,True
1323,890,2025-02-26,token,True
1324,340,2025-07-13,login,True
1325,619,2026-04-15,login,True
1326,408,2025-01-15,token,True
1326,1361,2026-02-08,login,True
1326,85,2024-11-07,login,True
1327,1072,2023-12-03,token,True
1328,264,2025-07-01,token,True
1329,186,2024-08-24,login,False
1330,1836,2025-10-02,login,True
1330,1360,2025-11-25,login,True
1331,681,2024-11-22,login,True
1332,1598,2025-07-08,login,True
1333,864,2025-03-12,login,True
1334,1194,2024-08-08,login,True
1335,491,2025-10-13,login,True
1335,843,2024-08-23,login,True
1335,469,2023-07-06,login,True
1336,198,2024-08-19,login,True
1336,547,2025-01-25,login,True
1337,917,2023-08-13,login,True
1337,1879,2024-04-04,token,True
1337,1796,2023-09-03,token,True
1338,865,2023-12-30,token,True
1338,871,2025-11-09,login,True
1339,802,2025-12-06,login,True
1339,1890,2023-08-27,login,True
1339,1332,2026-01-04,token,True
1340,236,2025-03-17,login,True
1340,1958,2025-06-20,token,True
1340,1382,2025-06-18,login,True
1341,293,2023-09-27,login,True
1341,1267,2024-03-21,login,False
1341,1048,2024-06-10,login,True
1342,534,2023-09-28,token,False
1342,1588,2026-03-13,login,True
1342,175,2023-09-10,login,True
1343,1512,2024-08-22,login,True
1344,1439,2024-05-26,login,True
1345,1768,2025-01-17,login,True
1345,387,2024-04-30,login,True
1345,1473,2023-05-06,login,True
1346,471,2024-10-23,login,True
1347,1846,2023-08-10,token,True
1347,179,2023-11-05,login,True
1347,373,2026-04-17,login,True
1348,508,2024-08-13,token,True
1349,680,2025-11-23,login,True
1349,232,2025-01-17,login,True
1350,786,2025-01-25,token,True
1351,648,2024-06-25,token,True
1351,1520,2024-05-31,token,True
1352,919,2025-11-13,login,True
1352,788,2025-02-09,token,True
1353,494,2025-08-31,token,True
1353,1251,2024-06-14,login,False
1354,1545,2024-03-27,login,True
1355,1243,2025-11-10,login,True
1355,220,2025-06-22,login,True
1356,1558,2025-01-14,login,True
1357,383,2024-09-27,token,True
1358,1786,2024-05-05,login,True
1359,1815,2025-07-29,login,True
1360,437,2024-11-30,login,True
1360,803,2024-01-21,login,True
1360,1513,2024-06-15,login,True
1361,1855,2024-05-02,login,True
1361,1725,2025-12-25,token,True
1361,957,2025-10-22,login,False
1362,1747,2023-10-22,login,True
1363,1217,2025-03-29,login,True
1363,1940,2025-01-04,token,True
1363,1933,2023-11-29,login,True
1364,1365,2023-07-31,login,True
1364,763,2024-12-15,login,True
1365,529,2025-07-03,login,True
1365,675,2024-09-24,login,True
1366,1448,2024-04-08,token,True
1367,1085,2025-04-13,token,True
1367,1143,2024-04-18,token,True
1367,1513,2025-05-27,token,True
1368,1410,2024-11-25,login,True
1368,413,2024-07-26,login,False
1369,1300,2024-02-17,login,True
1369,1595,2024-08-14,login,True
1369,963,2025-02-05,login,True
1370,898,2024-03-21,login,True
1370,714,2025-02-10,login,True
1371,1062,2024-11-23,login,True
1371,1749,2024-09-01,login,True
1371,1607,2023-09-02,login,True
1372,1502,2026-03-15,login,True
1373,1533,2025-01-08,token,True
1374,266,2025-06-18,login,True
1374,83,2025-12-13,login,True
1375,59,2025-12-03,login,True
1376,1120,2024-12-19,login,True
1376,1235,2023-07-03,login,True
1376,261,2024-10-22,login,True
1377,1933,2024-04-24,token,True
1377,516,2026-03-18,login,True
1377,1214,2023-09-21,token,True
1378,1115,2024-10-20,token,True
1378,279,2024-09-30,login,True
1379,1057,2024-01-16,login,True
1379,1101,2026-01-15,login,True
1380,785,2023-07-22,login,True
1381,1823,2025-10-26,token,True
1381,1690,2024-03-12,token,True
1381,1287,2024-06-14,token,True
1382,1825,2024-07-02,login,True
1382,1839,2024-12-16,login,True
1382,502,2025-09-24,login,True
1383,1750,2024-09-06,token,True
1384,482,2023-09-05,token,True
1385,711,2024-05-09,login,True
1386,1143,2024-12-11,login,True
1387,1051,2023-05-28,token,True
1387,865,2023-11-06,login,True
1387,1670,2024-09-13,login,True
1388,1646,2023-12-19,token,True
1389,282,2024-03-24,login,True
1390,1567,2025-06-16,login,True
1390,1746,2024-11-20,login,True
1390,1109,2026-02-11,token,True
1391,1707,2023-11-24,login,True
1391,634,2025-06-05,login,True
1391,531,2024-12-21,token,True
1392,977,2023-07-05,login,True
1392,1864,2024-09-02,login,True
1393,1244,2023-08-29,token,True
1394,951,2024-05-30,login,True
1394,1739,2025-08-17,login,True
1395,584,2023-05-31,login,True
1395,459,2024-06-19,login,True
1395,1215,2025-07-15,login,True
1396,1748,2023-11-21,login,True
1396,64,2023-06-24,login,True
1397,1800,2024-09-19,login,True
1398,1125,2026-04-25,token,False
1399,1547,2024-06-05,login,True
1400,627,2026-04-10,login,True
