:START_ID,:END_ID,fecha,canal,autenticado
519,1,2024-10-18 11:39:28,app,True
7,2,2025-04-25 18:08:44,web,True
245,3,2025-05-08 13:32:27,web,True
890,4,2025-02-06 13:11:53,cajero,True
289,5,2025-08-12 17:31:07,web,True
377,6,2025-12-02 18:32:26,web,True
276,7,2024-07-06 13:40:47,cajero,True
310,8,2025-12-25 18:57:56,web,False
35,9,2025-06-29 01:21:11,app,True
731,10,2024-07-04 19:09:17,app,True
280,11,2024-10-30 15:26:38,cajero,True
92,12,2026-03-08 20:26:13,app,False
384,13,2024-05-14 02:35:46,web,True
332,14,2026-02-13 15:33:57,app,True
383,15,2024-08-21 23:16:18,cajero,True
149,16,2025-06-22 10:51:17,web,True
1104,17,2024-09-23 17:29:02,app,True
658,18,2025-07-10 03:16:49,web,True
370,19,2026-04-04 06:08:56,web,True
876,20,2025-02-19 11:40:04,cajero,True
385,21,2024-10-03 08:24:21,web,True
281,22,2025-08-10 18:35:51,app,True
234,23,2025-09-30 15:17:25,web,True
54,24,2026-03-22 14:17:51,app,False
826,25,2024-11-29 04:38:37,cajero,True
129,26,2025-11-28 09:22:25,app,True
93,27,2025-01-11 17:52:08,cajero,True
208,28,2025-09-22 06:34:13,app,True
163,29,2024-12-23 07:20:14,app,True
207,30,2024-07-22 07:44:22,web,True
591,31,2024-11-28 11:05:48,cajero,True
607,32,2024-11-08 16:41:05,cajero,True
88,33,2024-07-29 11:27:00,app,True
308,34,2024-05-11 21:46:13,web,True
636,35,2025-10-24 13:49:56,cajero,True
113,36,2024-06-29 07:33:35,app,False
381,37,2025-01-28 05:28:59,cajero,True
393,38,2025-04-21 20:06:45,web,True
593,39,2026-01-15 16:35:32,app,True
511,40,2026-04-23 00:30:37,app,True
1082,41,2026-04-11 06:12:19,app,True
195,42,2024-11-25 19:18:36,web,True
279,43,2025-04-19 05:23:11,cajero,True
325,44,2026-04-05 20:24:46,web,True
49,45,2024-05-25 22:47:59,web,True
99,46,2024-11-06 08:41:22,app,True
413,47,2024-11-28 06:20:45,cajero,True
120,48,2025-04-04 11:39:50,cajero,True
592,49,2026-04-09 07:20:13,cajero,True
302,50,2024-06-24 06:27:25,cajero,True
371,51,2024-06-26 09:55:40,cajero,True
9,52,2025-05-18 07:08:19,app,False
139,53,2025-07-03 18:02:32,web,True
101,54,2025-01-04 04:02:01,cajero,True
394,55,2025-07-16 23:12:06,cajero,True
12,56,2024-06-01 04:40:12,web,True
236,57,2024-11-14 03:28:06,cajero,True
1249,58,2025-01-02 01:42:32,app,True
246,59,2024-08-29 01:29:32,web,True
29,60,2025-09-26 14:19:51,cajero,True
338,61,2024-09-25 23:02:50,web,True
180,62,2025-11-11 08:28:26,app,True
977,63,2024-05-12 01:59:51,web,True
92,64,2026-04-30 09:11:15,app,True
484,65,2025-02-18 16:42:32,cajero,True
1241,66,2024-09-14 07:16:39,web,True
710,67,2025-03-29 13:14:52,app,True
377,68,2024-11-18 10:25:56,app,True
305,69,2024-05-11 21:09:52,web,True
34,70,2026-02-18 21:13:26,cajero,True
154,71,2025-04-08 01:17:48,cajero,True
123,72,2025-05-04 01:02:29,web,True
160,73,2024-11-14 20:17:13,app,True
302,74,2024-05-17 08:00:03,cajero,True
186,75,2025-06-07 14:12:16,app,True
238,76,2025-10-31 05:38:18,app,True
655,77,2026-03-21 16:00:25,cajero,True
322,78,2025-12-25 17:52:06,cajero,True
1293,79,2025-04-16 11:56:25,app,True
430,80,2025-03-06 21:18:15,web,True
321,81,2024-07-18 19:26:10,cajero,True
362,82,2025-10-21 04:51:35,app,True
859,83,2024-06-15 14:40:15,cajero,True
363,84,2025-06-21 04:51:50,app,True
355,85,2024-06-29 05:49:30,web,True
153,86,2025-12-06 21:59:21,web,False
308,87,2025-05-24 20:54:17,cajero,True
447,88,2025-09-27 20:14:15,app,True
41,89,2024-06-04 23:28:29,cajero,True
398,90,2024-06-02 17:52:51,app,False
247,91,2024-07-07 12:57:02,web,True
5,92,2024-10-25 08:51:32,cajero,True
290,93,2026-03-16 07:34:47,app,True
1056,94,2025-07-28 00:03:50,cajero,True
194,95,2025-03-16 02:32:21,cajero,True
356,96,2024-09-03 13:05:15,cajero,True
28,97,2026-02-18 18:47:10,app,True
99,98,2024-10-09 07:40:03,app,True
154,99,2026-03-02 07:08:20,app,True
812,100,2024-10-17 23:45:04,cajero,True
304,101,2025-05-23 19:06:20,web,True
753,102,2025-05-09 01:19:05,cajero,True
28,103,2024-06-27 17:30:31,app,True
363,104,2024-07-08 22:55:37,web,True
367,105,2024-11-02 07:15:18,cajero,True
279,106,2025-11-25 08:13:54,cajero,True
349,107,2025-12-26 23:55:12,cajero,True
36,108,2026-03-24 16:03:17,cajero,True
1188,109,2024-10-27 20:06:18,app,True
156,110,2025-12-12 01:54:54,web,True
121,111,2025-06-25 23:49:52,cajero,True
166,112,2025-10-26 19:05:27,app,True
70,113,2025-05-27 12:51:58,app,True
128,114,2025-11-26 09:01:09,cajero,True
379,115,2024-11-08 21:56:22,web,True
718,116,2025-11-04 02:29:24,web,True
140,117,2025-12-27 03:17:06,cajero,True
661,118,2024-12-04 10:29:17,web,False
887,119,2026-02-27 21:41:12,web,True
858,120,2025-11-14 07:06:48,web,True
83,121,2026-03-05 08:56:42,app,True
33,122,2026-02-13 05:45:41,app,True
283,123,2025-12-03 13:42:54,cajero,True
293,124,2025-11-12 05:05:14,app,True
309,125,2026-04-06 10:25:10,app,True
86,126,2024-12-28 22:29:49,cajero,True
207,127,2024-10-15 04:31:38,app,True
174,128,2026-01-21 06:03:11,cajero,True
209,129,2025-07-21 00:48:44,cajero,True
131,130,2024-11-15 12:21:40,app,True
181,131,2026-04-26 20:56:05,web,True
228,132,2026-01-17 19:06:16,web,True
1347,133,2025-04-06 06:38:40,web,True
802,134,2025-09-01 15:57:30,cajero,True
53,135,2025-03-25 21:56:45,cajero,True
258,136,2025-08-12 10:59:13,web,True
18,137,2025-04-23 09:01:03,cajero,True
38,138,2024-09-26 00:45:14,web,True
184,139,2024-11-05 14:53:50,cajero,True
192,140,2026-03-26 12:54:44,cajero,True
142,141,2025-02-27 22:45:40,web,False
133,142,2026-01-25 03:33:25,app,True
653,143,2025-12-26 04:38:58,app,True
416,144,2025-10-30 14:56:46,web,True
317,145,2025-06-27 05:45:26,web,True
62,146,2026-03-14 09:53:28,web,True
325,147,2025-11-14 12:04:32,app,True
199,148,2025-07-31 16:30:50,app,True
353,149,2026-02-05 04:54:34,web,True
38,150,2024-08-18 23:10:57,cajero,True
62,151,2025-11-08 14:57:43,app,True
124,152,2025-12-04 02:04:23,web,True
343,153,2024-10-14 22:04:54,cajero,True
358,154,2026-01-04 02:07:00,app,True
244,155,2026-04-01 09:28:38,web,True
19,156,2024-09-13 20:15:08,cajero,True
1340,157,2025-07-08 16:56:20,web,True
35,158,2024-09-28 04:36:19,cajero,True
187,159,2024-07-30 08:11:14,web,True
273,160,2025-12-01 21:02:19,app,True
362,161,2025-08-26 03:59:54,cajero,True
468,162,2025-05-12 17:18:32,cajero,True
186,163,2025-09-26 18:52:36,cajero,True
55,164,2025-05-28 19:26:23,app,True
621,165,2024-11-16 17:16:20,app,True
1007,166,2024-07-18 08:15:52,cajero,True
315,167,2025-07-22 15:13:43,cajero,True
85,168,2025-02-18 16:21:34,cajero,True
413,169,2026-01-12 08:39:12,cajero,True
408,170,2025-01-06 13:20:22,web,True
308,171,2025-01-14 05:28:05,app,True
132,172,2025-04-15 18:16:44,web,True
319,173,2026-04-28 16:21:58,web,True
209,174,2026-02-24 16:55:09,app,True
336,175,2024-10-08 20:58:34,app,True
65,176,2024-10-23 08:43:05,cajero,True
15,177,2026-02-11 08:16:22,web,True
42,178,2024-05-30 16:14:22,cajero,True
410,179,2024-09-15 07:22:08,web,True
386,180,2025-07-22 21:07:35,cajero,True
275,181,2024-09-25 10:44:04,web,True
1027,182,2025-10-16 06:54:26,cajero,True
216,183,2024-05-25 21:00:20,web,False
388,184,2024-07-29 01:11:28,web,True
99,185,2024-05-29 18:29:22,app,True
602,186,2025-04-24 12:38:48,app,True
210,187,2024-08-03 19:48:38,web,True
284,188,2025-02-12 03:04:41,web,True
1122,189,2024-08-09 11:29:34,cajero,True
225,190,2025-08-20 03:59:22,cajero,True
278,191,2025-09-19 01:15:24,app,True
172,192,2025-07-23 04:49:44,cajero,True
388,193,2024-07-30 21:54:55,app,True
191,194,2024-06-29 13:31:15,cajero,True
416,195,2025-01-15 10:35:42,cajero,True
138,196,2024-07-23 14:29:42,cajero,True
389,197,2025-05-20 00:28:35,app,True
275,198,2026-02-13 14:12:36,app,True
116,199,2026-04-20 19:06:46,web,True
385,200,2025-12-18 03:47:48,cajero,True
247,201,2025-09-28 00:02:38,app,True
75,202,2025-06-13 17:11:41,app,True
608,203,2024-08-13 07:42:20,web,True
67,204,2025-02-09 07:52:35,web,True
8,205,2026-04-16 18:56:48,app,True
316,206,2024-08-15 13:06:26,app,True
635,207,2025-01-06 11:50:48,cajero,True
175,208,2025-03-03 09:32:10,cajero,True
353,209,2026-03-16 18:21:43,app,True
733,210,2025-07-26 11:43:15,web,True
389,211,2025-10-25 12:14:09,cajero,True
196,212,2024-06-19 08:06:01,cajero,True
25,213,2026-03-07 20:39:35,cajero,True
318,214,2024-10-13 05:21:14,web,True
341,215,2026-04-01 00:03:05,app,True
298,216,2025-01-03 19:07:09,web,True
413,217,2025-07-01 10:45:53,app,True
54,218,2025-06-10 05:08:36,app,True
356,219,2024-11-24 13:01:53,web,True
106,220,2024-08-30 02:06:28,web,True
264,221,2025-02-25 03:19:02,cajero,True
361,222,2026-01-28 18:58:08,app,True
353,223,2024-09-29 15:16:12,web,False
91,224,2025-10-06 17:03:31,app,True
349,225,2026-04-09 05:04:33,cajero,True
368,226,2025-12-24 13:04:58,app,True
245,227,2024-06-13 07:07:25,web,True
334,228,2025-01-24 23:00:07,app,True
87,229,2025-05-18 09:42:34,web,True
33,230,2025-08-06 06:52:27,cajero,True
186,231,2025-10-05 12:05:33,app,True
1180,232,2025-04-18 10:37:13,cajero,True
348,233,2024-10-12 08:07:13,app,True
257,234,2025-09-18 16:13:49,cajero,True
363,235,2024-08-09 01:02:56,web,True
120,236,2025-01-13 03:38:16,web,True
10,237,2025-02-17 22:43:45,app,True
158,238,2025-10-26 04:42:58,app,True
409,239,2024-05-07 02:40:02,web,True
1301,240,2025-04-21 14:52:18,cajero,True
276,241,2026-01-07 11:08:37,cajero,True
334,242,2025-01-29 11:21:01,app,True
290,243,2025-08-28 19:26:31,web,True
374,244,2025-12-11 13:42:52,web,True
193,245,2025-08-01 11:00:13,cajero,True
361,246,2024-07-12 13:07:28,app,True
303,247,2024-05-25 11:09:25,cajero,True
330,248,2025-04-06 11:20:43,web,True
184,249,2024-06-30 22:27:30,web,True
10,250,2024-06-08 08:18:38,cajero,True
241,251,2026-01-20 17:27:48,cajero,True
1078,252,2024-12-22 18:28:08,web,True
79,253,2026-04-20 09:22:23,app,True
78,254,2024-10-23 10:02:22,cajero,True
29,255,2025-06-15 03:26:06,cajero,True
143,256,2024-11-05 19:52:17,app,True
1058,257,2024-12-30 12:27:49,web,True
95,258,2024-07-26 05:59:36,web,True
190,259,2024-08-12 18:36:16,web,True
407,260,2024-10-13 23:29:34,cajero,True
293,261,2024-09-29 19:21:41,cajero,True
379,262,2025-12-12 19:22:39,cajero,True
15,263,2024-11-09 13:36:33,app,True
320,264,2024-11-29 21:22:34,app,True
744,265,2025-08-11 19:50:35,web,True
279,266,2024-10-29 03:44:13,app,False
407,267,2024-12-23 17:09:35,web,True
113,268,2026-02-25 10:15:35,web,True
1189,269,2025-12-28 05:57:06,cajero,True
254,270,2024-07-16 02:05:58,web,True
248,271,2024-10-27 09:00:16,app,True
973,272,2025-08-17 13:13:31,web,True
171,273,2024-08-20 02:45:18,cajero,True
353,274,2025-06-16 00:29:19,app,True
403,275,2025-05-29 11:24:14,web,True
48,276,2025-06-11 00:10:36,cajero,True
395,277,2025-03-17 21:55:13,app,True
327,278,2026-04-06 12:19:10,cajero,True
302,279,2024-10-01 07:31:29,cajero,True
42,280,2025-03-02 02:50:14,cajero,True
359,281,2024-12-30 12:21:29,cajero,True
1070,282,2026-04-01 15:24:31,web,False
145,283,2024-09-06 23:05:16,cajero,True
214,284,2025-11-24 23:08:53,cajero,True
1102,285,2024-12-19 07:44:13,web,True
837,286,2026-01-07 12:54:07,web,True
131,287,2024-06-09 16:28:03,web,True
22,288,2026-01-04 04:01:04,cajero,True
215,289,2026-02-15 01:11:54,app,True
713,290,2024-12-25 18:18:52,cajero,True
1025,291,2024-11-13 23:58:30,web,True
155,292,2025-12-18 16:18:07,cajero,True
882,293,2026-04-10 08:53:25,web,True
137,294,2025-06-11 19:50:29,web,True
278,295,2025-01-04 21:42:04,cajero,True
239,296,2026-01-15 15:33:49,app,True
392,297,2025-02-16 09:49:52,app,True
28,298,2025-09-10 07:37:30,cajero,True
319,299,2025-08-15 10:31:27,web,True
81,300,2024-05-12 17:22:29,cajero,True
418,301,2024-08-31 00:50:36,web,True
42,302,2025-11-22 04:15:24,cajero,True
78,303,2024-12-28 21:24:05,app,True
850,304,2024-08-19 16:07:13,cajero,True
12,305,2024-11-09 13:40:53,web,True
249,306,2025-01-12 00:58:48,cajero,True
794,307,2025-11-02 01:51:07,cajero,True
178,308,2024-09-26 14:19:43,app,True
46,309,2025-08-09 06:12:50,cajero,True
89,310,2025-04-28 10:25:29,app,True
55,311,2024-12-30 16:48:23,app,True
71,312,2024-11-02 18:28:41,app,True
1047,313,2025-06-30 11:39:54,app,True
185,314,2025-05-07 18:02:27,app,True
298,315,2024-11-14 09:37:19,cajero,True
1104,316,2024-07-27 13:04:24,cajero,True
46,317,2025-02-08 20:42:30,web,True
231,318,2026-03-01 13:39:09,app,True
154,319,2025-04-04 02:07:33,app,True
1099,320,2025-12-08 00:03:11,cajero,True
375,321,2024-07-05 19:59:16,cajero,True
795,322,2025-09-24 12:26:13,app,False
151,323,2026-01-22 17:55:25,web,True
170,324,2024-07-01 19:35:27,cajero,True
33,325,2026-04-30 11:56:16,cajero,True
551,326,2024-07-31 17:08:41,cajero,True
594,327,2025-09-06 23:30:25,cajero,True
238,328,2025-12-08 05:51:16,web,True
170,329,2025-02-24 10:27:02,web,False
940,330,2024-11-02 05:44:43,app,True
278,331,2026-01-01 07:54:22,app,True
115,332,2025-09-07 00:53:44,app,True
236,333,2026-02-12 05:34:23,web,True
394,334,2026-04-02 07:32:10,web,True
1,335,2026-02-24 19:56:45,app,True
296,336,2026-01-25 14:11:48,cajero,True
82,337,2026-04-22 21:17:37,web,True
302,338,2024-05-23 11:46:32,web,True
295,339,2024-11-23 06:07:15,app,True
1356,340,2025-09-11 13:30:56,web,True
658,341,2025-05-03 00:05:24,app,True
46,342,2025-09-26 14:33:33,web,True
406,343,2026-03-26 14:56:29,web,True
295,344,2025-07-08 19:19:11,cajero,True
37,345,2025-07-08 13:33:32,app,False
231,346,2026-03-31 15:25:40,cajero,True
333,347,2025-10-30 21:07:36,cajero,True
212,348,2026-04-08 04:54:55,app,False
353,349,2024-06-02 02:38:36,web,True
36,350,2025-11-06 03:54:55,web,False
47,351,2025-06-02 09:21:32,web,True
93,352,2024-05-27 22:37:09,cajero,True
936,353,2024-05-20 23:03:05,app,True
1331,354,2025-01-26 18:50:06,web,True
182,355,2025-03-09 05:58:44,app,True
1350,356,2025-05-08 23:45:11,web,True
294,357,2025-08-08 00:40:57,web,True
908,358,2025-05-13 12:38:51,app,True
49,359,2025-06-30 10:56:12,web,True
172,360,2025-04-17 16:07:17,cajero,True
221,361,2025-11-22 08:06:10,cajero,True
318,362,2025-11-19 10:37:40,web,True
38,363,2025-03-10 02:17:25,web,True
171,364,2024-12-22 23:46:18,web,False
357,365,2025-05-03 04:15:06,web,False
169,366,2025-11-15 23:27:01,cajero,True
27,367,2025-09-23 02:20:03,cajero,True
214,368,2025-07-26 00:02:03,cajero,True
373,369,2026-01-19 09:54:19,cajero,True
124,370,2024-06-25 03:25:17,cajero,True
311,371,2026-04-10 07:40:23,cajero,True
383,372,2024-12-05 20:13:27,cajero,True
129,373,2025-05-07 19:31:53,web,True
363,374,2024-10-13 21:26:47,cajero,True
1352,375,2026-03-14 01:39:11,app,True
88,376,2024-08-27 23:57:55,web,True
93,377,2024-12-30 05:52:37,app,True
650,378,2025-08-14 20:16:42,app,False
272,379,2024-07-10 15:04:12,app,True
150,380,2024-07-03 12:27:57,app,True
52,381,2024-12-20 01:38:39,cajero,True
87,382,2024-10-29 07:51:02,cajero,True
333,383,2024-11-12 01:37:03,cajero,True
942,384,2025-01-10 04:37:34,web,True
321,385,2025-10-22 14:26:03,app,True
399,386,2026-02-06 04:54:37,cajero,True
155,387,2024-12-05 10:30:26,web,True
294,388,2025-12-04 23:34:07,cajero,True
1030,389,2025-07-17 11:18:44,app,True
282,390,2025-12-13 06:25:56,app,True
81,391,2024-09-29 11:09:37,app,True
33,392,2024-07-23 22:59:51,cajero,True
977,393,2024-10-02 10:56:29,app,True
37,394,2024-10-14 06:31:39,web,True
94,395,2026-04-07 02:01:21,app,True
664,396,2025-05-04 01:59:18,cajero,True
47,397,2026-01-27 16:04:36,web,False
369,398,2024-07-04 09:09:51,app,True
29,399,2025-11-24 23:21:15,cajero,True
383,400,2025-06-07 23:50:47,web,True
171,401,2025-04-04 22:59:22,app,True
12,402,2025-04-21 06:37:01,web,True
249,403,2025-10-31 13:27:19,app,True
333,404,2025-12-10 12:06:59,cajero,True
847,405,2026-04-19 04:42:53,web,True
371,406,2024-12-03 14:34:54,web,True
390,407,2025-07-07 23:18:40,app,True
105,408,2024-09-23 13:50:45,web,True
217,409,2025-11-09 08:14:49,cajero,True
47,410,2025-01-22 01:54:36,web,False
1249,411,2024-09-22 23:47:55,web,True
147,412,2025-08-31 16:27:12,cajero,True
348,413,2025-06-13 02:51:19,app,True
353,414,2024-08-16 06:27:17,cajero,True
227,415,2024-08-01 18:05:45,app,True
151,416,2024-08-16 02:40:34,web,True
266,417,2024-06-22 18:39:06,web,True
1,418,2024-08-29 14:11:12,app,True
1275,419,2026-02-09 06:21:27,app,True
799,420,2025-11-26 22:25:36,app,True
270,421,2025-08-02 23:54:28,cajero,True
419,422,2026-02-04 17:40:18,web,True
93,423,2025-04-22 10:02:05,cajero,True
205,424,2025-05-14 19:34:03,app,True
124,425,2024-09-17 17:11:35,app,True
2,426,2024-07-23 22:56:19,cajero,True
18,427,2025-06-07 11:06:07,cajero,True
58,428,2024-11-02 20:20:00,cajero,True
69,429,2024-12-02 21:51:28,web,True
369,430,2024-12-15 09:15:36,web,True
76,431,2025-07-06 21:41:58,app,True
150,432,2024-10-31 21:17:33,cajero,True
161,433,2025-09-08 08:50:19,web,True
209,434,2025-12-30 05:47:51,cajero,True
735,435,2024-08-14 13:16:52,cajero,True
366,436,2025-12-16 04:04:54,app,True
545,437,2024-08-05 03:27:58,web,True
341,438,2025-12-30 21:39:22,cajero,True
316,439,2026-02-15 13:41:45,web,True
30,440,2024-06-21 04:57:15,web,True
382,441,2025-12-27 05:41:16,cajero,True
21,442,2025-09-07 03:22:38,app,False
369,443,2025-12-24 03:53:52,app,True
324,444,2025-05-09 18:22:02,web,True
247,445,2025-10-05 10:48:33,app,True
417,446,2025-09-10 23:12:58,app,True
1374,447,2025-07-07 06:59:10,web,True
357,448,2025-03-17 06:27:09,app,True
913,449,2026-01-12 15:57:31,cajero,True
1284,450,2024-06-17 04:25:24,app,True
53,451,2025-10-22 12:15:33,cajero,True
181,452,2024-08-13 01:22:19,web,False
143,453,2025-11-16 18:34:19,app,True
130,454,2025-10-06 14:48:31,web,True
391,455,2024-09-15 10:35:06,cajero,True
50,456,2024-09-11 19:57:22,web,True
1299,457,2026-01-12 18:34:21,app,True
371,458,2025-04-04 08:37:45,web,True
741,459,2024-10-27 00:16:16,app,True
39,460,2025-11-21 21:41:40,cajero,True
1139,461,2025-04-15 03:26:36,web,True
215,462,2026-04-19 01:38:45,app,False
356,463,2025-07-20 17:39:38,cajero,True
116,464,2026-02-17 10:02:39,app,False
1161,465,2026-03-28 05:29:36,web,True
337,466,2024-06-06 22:18:07,cajero,True
375,467,2025-07-22 01:15:57,web,True
37,468,2025-03-27 21:29:02,cajero,True
160,469,2024-08-09 22:01:17,app,True
12,470,2024-06-23 12:48:10,cajero,True
1238,471,2025-09-03 06:33:50,cajero,True
71,472,2025-06-17 19:34:53,cajero,True
174,473,2024-10-09 18:21:31,cajero,True
223,474,2024-05-25 01:56:35,web,True
141,475,2024-07-16 21:00:23,cajero,True
1345,476,2025-08-08 00:06:35,cajero,True
191,477,2025-05-29 03:22:43,app,True
1275,478,2025-06-26 15:22:49,app,True
214,479,2025-10-18 07:01:19,cajero,True
201,480,2024-05-24 11:22:46,cajero,True
263,481,2024-11-15 06:58:22,cajero,True
403,482,2025-03-26 11:17:27,web,False
247,483,2024-11-09 01:48:19,app,True
332,484,2025-12-29 01:35:32,cajero,True
81,485,2025-12-21 22:31:06,cajero,True
321,486,2025-03-12 23:18:23,cajero,True
1238,487,2025-06-15 09:10:14,web,True
107,488,2025-11-27 16:45:45,cajero,True
1104,489,2024-12-15 02:33:16,web,True
157,490,2025-07-06 05:40:09,app,True
320,491,2024-05-03 21:44:10,cajero,True
337,492,2025-12-13 12:14:21,app,True
330,493,2025-10-09 12:52:36,app,True
82,494,2025-05-18 14:26:56,cajero,True
129,495,2025-12-21 07:43:37,web,True
786,496,2025-09-20 11:55:41,web,True
302,497,2026-04-12 18:37:45,app,True
399,498,2025-08-30 05:04:07,cajero,True
111,499,2026-04-18 01:30:30,web,True
222,500,2025-05-21 09:54:10,web,True
181,501,2025-03-24 08:26:22,app,True
163,502,2025-05-20 10:11:40,web,True
244,503,2026-01-24 02:58:55,web,True
843,504,2026-04-10 13:53:45,web,False
144,505,2024-06-20 04:50:51,app,True
379,506,2024-07-09 21:43:12,app,False
6,507,2025-12-25 12:03:57,web,True
258,508,2025-08-04 02:41:17,web,True
369,509,2025-07-02 02:27:10,cajero,True
294,510,2026-02-23 18:36:20,cajero,True
43,511,2025-06-26 10:48:00,web,True
275,512,2024-10-02 04:11:00,web,True
899,513,2024-11-29 16:58:40,cajero,True
1383,514,2025-11-26 23:22:34,app,True
399,515,2025-06-20 22:33:51,web,True
313,516,2024-10-10 09:54:54,web,True
1222,517,2025-04-02 04:06:42,cajero,True
411,518,2026-03-27 23:31:21,cajero,True
193,519,2025-02-19 02:19:10,cajero,True
30,520,2025-12-30 11:24:42,web,True
19,521,2025-04-24 16:42:12,app,False
304,522,2025-03-06 05:12:48,web,True
633,523,2025-07-10 09:46:39,cajero,True
225,524,2025-04-25 15:44:52,cajero,True
1336,525,2025-06-15 20:32:43,web,False
616,526,2025-06-26 12:36:11,cajero,True
330,527,2025-03-11 19:14:57,app,True
1030,528,2025-04-24 20:25:33,web,True
251,529,2025-01-27 10:03:39,cajero,True
441,530,2025-11-10 07:12:33,cajero,True
225,531,2024-10-10 16:57:45,web,True
164,532,2025-12-08 02:23:58,app,True
188,533,2025-02-19 16:17:33,cajero,True
685,534,2025-09-03 12:57:00,app,True
1215,535,2025-08-17 21:57:13,app,True
230,536,2025-11-14 10:39:25,app,True
122,537,2025-01-06 23:33:45,app,True
198,538,2025-02-17 11:27:11,cajero,True
713,539,2024-09-15 18:18:27,web,True
253,540,2024-09-06 09:52:15,web,True
31,541,2024-07-15 07:04:21,app,True
687,542,2024-07-23 18:59:45,cajero,True
1035,543,2024-07-05 09:06:20,cajero,True
598,544,2025-09-21 15:34:04,web,True
280,545,2024-09-04 21:54:50,cajero,True
246,546,2025-10-23 12:48:51,web,True
151,547,2025-08-15 23:07:44,web,True
284,548,2025-11-05 17:08:03,app,True
208,549,2025-10-06 07:12:36,cajero,True
228,550,2025-05-31 08:42:27,cajero,True
45,551,2025-08-04 22:10:35,cajero,True
221,552,2025-12-11 01:13:50,web,True
84,553,2025-07-14 02:18:16,web,True
226,554,2025-03-04 22:13:37,app,False
221,555,2025-12-22 19:05:11,web,True
43,556,2025-10-15 22:57:19,app,True
167,557,2025-11-05 22:43:05,cajero,True
406,558,2024-07-31 00:16:00,app,True
156,559,2026-03-19 03:57:48,app,False
239,560,2024-05-22 21:30:13,cajero,True
95,561,2024-09-21 07:02:26,cajero,True
661,562,2025-09-25 07:46:32,cajero,True
417,563,2024-08-07 16:03:45,cajero,True
405,564,2024-11-02 13:25:41,cajero,True
1116,565,2024-10-20 22:10:23,cajero,True
306,566,2024-12-02 18:14:15,web,True
302,567,2025-05-12 03:33:38,app,True
155,568,2024-12-15 23:24:01,app,True
88,569,2025-08-08 04:53:50,web,True
357,570,2024-07-17 23:38:27,app,True
28,571,2024-08-12 18:41:08,cajero,True
51,572,2026-04-10 20:32:24,cajero,True
554,573,2025-10-20 12:25:15,web,False
250,574,2025-11-15 15:21:34,web,True
294,575,2025-06-03 22:27:48,cajero,True
115,576,2024-10-15 05:06:55,web,True
366,577,2025-07-25 08:18:39,cajero,True
160,578,2025-04-01 09:01:07,web,True
481,579,2024-12-15 12:57:00,app,True
409,580,2025-10-12 18:06:10,cajero,True
385,581,2025-08-06 00:13:21,web,True
246,582,2025-03-17 15:40:35,app,True
1233,583,2025-02-26 03:30:28,web,True
41,584,2025-07-08 12:55:20,app,True
383,585,2025-01-07 12:55:11,web,True
28,586,2024-06-25 21:31:08,cajero,True
292,587,2026-04-18 23:52:09,web,True
1042,588,2024-05-09 19:43:21,app,True
263,589,2025-07-16 13:59:45,app,True
340,590,2025-11-05 00:49:07,web,True
196,591,2024-05-17 01:41:13,app,True
179,592,2025-03-10 02:10:28,web,True
286,593,2025-08-16 08:56:24,app,True
117,594,2025-06-18 19:54:20,cajero,True
303,595,2024-09-29 10:36:46,app,True
36,596,2024-08-12 08:52:17,app,True
159,597,2025-09-29 07:20:52,app,True
94,598,2025-02-24 13:34:23,app,False
189,599,2024-05-21 05:19:45,app,True
205,600,2025-03-17 00:36:47,app,True
1148,601,2025-07-25 04:42:50,app,True
298,602,2025-06-25 09:34:08,app,False
49,603,2025-08-24 15:45:29,app,True
767,604,2024-07-18 08:48:39,web,True
285,605,2025-09-13 19:17:05,cajero,True
1031,606,2025-12-23 02:54:36,cajero,True
10,607,2024-05-28 03:51:10,web,False
319,608,2025-04-04 18:23:46,web,True
177,609,2026-01-08 23:41:10,cajero,True
31,610,2024-05-05 18:48:00,cajero,True
779,611,2025-07-04 13:37:21,cajero,True
339,612,2026-02-21 10:49:56,web,True
348,613,2024-09-16 04:30:23,app,True
314,614,2025-08-05 16:01:58,web,True
65,615,2026-04-21 00:57:39,web,True
8,616,2024-11-05 18:26:26,cajero,True
316,617,2024-08-16 06:40:38,cajero,True
125,618,2026-02-07 15:31:08,cajero,True
8,619,2024-10-10 11:52:08,cajero,True
34,620,2026-02-19 12:24:38,cajero,True
127,621,2025-06-21 18:00:30,web,True
119,622,2024-08-07 21:29:17,cajero,True
816,623,2024-09-08 20:45:08,cajero,True
263,624,2026-04-23 05:43:33,app,True
1003,625,2024-09-12 14:57:09,web,True
359,626,2025-04-03 12:28:27,app,True
1163,627,2025-01-08 13:58:04,web,True
205,628,2024-11-28 14:20:37,cajero,True
32,629,2024-07-12 04:45:47,web,True
240,630,2024-06-14 02:39:26,cajero,True
1181,631,2025-07-03 10:00:07,cajero,True
248,632,2025-02-04 14:37:49,cajero,True
1030,633,2025-03-10 07:26:44,cajero,True
12,634,2024-05-23 00:51:21,app,True
281,635,2025-02-26 01:43:07,cajero,True
1018,636,2024-07-21 18:32:23,web,True
765,637,2025-08-15 21:58:59,app,True
22,638,2026-02-15 13:47:27,app,True
726,639,2026-03-12 23:13:17,app,True
1030,640,2026-03-12 17:29:58,app,True
212,641,2025-03-04 10:15:12,app,True
662,642,2026-04-02 10:47:48,app,True
340,643,2024-10-07 21:02:37,app,True
1391,644,2025-07-14 03:30:24,app,True
93,645,2025-02-28 03:52:50,cajero,True
206,646,2024-08-20 14:52:11,web,True
198,647,2024-11-07 10:23:09,app,False
58,648,2025-07-24 00:44:06,app,True
346,649,2025-01-15 16:00:13,cajero,True
263,650,2025-03-17 15:48:39,app,True
123,651,2025-05-02 18:29:53,app,True
387,652,2025-07-28 11:12:01,app,True
279,653,2025-01-29 09:55:33,cajero,True
995,654,2025-09-07 01:44:24,web,True
160,655,2024-12-09 19:35:27,web,True
138,656,2026-01-20 07:13:42,web,True
139,657,2026-03-31 01:26:10,app,True
256,658,2024-07-30 01:00:02,app,True
528,659,2025-12-18 01:36:34,cajero,True
682,660,2024-06-24 07:28:53,app,True
272,661,2025-04-01 19:42:16,cajero,True
1151,662,2025-05-30 11:49:20,web,True
283,663,2026-02-16 09:33:08,cajero,True
1263,664,2026-04-13 08:47:09,web,True
265,665,2025-05-21 09:31:58,web,True
987,666,2026-01-20 19:26:36,app,True
384,667,2026-03-21 20:26:03,cajero,True
336,668,2025-07-31 11:56:12,web,True
333,669,2025-09-23 13:06:02,cajero,True
335,670,2024-11-29 22:58:04,web,True
842,671,2024-11-09 05:31:25,cajero,True
339,672,2024-10-06 00:44:18,app,True
404,673,2025-10-28 22:29:11,cajero,True
296,674,2024-06-03 06:02:41,cajero,True
229,675,2024-10-31 16:52:07,web,True
62,676,2025-10-10 09:24:56,cajero,True
110,677,2024-11-05 13:11:52,web,True
141,678,2024-07-01 20:25:20,cajero,True
256,679,2025-11-21 18:06:11,web,True
388,680,2024-08-31 13:56:30,web,True
363,681,2026-03-19 20:20:48,app,True
1374,682,2024-08-04 11:36:08,app,True
147,683,2026-03-26 09:46:53,cajero,True
1310,684,2024-12-26 06:32:06,cajero,True
900,685,2025-05-27 02:34:37,web,True
342,686,2025-03-11 13:45:26,app,True
151,687,2025-10-01 07:37:20,app,True
204,688,2025-12-24 15:38:57,app,True
1394,689,2024-12-12 16:04:47,app,True
461,690,2025-02-05 17:34:04,app,True
391,691,2024-08-26 23:29:46,web,True
1069,692,2025-05-21 17:08:30,app,True
358,693,2026-04-01 22:08:15,cajero,True
201,694,2026-01-01 13:31:56,cajero,True
260,695,2024-11-22 00:04:43,app,True
22,696,2025-03-27 19:25:17,web,True
333,697,2025-10-24 08:15:44,cajero,True
379,698,2024-07-04 20:23:18,cajero,True
1039,699,2024-06-29 00:29:05,web,True
711,700,2025-11-02 16:53:02,web,True
320,701,2024-11-24 11:05:17,cajero,True
165,702,2025-02-19 23:23:00,app,True
193,703,2025-05-26 09:29:16,app,True
1172,704,2025-12-05 07:46:49,app,True
51,705,2025-11-25 11:12:00,app,True
249,706,2025-02-07 03:30:56,app,True
121,707,2025-10-01 20:02:28,web,True
880,708,2026-03-08 09:52:50,app,True
27,709,2024-06-27 10:54:08,web,True
200,710,2025-08-16 21:22:13,web,True
363,711,2025-07-22 05:16:37,cajero,True
680,712,2025-10-03 19:06:18,app,True
296,713,2025-10-19 17:35:44,app,True
240,714,2024-10-15 10:24:40,app,True
20,715,2024-08-01 07:36:36,app,True
362,716,2025-11-23 07:00:40,cajero,True
265,717,2024-08-07 05:00:45,web,True
190,718,2026-03-31 12:41:36,app,True
247,719,2024-07-30 21:22:09,cajero,True
171,720,2024-07-10 23:20:40,web,True
187,721,2025-02-03 05:28:34,cajero,True
295,722,2026-04-25 21:33:39,web,True
350,723,2024-06-06 23:43:36,app,True
855,724,2026-03-11 21:19:19,web,True
141,725,2025-07-25 19:00:27,cajero,True
400,726,2024-12-25 15:55:43,cajero,True
341,727,2025-09-25 01:24:54,web,False
447,728,2024-10-31 19:35:21,cajero,True
125,729,2026-04-18 08:48:25,app,True
173,730,2025-01-26 11:15:42,app,True
242,731,2026-03-31 12:12:53,app,False
1200,732,2025-05-02 11:45:56,app,True
61,733,2025-10-05 18:56:30,web,True
420,734,2025-01-04 13:03:12,cajero,True
888,735,2024-10-23 01:36:55,web,True
199,736,2024-07-19 10:59:30,app,True
267,737,2024-06-17 23:02:51,app,False
480,738,2025-10-24 10:24:09,cajero,True
1064,739,2025-04-07 01:50:11,cajero,True
295,740,2025-12-08 18:50:54,app,True
258,741,2024-08-21 15:07:04,cajero,True
5,742,2025-08-17 01:44:51,app,True
337,743,2024-12-08 00:48:46,web,True
376,744,2025-04-06 08:00:52,cajero,True
47,745,2024-05-17 06:35:18,cajero,True
385,746,2024-06-08 05:09:10,web,True
324,747,2026-01-07 03:20:47,cajero,True
480,748,2025-04-18 05:26:39,cajero,True
369,749,2025-12-13 02:24:37,web,True
251,750,2024-06-29 11:50:15,cajero,True
245,751,2025-01-25 21:30:52,web,True
392,752,2025-08-24 22:40:11,web,True
8,753,2024-06-17 17:15:17,web,True
362,754,2025-02-06 21:30:24,web,True
190,755,2025-07-10 05:51:33,web,True
383,756,2024-06-28 07:11:02,web,True
353,757,2024-06-21 18:08:13,web,True
128,758,2025-10-08 01:42:28,web,True
1076,759,2025-09-26 06:02:30,app,True
165,760,2025-02-18 21:28:44,cajero,True
174,761,2026-03-31 11:18:06,app,True
501,762,2024-12-20 05:22:50,app,True
355,763,2025-01-14 07:27:57,app,False
1079,764,2026-01-29 13:26:43,web,True
1305,765,2026-02-19 23:25:16,cajero,True
245,766,2024-05-19 03:44:23,web,True
313,767,2024-12-21 20:21:12,app,False
234,768,2025-04-05 17:21:32,app,True
81,769,2026-01-07 00:11:00,app,True
679,770,2025-10-20 20:45:39,web,True
289,771,2024-07-23 11:30:34,app,True
367,772,2026-01-26 08:26:40,cajero,True
424,773,2025-06-24 13:43:57,app,True
10,774,2025-04-18 17:52:17,app,True
285,775,2025-04-24 10:43:13,web,True
740,776,2024-12-19 15:02:31,app,True
83,777,2024-12-29 21:18:06,app,True
177,778,2026-03-23 16:05:29,cajero,True
129,779,2024-12-01 03:08:31,web,True
260,780,2026-03-03 03:56:02,app,True
33,781,2026-04-06 13:46:57,app,True
1068,782,2024-08-24 01:21:56,app,True
195,783,2025-09-05 10:56:21,app,True
297,784,2025-04-03 04:13:08,cajero,True
878,785,2024-11-18 09:26:51,app,True
868,786,2025-11-12 23:16:43,app,True
379,787,2025-02-12 06:47:32,app,True
1092,788,2026-04-08 13:09:12,app,True
228,789,2024-05-22 04:35:19,web,False
90,790,2025-02-14 00:20:42,cajero,True
187,791,2025-03-31 00:59:48,web,True
246,792,2024-07-12 14:45:07,web,True
259,793,2025-03-15 21:07:03,web,True
1250,794,2025-06-17 20:32:23,cajero,True
185,795,2025-05-27 19:15:49,app,True
372,796,2025-09-11 08:25:10,app,True
349,797,2025-08-23 12:10:59,app,True
376,798,2024-09-07 16:26:31,app,True
124,799,2025-05-17 20:12:39,app,True
31,800,2025-12-16 08:09:49,cajero,True
16,801,2025-03-01 08:54:24,cajero,True
928,802,2024-07-30 08:13:52,web,True
317,803,2024-06-18 19:23:12,cajero,True
110,804,2024-06-02 10:21:36,web,True
294,805,2025-02-17 14:05:14,cajero,True
844,806,2025-10-27 03:11:49,web,True
1233,807,2025-06-02 18:41:31,app,True
125,808,2025-08-30 12:36:17,cajero,True
395,809,2025-04-14 06:21:43,web,True
116,810,2024-10-06 14:47:14,cajero,True
159,811,2026-01-13 16:24:22,cajero,True
43,812,2026-03-07 13:55:52,cajero,True
345,813,2025-04-30 13:52:32,app,True
174,814,2024-07-08 01:37:54,app,True
621,815,2024-11-03 20:24:14,cajero,True
583,816,2026-02-02 01:40:34,app,True
190,817,2024-05-08 23:57:01,web,True
389,818,2026-01-05 14:35:30,web,True
146,819,2025-01-01 13:21:57,cajero,True
408,820,2025-05-19 09:53:05,cajero,True
862,821,2026-01-09 11:30:03,app,True
211,822,2025-06-23 19:18:15,web,True
1206,823,2025-08-12 16:40:08,web,True
232,824,2024-06-13 10:23:42,web,False
13,825,2025-04-24 03:35:53,app,True
140,826,2025-07-26 13:50:52,web,True
373,827,2026-01-29 12:43:28,cajero,True
126,828,2026-03-05 20:45:43,web,False
393,829,2025-02-13 05:52:34,app,True
142,830,2025-09-28 12:27:55,cajero,True
824,831,2025-10-17 11:41:20,cajero,True
56,832,2026-01-08 17:54:29,cajero,True
399,833,2024-12-28 18:18:39,web,True
114,834,2026-03-07 00:18:41,web,False
198,835,2024-10-19 06:48:38,cajero,True
197,836,2024-07-28 10:38:37,web,True
245,837,2024-05-16 17:38:00,web,True
48,838,2025-03-16 13:23:25,web,False
222,839,2025-11-18 10:09:31,cajero,True
621,840,2025-04-09 13:27:00,cajero,True
71,841,2024-08-23 16:43:50,cajero,True
116,842,2025-04-16 09:27:58,cajero,True
499,843,2025-06-09 22:23:25,app,True
813,844,2025-07-27 06:11:41,cajero,True
164,845,2024-12-25 23:35:07,web,True
292,846,2024-09-04 12:18:32,cajero,True
396,847,2025-10-11 00:38:22,cajero,True
868,848,2025-10-26 12:40:32,web,True
1226,849,2024-11-25 12:22:56,cajero,True
228,850,2025-05-03 17:22:25,web,True
15,851,2026-02-09 07:51:13,app,True
385,852,2024-06-02 16:13:54,app,True
299,853,2026-03-25 04:35:24,app,True
378,854,2025-12-02 02:43:49,cajero,True
1047,855,2024-07-02 08:04:47,cajero,True
352,856,2024-10-18 15:33:40,web,True
156,857,2026-02-21 09:39:06,web,True
874,858,2024-08-07 14:06:02,cajero,True
65,859,2026-01-21 03:06:08,app,True
416,860,2025-06-05 10:01:25,web,True
283,861,2024-05-03 18:25:28,web,True
203,862,2024-09-12 03:25:54,app,True
305,863,2025-02-20 11:32:07,web,True
366,864,2026-04-14 07:39:12,app,False
131,865,2024-10-05 17:27:52,app,True
567,866,2024-10-21 17:05:00,cajero,True
199,867,2025-07-29 21:05:18,web,True
173,868,2024-10-05 14:00:56,app,True
109,869,2026-03-15 01:19:44,app,True
1329,870,2024-08-14 01:23:27,web,True
336,871,2025-08-01 03:58:59,cajero,True
232,872,2026-02-18 13:33:52,cajero,True
194,873,2026-01-28 05:17:31,app,True
1375,874,2026-04-10 18:21:55,cajero,True
185,875,2025-08-03 09:38:34,cajero,True
162,876,2026-02-26 19:30:00,web,False
16,877,2025-10-17 09:29:19,app,True
80,878,2024-12-15 08:49:53,web,True
128,879,2025-06-18 22:55:19,cajero,True
382,880,2025-11-27 10:43:30,app,True
91,881,2025-07-21 14:13:51,app,True
317,882,2024-11-03 02:09:59,web,True
248,883,2024-12-20 23:24:37,app,True
1319,884,2026-01-01 21:22:22,cajero,True
99,885,2024-12-15 22:27:40,web,True
285,886,2024-05-17 10:43:01,cajero,True
341,887,2025-03-24 11:38:25,web,True
1114,888,2025-07-16 15:11:38,web,True
1267,889,2025-05-04 10:00:54,web,True
926,890,2025-10-04 05:00:39,cajero,True
119,891,2026-01-10 05:15:09,web,True
255,892,2024-06-15 18:37:46,web,True
229,893,2025-09-15 19:04:22,web,True
306,894,2025-03-25 13:49:44,web,True
1041,895,2024-06-06 07:20:27,web,True
219,896,2025-12-13 08:13:01,cajero,True
355,897,2024-06-08 00:09:49,cajero,True
161,898,2025-10-13 08:49:19,cajero,True
188,899,2024-12-25 12:41:10,app,True
373,900,2024-10-07 05:50:39,app,True
894,901,2024-07-06 21:09:01,app,True
365,902,2024-09-30 02:32:40,web,True
1175,903,2025-08-10 21:42:35,app,True
108,904,2024-05-26 04:34:10,cajero,True
317,905,2025-01-11 05:37:12,app,True
419,906,2025-03-18 15:21:25,app,True
648,907,2024-07-03 13:12:25,app,True
296,908,2025-02-13 15:01:10,web,True
345,909,2025-07-27 00:11:17,web,True
231,910,2024-05-27 21:23:53,cajero,True
367,911,2025-11-09 22:24:51,app,True
857,912,2025-09-29 18:08:50,web,True
299,913,2025-01-13 20:48:21,web,True
730,914,2026-01-29 13:12:57,web,True
317,915,2025-03-20 23:43:38,web,True
395,916,2024-07-01 07:43:21,app,False
308,917,2025-10-30 12:17:36,cajero,True
137,918,2025-11-02 14:45:13,cajero,True
113,919,2026-03-07 22:35:59,cajero,True
51,920,2025-05-08 16:19:54,app,True
9,921,2025-10-21 13:53:41,app,True
242,922,2024-09-20 14:07:35,app,True
383,923,2025-12-28 10:42:37,app,True
136,924,2024-05-18 03:17:44,app,True
201,925,2025-01-21 09:56:54,cajero,True
1059,926,2025-10-04 06:17:06,cajero,True
81,927,2024-11-26 08:11:43,web,True
131,928,2024-10-23 03:34:14,web,True
637,929,2024-10-21 15:50:09,cajero,True
262,930,2026-01-06 07:20:02,app,True
251,931,2025-04-11 18:01:12,cajero,True
1110,932,2025-10-03 14:55:18,web,True
329,933,2025-03-23 12:09:49,web,True
231,934,2026-04-29 12:58:50,app,True
884,935,2024-05-22 22:48:39,cajero,True
457,936,2025-06-14 04:01:30,web,True
290,937,2025-01-10 21:20:55,cajero,True
295,938,2024-07-05 16:23:52,app,True
1306,939,2025-02-21 12:59:18,app,True
262,940,2025-03-02 06:38:03,app,True
939,941,2025-12-15 09:00:15,cajero,True
277,942,2025-07-01 21:39:43,web,True
1142,943,2025-09-11 05:03:48,cajero,True
221,944,2025-01-31 05:23:32,app,True
12,945,2024-07-07 07:33:18,app,True
288,946,2024-07-03 22:00:10,web,True
64,947,2026-04-12 23:10:14,web,True
89,948,2024-09-24 05:43:49,web,True
253,949,2025-05-24 18:16:04,app,True
335,950,2024-06-07 22:45:35,cajero,True
378,951,2025-11-27 21:41:48,cajero,True
138,952,2025-06-19 15:10:17,cajero,True
293,953,2024-05-08 07:35:26,app,True
420,954,2024-12-11 00:31:24,app,True
206,955,2024-11-19 20:28:51,cajero,True
373,956,2024-05-13 02:54:30,cajero,True
407,957,2024-12-01 23:43:42,app,True
336,958,2025-09-15 09:10:35,app,True
139,959,2026-02-24 14:16:18,web,True
608,960,2025-09-14 17:03:59,app,True
1165,961,2025-02-01 10:16:46,web,True
219,962,2024-07-04 22:24:57,web,True
314,963,2025-09-06 20:42:20,app,False
1189,964,2025-06-29 19:10:54,cajero,True
124,965,2025-08-01 14:07:44,web,True
406,966,2026-01-25 04:07:49,cajero,True
120,967,2024-10-16 12:00:01,web,True
307,968,2026-02-26 23:37:32,cajero,True
50,969,2024-12-20 17:50:46,app,True
690,970,2025-05-23 11:31:37,app,True
294,971,2025-12-09 00:15:45,app,True
129,972,2025-09-02 00:54:44,cajero,True
285,973,2026-04-27 05:26:13,web,True
46,974,2025-02-06 14:49:05,cajero,True
415,975,2025-12-19 20:35:04,cajero,True
404,976,2025-02-27 19:26:18,app,True
130,977,2025-09-02 20:44:52,web,True
409,978,2025-01-28 06:19:04,cajero,True
57,979,2024-06-21 20:58:17,app,False
160,980,2026-01-11 04:32:48,web,True
268,981,2024-10-24 21:04:43,web,True
420,982,2026-04-13 01:02:03,web,True
141,983,2025-09-08 17:46:16,app,True
368,984,2026-01-10 21:04:00,app,True
961,985,2025-05-25 04:01:56,cajero,True
128,986,2024-11-13 17:28:39,cajero,True
309,987,2024-05-17 23:59:37,app,True
155,988,2025-11-16 12:50:28,web,True
320,989,2026-04-13 22:35:02,cajero,True
98,990,2025-12-20 13:38:12,web,True
245,991,2024-11-18 15:25:29,cajero,True
752,992,2024-12-28 14:30:34,app,True
1256,993,2025-10-21 21:30:20,web,True
1072,994,2026-01-27 22:50:20,web,True
357,995,2026-04-03 21:03:56,web,True
91,996,2025-07-13 05:28:10,app,True
399,997,2024-06-18 21:21:13,app,True
775,998,2025-08-11 09:50:45,web,True
705,999,2026-01-31 16:15:16,web,True
311,1000,2024-09-13 01:42:04,web,True
167,1001,2025-04-07 03:35:11,app,False
325,1002,2025-12-18 04:00:56,cajero,True
194,1003,2026-03-26 07:55:14,app,True
57,1004,2024-08-08 06:08:21,web,True
235,1005,2024-06-05 01:40:01,web,True
548,1006,2025-07-18 02:01:03,cajero,True
320,1007,2025-08-13 16:03:47,app,True
164,1008,2025-06-04 22:20:31,app,True
1324,1009,2025-05-03 17:19:08,web,True
420,1010,2025-04-27 19:22:57,cajero,True
495,1011,2025-08-22 21:50:44,web,True
593,1012,2026-02-18 08:20:26,web,True
572,1013,2026-04-24 12:10:34,cajero,True
599,1014,2025-06-15 23:38:31,cajero,True
458,1015,2025-01-06 23:31:57,app,True
349,1016,2025-01-25 22:30:28,app,True
465,1017,2025-01-25 17:58:09,web,False
718,1018,2026-04-29 07:44:14,web,True
225,1019,2025-03-19 09:33:18,cajero,True
417,1020,2025-11-03 03:24:37,app,True
187,1021,2025-02-22 12:50:35,cajero,True
368,1022,2024-09-16 21:27:50,cajero,True
221,1023,2024-08-31 07:50:45,cajero,True
140,1024,2025-05-28 19:24:21,cajero,True
465,1025,2024-09-01 18:37:53,web,True
514,1026,2025-02-14 23:27:05,app,True
417,1027,2024-05-14 16:41:48,app,True
348,1028,2026-04-14 01:55:46,app,True
23,1029,2025-11-02 10:16:52,web,True
1242,1030,2024-09-16 02:31:48,cajero,True
122,1031,2024-11-11 01:19:02,web,True
677,1032,2024-06-11 18:18:54,web,True
142,1033,2026-01-03 09:25:02,web,True
220,1034,2025-01-15 11:09:45,app,True
360,1035,2025-03-29 17:25:08,web,True
242,1036,2024-10-09 16:29:23,cajero,True
311,1037,2024-05-01 05:48:38,app,True
62,1038,2025-09-01 04:58:28,web,True
1082,1039,2024-05-22 23:00:07,cajero,True
302,1040,2026-01-16 08:10:02,cajero,True
1143,1041,2024-09-17 14:59:57,app,True
240,1042,2025-03-17 08:16:28,web,True
292,1043,2025-06-13 22:21:50,cajero,True
35,1044,2025-01-06 07:04:40,app,False
372,1045,2024-10-24 14:04:05,web,True
75,1046,2025-09-25 19:41:51,app,False
355,1047,2025-07-24 14:11:13,web,True
92,1048,2024-08-25 18:24:29,cajero,True
246,1049,2025-09-26 02:48:30,web,True
200,1050,2025-10-05 21:34:30,cajero,True
333,1051,2025-06-26 21:18:59,app,True
517,1052,2024-06-12 04:07:41,web,True
164,1053,2025-02-18 06:26:53,cajero,True
174,1054,2025-04-27 12:31:41,web,True
60,1055,2024-08-12 06:48:36,web,False
370,1056,2024-10-25 20:36:16,app,True
399,1057,2026-04-02 12:35:40,app,True
1212,1058,2024-12-04 16:49:06,cajero,True
167,1059,2026-04-10 14:32:10,cajero,True
810,1060,2024-10-17 09:58:52,app,True
409,1061,2025-12-18 13:08:28,web,True
20,1062,2026-01-03 09:01:26,cajero,True
241,1063,2025-10-01 13:28:33,app,True
66,1064,2024-06-27 02:35:08,web,True
343,1065,2024-12-15 22:00:23,cajero,True
435,1066,2024-07-09 18:25:30,app,True
375,1067,2024-09-25 15:59:33,app,True
414,1068,2026-04-25 17:49:33,cajero,True
153,1069,2025-05-13 02:18:25,web,True
209,1070,2024-05-29 10:32:14,web,True
174,1071,2025-08-14 23:58:30,app,True
671,1072,2025-07-10 14:24:02,cajero,True
383,1073,2024-06-24 08:04:43,web,True
389,1074,2025-02-15 06:50:46,app,False
296,1075,2026-04-01 06:23:30,app,True
880,1076,2026-04-25 23:32:40,app,True
1234,1077,2025-05-31 04:28:29,web,True
182,1078,2025-10-23 03:38:03,cajero,True
416,1079,2025-10-27 15:46:36,app,True
173,1080,2025-09-07 09:36:37,web,True
390,1081,2024-09-04 11:45:07,cajero,True
98,1082,2026-04-01 14:07:10,app,True
166,1083,2026-02-26 20:16:49,cajero,True
530,1084,2026-01-19 08:46:53,web,True
518,1085,2025-12-28 00:40:28,cajero,True
9,1086,2026-04-27 23:43:25,web,True
404,1087,2024-09-06 10:15:37,cajero,True
250,1088,2024-09-09 21:38:51,web,True
1079,1089,2024-05-06 14:05:19,cajero,True
1283,1090,2024-05-16 19:45:09,cajero,True
89,1091,2026-03-03 15:53:08,web,True
78,1092,2024-10-04 02:47:29,cajero,True
338,1093,2025-09-23 00:15:06,app,True
110,1094,2026-04-23 10:47:32,app,False
198,1095,2024-11-11 17:27:08,app,True
485,1096,2026-02-25 23:49:19,app,True
360,1097,2024-11-25 07:04:20,web,True
296,1098,2025-08-02 05:07:19,app,True
216,1099,2024-08-10 07:19:12,cajero,True
884,1100,2024-07-19 10:27:19,app,True
140,1101,2025-06-25 23:41:52,app,True
406,1102,2026-03-08 00:24:31,web,True
298,1103,2025-09-04 04:24:58,app,True
815,1104,2024-12-11 05:09:02,web,True
208,1105,2025-04-01 19:35:44,web,True
139,1106,2025-08-17 15:18:35,cajero,True
387,1107,2026-04-22 02:54:18,cajero,True
165,1108,2024-05-29 07:51:33,cajero,True
267,1109,2025-12-25 10:22:44,web,True
190,1110,2025-08-02 20:30:40,app,True
262,1111,2024-10-02 18:34:03,app,False
110,1112,2025-09-13 22:49:12,cajero,True
33,1113,2025-05-08 00:15:53,app,False
274,1114,2024-12-12 01:13:51,web,True
268,1115,2025-09-02 22:36:52,app,True
364,1116,2025-08-27 04:15:23,app,True
1386,1117,2026-04-10 06:23:09,web,True
481,1118,2026-04-16 06:26:58,app,True
353,1119,2026-03-19 00:17:19,app,True
234,1120,2025-01-04 14:10:10,web,True
93,1121,2024-05-29 03:27:15,app,True
218,1122,2024-09-12 08:02:58,cajero,True
140,1123,2024-05-02 13:16:31,cajero,True
1312,1124,2025-09-16 18:29:29,web,True
66,1125,2025-12-26 01:39:38,cajero,True
586,1126,2025-04-17 20:13:32,web,True
336,1127,2025-09-11 06:52:14,app,True
219,1128,2025-12-01 20:33:33,cajero,True
266,1129,2024-07-12 18:33:36,app,False
93,1130,2024-07-03 16:45:37,app,False
245,1131,2024-09-11 04:12:32,app,True
68,1132,2024-07-29 18:54:46,cajero,True
234,1133,2025-04-19 15:19:21,cajero,True
233,1134,2025-06-19 23:30:01,app,False
26,1135,2026-02-24 19:00:30,app,True
79,1136,2025-03-15 03:06:44,cajero,True
101,1137,2024-09-12 18:49:16,app,True
311,1138,2025-03-03 02:59:09,cajero,True
300,1139,2026-04-06 03:45:57,cajero,True
1199,1140,2024-09-04 00:18:45,cajero,True
85,1141,2024-09-09 22:48:39,cajero,True
356,1142,2024-10-23 15:34:14,app,True
768,1143,2024-05-03 05:03:12,app,True
73,1144,2026-03-16 11:09:00,web,True
143,1145,2025-08-16 10:26:50,web,True
21,1146,2024-06-23 04:08:01,app,True
120,1147,2025-01-14 02:03:01,app,True
75,1148,2026-03-31 04:38:29,app,True
233,1149,2025-05-23 07:41:10,web,True
312,1150,2024-08-14 15:22:43,cajero,True
644,1151,2025-02-14 21:37:02,web,True
112,1152,2025-06-16 17:50:56,app,False
14,1153,2024-12-18 21:32:44,app,False
108,1154,2025-03-15 18:30:31,web,True
89,1155,2024-05-22 01:07:51,web,True
351,1156,2025-05-21 09:25:42,cajero,True
601,1157,2025-04-13 20:39:54,web,True
322,1158,2025-10-30 18:47:55,cajero,True
107,1159,2026-02-25 21:26:02,web,True
293,1160,2025-06-06 04:44:33,web,True
385,1161,2025-01-24 05:21:52,app,True
7,1162,2025-06-25 13:56:06,cajero,True
29,1163,2024-11-27 13:52:27,cajero,True
406,1164,2025-02-20 12:33:00,web,True
403,1165,2024-11-18 16:30:13,app,True
407,1166,2024-10-08 01:45:06,cajero,True
279,1167,2025-01-24 21:47:46,cajero,True
38,1168,2025-10-08 21:03:30,cajero,True
975,1169,2025-03-29 02:51:14,cajero,True
2,1170,2025-06-11 19:21:52,web,True
124,1171,2024-09-29 10:51:08,web,True
312,1172,2025-05-05 20:39:52,web,True
343,1173,2025-10-01 21:05:47,cajero,True
234,1174,2025-02-09 06:47:17,cajero,True
368,1175,2025-08-13 21:31:48,cajero,True
916,1176,2025-06-13 14:22:43,web,True
1369,1177,2024-05-18 21:01:11,app,True
391,1178,2025-12-11 11:20:45,web,True
393,1179,2026-03-31 16:08:31,cajero,True
301,1180,2024-06-13 18:40:41,app,True
205,1181,2024-11-05 05:47:39,app,True
384,1182,2025-02-23 17:17:59,app,False
44,1183,2024-11-07 05:59:25,cajero,True
46,1184,2025-10-18 23:18:31,app,True
752,1185,2024-08-04 13:07:36,app,True
682,1186,2026-01-13 15:37:22,web,True
227,1187,2024-12-17 19:28:42,app,True
467,1188,2024-05-01 00:40:29,app,True
369,1189,2026-01-11 10:56:45,app,True
316,1190,2024-12-31 08:36:48,cajero,True
363,1191,2025-08-27 23:17:49,app,True
53,1192,2026-02-16 08:14:54,web,True
1,1193,2025-05-31 17:58:17,web,True
729,1194,2024-10-20 06:12:16,app,True
196,1195,2025-06-30 21:44:31,cajero,True
1301,1196,2025-04-28 06:07:45,cajero,True
1264,1197,2025-12-26 11:35:06,web,True
236,1198,2025-07-13 16:54:53,app,True
965,1199,2025-06-20 02:51:52,web,True
1282,1200,2026-01-04 20:42:03,web,True
173,1201,2025-03-26 03:39:13,cajero,True
191,1202,2025-08-01 13:59:58,cajero,True
156,1203,2025-09-21 11:28:12,cajero,True
484,1204,2025-03-12 00:05:07,web,True
209,1205,2025-04-28 11:11:54,cajero,True
268,1206,2024-08-05 08:06:15,app,True
1006,1207,2025-02-01 03:16:46,cajero,True
63,1208,2025-11-04 20:50:42,web,True
196,1209,2024-09-07 07:47:37,app,True
106,1210,2024-10-11 21:59:14,cajero,True
44,1211,2025-06-09 05:59:47,app,True
432,1212,2025-08-18 17:41:40,web,True
286,1213,2024-12-28 14:24:16,cajero,True
181,1214,2025-10-24 17:30:41,cajero,True
980,1215,2025-04-03 16:28:41,app,True
406,1216,2026-04-04 07:19:35,cajero,True
512,1217,2025-10-11 21:36:54,web,True
286,1218,2026-04-13 23:36:41,web,True
144,1219,2025-06-07 05:45:20,app,True
142,1220,2025-10-31 01:34:55,web,True
203,1221,2024-12-08 16:47:27,web,True
133,1222,2024-07-18 08:28:56,app,True
85,1223,2024-10-12 01:16:12,cajero,True
12,1224,2026-02-28 03:10:24,web,True
1172,1225,2024-08-09 14:58:28,app,False
313,1226,2025-02-27 22:32:28,web,True
55,1227,2025-07-20 02:35:39,web,True
807,1228,2025-04-05 08:14:44,web,False
95,1229,2026-02-17 00:53:36,web,True
57,1230,2025-09-14 02:41:29,cajero,True
53,1231,2024-11-15 12:36:21,app,True
1294,1232,2025-07-21 11:10:39,web,False
355,1233,2024-05-27 13:04:14,web,True
141,1234,2025-08-17 07:06:50,cajero,True
415,1235,2025-12-15 05:02:42,cajero,True
249,1236,2026-03-13 13:29:01,cajero,True
388,1237,2024-06-26 06:31:30,app,True
193,1238,2025-01-07 01:42:14,cajero,True
95,1239,2024-05-14 01:02:45,web,True
1194,1240,2025-05-17 02:38:29,app,True
261,1241,2024-07-03 08:39:00,app,True
414,1242,2024-10-07 12:17:21,cajero,True
667,1243,2025-02-15 15:47:49,app,False
45,1244,2025-05-19 17:41:17,app,True
194,1245,2025-06-09 04:40:57,app,True
168,1246,2025-10-04 01:27:58,cajero,True
99,1247,2025-01-13 23:18:14,cajero,True
60,1248,2024-10-16 10:45:46,cajero,True
1326,1249,2024-06-12 22:11:06,app,True
33,1250,2025-11-03 22:13:19,cajero,True
40,1251,2025-11-18 21:19:44,cajero,True
189,1252,2025-04-26 01:41:57,cajero,True
998,1253,2024-08-04 21:33:57,app,True
56,1254,2024-11-10 04:36:34,web,True
817,1255,2026-03-14 20:01:54,app,False
23,1256,2026-02-18 04:05:25,web,True
74,1257,2025-10-01 12:19:23,cajero,True
397,1258,2025-12-10 07:22:48,web,True
67,1259,2026-02-09 12:32:37,app,True
1231,1260,2026-02-25 20:37:09,web,True
348,1261,2026-02-15 07:45:22,app,True
63,1262,2025-12-19 20:47:51,web,True
615,1263,2025-12-22 13:50:50,web,True
461,1264,2025-02-17 06:07:14,app,True
86,1265,2025-12-03 05:23:07,web,True
195,1266,2025-02-13 03:58:18,app,True
14,1267,2025-12-10 12:32:23,web,True
351,1268,2024-09-30 04:45:59,app,True
58,1269,2025-09-30 13:54:16,app,True
268,1270,2025-03-19 08:06:03,cajero,True
153,1271,2026-02-18 09:15:02,web,True
355,1272,2024-09-07 08:09:33,app,True
12,1273,2024-10-07 12:05:05,app,True
268,1274,2024-09-07 10:50:42,web,True
232,1275,2024-12-16 14:34:35,app,False
285,1276,2024-05-05 00:28:31,cajero,True
365,1277,2024-11-20 19:16:50,web,True
142,1278,2024-11-22 14:56:47,app,True
340,1279,2024-06-26 20:32:24,web,True
111,1280,2025-08-28 17:04:08,app,True
115,1281,2025-11-13 05:40:58,app,True
190,1282,2024-08-11 06:40:32,web,False
387,1283,2025-06-18 23:28:04,cajero,True
32,1284,2025-04-03 10:28:05,cajero,True
336,1285,2024-09-15 16:20:21,cajero,True
63,1286,2025-04-25 01:04:51,web,True
781,1287,2025-09-15 16:18:04,cajero,True
52,1288,2025-10-03 13:07:13,web,True
369,1289,2025-12-16 14:44:39,app,True
1320,1290,2024-09-17 04:56:31,cajero,True
1049,1291,2025-10-31 07:50:20,cajero,True
311,1292,2025-01-01 05:07:03,cajero,True
413,1293,2025-09-07 19:38:39,web,True
396,1294,2026-01-05 23:26:47,cajero,True
11,1295,2024-06-06 08:04:17,cajero,True
238,1296,2024-06-06 09:06:55,web,True
63,1297,2024-09-03 13:26:37,web,True
273,1298,2024-09-17 03:12:51,web,True
4,1299,2024-12-20 01:47:17,app,True
181,1300,2024-09-22 17:53:26,app,True
1278,1301,2025-12-25 06:41:20,app,True
216,1302,2026-02-13 09:06:14,web,True
398,1303,2026-04-23 16:52:54,app,True
150,1304,2025-10-22 12:49:41,cajero,True
355,1305,2025-09-01 09:10:00,cajero,True
213,1306,2025-03-09 10:43:15,web,True
237,1307,2025-03-01 18:40:50,web,False
322,1308,2026-03-20 04:30:54,web,True
228,1309,2026-04-03 09:42:16,web,True
214,1310,2025-04-01 07:48:08,app,True
410,1311,2025-11-27 06:34:28,app,True
1360,1312,2025-06-10 06:05:22,cajero,True
394,1313,2025-02-04 18:37:04,app,True
46,1314,2024-08-12 08:30:54,cajero,True
285,1315,2025-01-07 23:51:02,app,True
1034,1316,2025-10-11 16:08:37,app,True
305,1317,2024-12-09 07:42:56,cajero,True
115,1318,2025-07-05 02:22:17,cajero,True
42,1319,2024-10-14 17:49:35,cajero,True
601,1320,2025-04-17 09:11:04,web,True
954,1321,2024-07-11 03:23:48,web,True
195,1322,2025-03-01 17:15:23,cajero,True
420,1323,2026-02-15 10:08:10,cajero,True
227,1324,2026-01-20 07:06:20,cajero,True
118,1325,2024-08-09 21:21:48,web,True
321,1326,2024-10-20 22:04:44,app,True
249,1327,2024-12-22 18:33:58,web,True
132,1328,2025-10-27 10:10:49,app,True
1387,1329,2025-02-28 23:27:49,app,False
556,1330,2025-10-29 23:47:33,cajero,True
346,1331,2025-03-04 05:24:17,web,True
336,1332,2024-12-21 13:24:27,app,True
260,1333,2024-07-17 19:56:40,web,True
224,1334,2024-05-27 01:26:50,app,True
30,1335,2024-05-25 14:22:47,cajero,True
398,1336,2025-05-13 16:29:02,web,True
395,1337,2025-09-15 10:15:19,app,True
493,1338,2025-11-17 18:12:38,cajero,True
995,1339,2025-07-12 02:09:38,web,True
515,1340,2024-09-26 02:09:15,cajero,True
212,1341,2024-06-08 23:43:24,app,True
366,1342,2024-07-10 19:48:56,app,True
232,1343,2025-04-19 13:10:39,web,True
102,1344,2025-07-13 06:51:26,app,True
136,1345,2026-01-17 18:19:01,app,True
264,1346,2024-06-10 19:32:19,cajero,True
193,1347,2024-12-24 04:19:40,app,True
101,1348,2024-09-18 21:58:44,app,True
319,1349,2024-08-17 10:27:08,app,True
200,1350,2025-12-21 04:41:58,app,True
279,1351,2024-11-24 22:04:18,app,True
91,1352,2024-12-11 09:11:57,cajero,True
995,1353,2025-04-24 20:51:00,cajero,True
299,1354,2026-04-04 08:27:47,cajero,True
825,1355,2025-05-09 11:13:13,app,True
286,1356,2025-12-07 05:06:50,web,True
387,1357,2026-01-31 13:55:45,app,True
407,1358,2026-03-10 12:06:20,web,True
155,1359,2025-04-28 19:16:14,app,True
360,1360,2024-09-23 04:52:17,cajero,True
162,1361,2024-12-19 18:19:41,web,True
358,1362,2025-03-21 09:32:02,cajero,True
261,1363,2025-12-07 00:48:35,web,True
1038,1364,2024-05-17 03:37:08,web,True
322,1365,2025-01-27 01:48:32,app,True
334,1366,2025-12-28 08:18:33,cajero,True
274,1367,2025-01-14 19:55:44,web,True
133,1368,2025-07-17 21:15:58,web,True
1204,1369,2024-05-02 12:07:46,app,False
40,1370,2025-03-04 19:07:09,web,True
1226,1371,2025-04-28 10:58:57,web,True
248,1372,2024-10-12 17:41:19,web,True
234,1373,2025-03-10 18:55:24,app,False
273,1374,2025-05-20 09:38:34,cajero,True
292,1375,2024-11-13 14:08:49,cajero,True
52,1376,2025-07-17 06:34:08,app,True
56,1377,2024-12-03 04:44:07,app,True
797,1378,2025-09-12 22:01:20,app,True
96,1379,2025-03-29 17:39:19,web,True
1354,1380,2025-08-07 03:30:23,app,False
664,1381,2026-03-05 03:23:09,web,True
185,1382,2025-04-18 01:52:28,app,True
286,1383,2025-06-28 03:40:42,web,False
208,1384,2026-02-20 17:19:50,web,True
296,1385,2025-12-14 12:25:41,app,False
1234,1386,2026-04-22 09:03:14,cajero,True
241,1387,2024-08-03 09:23:21,cajero,True
486,1388,2025-09-17 12:29:46,app,True
132,1389,2026-02-18 19:56:00,web,True
231,1390,2025-08-15 02:22:11,app,True
60,1391,2025-05-23 11:13:22,cajero,True
245,1392,2026-03-04 14:28:38,cajero,True
176,1393,2026-03-04 01:57:48,cajero,True
778,1394,2025-01-30 22:10:26,cajero,True
268,1395,2024-09-03 18:20:18,app,True
187,1396,2025-11-07 01:51:40,app,True
881,1397,2026-04-06 18:21:05,cajero,True
370,1398,2025-07-22 07:40:25,app,True
376,1399,2025-07-04 06:07:59,cajero,True
211,1400,2025-10-07 12:00:52,web,True
395,1401,2025-05-10 08:15:54,web,True
266,1402,2025-03-31 15:03:21,cajero,True
246,1403,2025-05-10 07:04:33,app,True
209,1404,2026-02-07 03:26:02,web,True
291,1405,2024-10-26 02:03:03,app,False
366,1406,2024-09-03 14:50:01,cajero,True
135,1407,2024-11-20 12:22:34,web,True
410,1408,2025-01-17 22:03:06,web,True
10,1409,2025-05-08 19:50:10,app,True
411,1410,2026-01-23 00:22:25,app,False
52,1411,2025-03-23 17:14:42,app,True
1136,1412,2024-05-19 01:30:54,cajero,True
255,1413,2025-09-11 17:48:27,app,True
385,1414,2025-11-22 02:20:56,app,True
200,1415,2026-02-03 17:14:25,cajero,True
1262,1416,2024-09-02 17:56:38,app,True
206,1417,2024-07-23 08:10:28,web,True
1135,1418,2025-02-01 09:28:51,web,True
198,1419,2025-12-03 08:12:31,web,True
205,1420,2025-03-13 02:50:10,web,True
345,1421,2025-08-22 13:56:45,web,True
159,1422,2026-02-24 17:09:34,cajero,True
325,1423,2024-07-20 10:59:12,app,True
16,1424,2024-10-29 11:41:51,web,True
431,1425,2025-05-29 14:50:00,web,True
214,1426,2024-08-30 16:39:56,web,True
1269,1427,2026-01-13 22:55:36,app,True
62,1428,2024-09-01 07:03:15,cajero,True
214,1429,2024-12-21 18:11:27,web,True
337,1430,2025-08-27 12:22:12,web,True
1119,1431,2025-03-19 23:55:33,app,False
391,1432,2025-07-26 04:28:03,web,True
305,1433,2026-02-20 10:49:30,app,True
381,1434,2025-10-06 02:30:02,cajero,True
217,1435,2025-10-28 01:07:13,cajero,True
379,1436,2025-01-03 17:08:32,app,True
280,1437,2024-10-02 20:43:38,app,True
452,1438,2024-12-24 13:09:57,app,True
263,1439,2024-10-15 06:18:34,app,True
376,1440,2025-07-05 08:15:03,web,True
365,1441,2025-05-15 09:45:35,web,True
849,1442,2025-07-13 00:02:06,cajero,True
305,1443,2024-05-21 12:53:31,app,True
138,1444,2026-02-12 20:49:36,cajero,True
158,1445,2025-05-19 08:48:55,web,True
961,1446,2024-06-11 06:27:37,cajero,True
213,1447,2025-08-01 06:42:05,app,True
387,1448,2025-04-28 19:52:44,cajero,True
1212,1449,2024-09-23 07:48:15,web,True
578,1450,2026-01-28 22:05:56,app,True
194,1451,2024-12-17 19:29:07,web,True
360,1452,2025-10-11 11:50:47,web,True
176,1453,2025-01-11 14:21:09,app,False
387,1454,2025-07-24 14:48:39,app,True
55,1455,2024-12-03 16:58:53,cajero,True
1143,1456,2024-11-11 16:23:02,app,True
380,1457,2026-04-19 14:11:54,app,True
272,1458,2025-08-10 05:51:25,web,True
183,1459,2025-02-07 10:26:37,app,True
670,1460,2025-08-27 05:51:24,web,True
226,1461,2025-12-30 20:05:57,web,True
1040,1462,2025-04-06 01:28:27,app,True
67,1463,2024-12-09 22:29:02,cajero,True
255,1464,2025-12-06 06:56:56,web,True
320,1465,2025-08-16 13:22:52,web,True
121,1466,2026-02-13 05:53:10,cajero,True
1042,1467,2025-02-19 21:57:22,cajero,True
417,1468,2024-12-17 17:27:58,cajero,True
529,1469,2025-07-07 00:50:33,web,False
980,1470,2025-06-14 11:39:36,cajero,True
24,1471,2024-10-31 19:48:16,web,True
387,1472,2026-02-13 22:32:33,cajero,True
6,1473,2025-06-19 00:05:41,cajero,True
130,1474,2025-11-09 18:08:46,cajero,True
407,1475,2025-04-17 01:10:02,app,True
463,1476,2026-02-11 06:38:17,app,True
581,1477,2025-02-16 21:41:20,cajero,True
36,1478,2025-02-22 16:27:35,cajero,True
1254,1479,2024-05-01 16:44:31,app,True
257,1480,2025-07-15 01:01:49,app,True
57,1481,2026-01-26 15:44:16,web,True
227,1482,2025-12-18 11:52:33,cajero,True
9,1483,2026-01-17 04:35:13,app,True
323,1484,2025-06-23 13:56:39,cajero,True
404,1485,2025-11-02 10:29:54,web,True
108,1486,2025-07-31 09:53:03,web,True
1373,1487,2025-02-09 10:21:49,app,True
295,1488,2025-10-30 16:59:04,app,True
256,1489,2026-04-10 10:28:59,app,True
402,1490,2024-06-29 16:50:45,app,True
431,1491,2025-11-07 22:03:26,app,True
582,1492,2025-05-03 04:52:52,app,True
97,1493,2025-06-17 01:15:16,app,False
310,1494,2025-10-26 20:33:01,app,True
822,1495,2025-06-20 21:29:39,cajero,True
255,1496,2025-03-05 01:45:46,web,True
346,1497,2025-07-05 08:02:38,cajero,True
396,1498,2025-10-25 09:04:00,cajero,True
95,1499,2024-06-10 07:20:20,web,True
885,1500,2025-01-13 19:17:57,app,True
370,1501,2025-09-04 21:30:08,cajero,True
804,1502,2025-01-11 17:54:10,web,True
330,1503,2026-03-12 23:48:12,app,True
181,1504,2025-08-08 06:14:21,app,True
723,1505,2024-06-01 22:21:29,app,True
128,1506,2025-01-27 15:52:00,app,True
573,1507,2025-07-05 18:08:00,app,True
348,1508,2025-02-01 14:39:59,cajero,True
133,1509,2024-06-22 10:24:19,web,True
1032,1510,2025-05-23 15:06:13,web,True
158,1511,2025-08-21 22:52:21,app,True
72,1512,2025-11-03 16:32:37,app,True
156,1513,2024-11-08 09:23:52,cajero,True
360,1514,2025-09-18 14:01:58,web,True
124,1515,2025-09-06 14:44:54,web,True
1297,1516,2025-08-19 17:49:47,cajero,True
88,1517,2025-08-26 22:29:20,cajero,True
231,1518,2025-04-24 01:23:54,cajero,True
54,1519,2024-12-29 06:05:33,app,True
98,1520,2025-02-16 03:39:44,app,True
365,1521,2025-05-01 18:56:04,web,True
398,1522,2025-07-06 05:50:00,cajero,True
357,1523,2025-01-03 03:46:11,app,True
165,1524,2024-10-01 10:39:51,app,True
1310,1525,2024-09-24 17:49:41,web,True
42,1526,2024-05-17 21:57:13,web,True
369,1527,2024-06-23 07:29:42,web,True
66,1528,2025-05-23 23:35:35,cajero,True
154,1529,2025-02-12 20:37:01,web,True
306,1530,2026-02-18 10:18:03,app,True
33,1531,2025-09-14 04:21:21,app,True
18,1532,2024-12-03 21:16:44,app,True
96,1533,2025-12-12 02:45:23,web,True
20,1534,2025-05-29 15:43:34,app,True
432,1535,2024-09-18 09:24:22,app,True
13,1536,2025-06-06 16:38:51,web,True
358,1537,2025-09-24 14:55:58,cajero,True
325,1538,2025-12-22 17:56:10,web,True
201,1539,2025-01-19 13:49:55,cajero,True
9,1540,2025-05-30 11:54:02,cajero,True
365,1541,2025-12-21 23:12:38,app,True
415,1542,2026-03-19 09:58:05,web,True
160,1543,2025-03-05 08:38:43,app,True
511,1544,2025-04-09 13:56:16,app,True
79,1545,2025-12-04 03:10:27,web,True
122,1546,2026-01-16 11:33:41,app,True
30,1547,2025-11-18 16:09:42,app,True
224,1548,2024-07-17 13:54:32,cajero,True
294,1549,2026-03-22 16:15:04,app,True
165,1550,2024-10-22 11:40:13,web,False
240,1551,2025-01-30 05:28:46,web,True
823,1552,2024-06-14 07:48:34,cajero,True
164,1553,2025-02-21 19:29:54,web,True
342,1554,2025-08-16 12:45:51,web,False
107,1555,2024-06-16 00:29:24,app,True
208,1556,2025-03-08 14:08:42,app,True
231,1557,2025-02-13 12:47:04,app,True
1093,1558,2025-04-10 22:43:39,web,True
282,1559,2025-11-26 09:48:33,app,True
343,1560,2026-03-13 07:59:22,app,True
297,1561,2024-07-05 04:32:04,web,True
206,1562,2024-10-24 16:07:37,web,False
785,1563,2025-06-22 13:38:04,web,True
1275,1564,2025-06-03 13:41:58,app,True
238,1565,2025-11-09 18:14:02,cajero,True
591,1566,2025-09-03 07:31:53,cajero,True
218,1567,2026-04-05 03:35:20,app,True
35,1568,2026-01-20 14:18:05,cajero,True
254,1569,2025-01-15 04:54:13,app,True
1189,1570,2026-02-07 14:53:55,app,True
258,1571,2024-07-12 18:29:31,web,True
298,1572,2025-05-30 10:28:50,app,True
23,1573,2025-11-06 07:09:23,app,True
357,1574,2024-12-03 05:55:38,cajero,True
210,1575,2024-10-03 16:03:38,app,True
128,1576,2025-07-20 19:47:22,app,True
24,1577,2024-11-22 03:24:59,web,False
261,1578,2024-06-23 18:20:28,app,True
664,1579,2025-01-14 13:10:48,app,True
141,1580,2026-03-11 08:53:44,cajero,True
261,1581,2025-10-27 09:39:00,cajero,True
125,1582,2025-08-16 19:19:08,app,True
374,1583,2025-06-06 19:36:51,web,True
210,1584,2025-02-02 03:09:45,cajero,True
105,1585,2025-12-27 09:11:34,web,True
347,1586,2025-12-10 04:27:13,cajero,True
255,1587,2025-02-28 09:20:10,web,True
371,1588,2024-08-25 21:39:06,cajero,True
360,1589,2026-03-24 14:39:31,app,True
64,1590,2025-09-14 13:37:33,app,True
440,1591,2024-09-03 15:45:04,web,True
1374,1592,2025-03-10 02:31:51,app,True
34,1593,2024-06-03 12:23:56,cajero,True
338,1594,2025-10-18 18:53:32,web,True
360,1595,2024-11-20 05:15:49,web,True
286,1596,2025-01-04 14:26:45,web,True
387,1597,2025-12-15 12:49:56,app,False
115,1598,2026-03-08 15:02:57,web,True
1191,1599,2024-10-09 04:11:31,app,True
151,1600,2025-09-24 12:34:02,web,True
150,1601,2025-03-27 22:56:24,app,True
327,1602,2024-11-12 17:54:41,web,True
125,1603,2026-02-13 03:36:07,app,True
345,1604,2025-09-20 07:00:49,cajero,True
1125,1605,2024-09-14 17:39:43,web,True
409,1606,2025-03-05 22:26:20,app,True
128,1607,2025-08-21 06:42:41,cajero,True
39,1608,2025-04-10 02:22:48,app,False
41,1609,2024-09-03 15:07:10,cajero,True
383,1610,2025-01-13 03:05:02,app,True
952,1611,2025-01-20 01:49:15,app,False
158,1612,2024-10-04 18:15:23,cajero,True
4,1613,2025-08-21 01:12:01,app,True
140,1614,2025-10-19 11:31:34,cajero,True
435,1615,2025-02-06 06:09:50,app,True
1076,1616,2025-11-19 21:41:54,web,True
114,1617,2025-10-14 02:12:12,app,True
50,1618,2025-08-03 11:58:40,web,False
170,1619,2026-01-20 13:46:22,web,True
11,1620,2026-02-28 15:41:48,app,True
182,1621,2026-01-09 19:19:16,cajero,True
215,1622,2024-10-13 08:07:36,web,True
386,1623,2025-06-12 23:31:29,cajero,True
110,1624,2025-06-10 15:41:27,web,True
256,1625,2025-12-30 07:33:12,web,True
164,1626,2025-12-29 09:19:12,app,True
46,1627,2026-04-15 19:53:41,app,True
71,1628,2025-09-08 23:58:31,web,False
385,1629,2025-05-03 09:41:46,web,True
263,1630,2025-05-13 13:16:28,cajero,True
868,1631,2025-03-17 22:02:56,web,True
115,1632,2025-06-17 19:12:15,web,True
250,1633,2026-01-03 11:26:03,app,True
369,1634,2024-05-04 14:50:36,cajero,True
288,1635,2025-05-21 06:56:00,app,True
287,1636,2025-10-12 13:49:04,cajero,True
123,1637,2025-07-19 02:06:28,cajero,True
399,1638,2024-09-23 04:16:12,app,True
408,1639,2024-08-26 11:21:29,cajero,True
415,1640,2024-06-14 02:18:36,web,True
307,1641,2025-05-28 09:01:26,cajero,True
267,1642,2024-06-29 09:16:07,cajero,True
118,1643,2026-04-09 23:30:09,cajero,True
110,1644,2025-08-13 16:08:07,cajero,True
296,1645,2025-12-01 23:34:10,web,True
1399,1646,2026-03-16 20:29:04,web,True
102,1647,2026-01-28 18:40:41,web,True
175,1648,2024-09-26 14:21:35,web,True
157,1649,2025-08-04 09:46:56,cajero,True
14,1650,2025-12-09 15:59:32,cajero,True
323,1651,2025-12-06 11:05:31,web,True
178,1652,2025-10-01 10:29:29,app,True
222,1653,2025-02-13 05:25:49,cajero,True
27,1654,2025-10-15 13:35:20,cajero,True
115,1655,2025-12-07 16:59:13,web,True
1274,1656,2025-07-18 00:01:02,cajero,True
147,1657,2026-04-16 00:55:12,cajero,True
82,1658,2025-02-27 15:45:51,web,True
1128,1659,2024-10-09 17:58:33,cajero,True
993,1660,2024-08-26 11:27:44,web,True
299,1661,2025-10-16 04:27:27,cajero,True
46,1662,2025-06-12 22:16:42,cajero,True
138,1663,2025-03-17 23:57:26,web,True
1234,1664,2024-11-04 22:38:07,web,False
347,1665,2026-02-05 23:59:51,web,True
239,1666,2025-12-07 17:26:10,web,False
345,1667,2025-09-17 22:32:25,cajero,True
385,1668,2024-05-12 19:01:30,cajero,True
186,1669,2025-04-01 11:57:41,web,True
65,1670,2025-06-28 16:25:04,app,False
69,1671,2025-03-10 12:45:55,app,True
86,1672,2025-06-24 10:11:44,web,True
502,1673,2025-03-07 23:13:04,cajero,True
354,1674,2025-02-24 08:22:20,cajero,True
306,1675,2025-04-01 08:18:35,app,True
14,1676,2025-09-20 14:58:53,app,True
449,1677,2025-07-06 06:00:42,app,True
342,1678,2025-04-03 14:30:59,cajero,True
353,1679,2024-12-23 19:34:18,cajero,True
333,1680,2025-08-17 06:45:13,cajero,True
586,1681,2025-11-21 21:57:14,cajero,True
1045,1682,2026-03-29 17:58:55,web,True
268,1683,2026-02-08 01:05:29,cajero,True
416,1684,2024-08-10 16:58:13,app,True
271,1685,2024-07-04 12:32:10,web,False
353,1686,2024-08-21 23:34:28,cajero,True
391,1687,2024-11-23 22:48:12,app,True
21,1688,2026-04-10 01:23:08,cajero,True
263,1689,2025-05-02 22:46:43,app,True
226,1690,2024-09-21 00:27:25,app,True
415,1691,2024-06-22 00:44:38,web,False
114,1692,2025-03-15 19:31:36,app,True
306,1693,2026-04-21 01:31:19,web,True
167,1694,2024-07-19 07:15:08,cajero,True
308,1695,2025-02-18 11:16:32,app,True
766,1696,2025-05-01 10:31:26,cajero,True
67,1697,2025-09-17 08:45:55,app,True
229,1698,2026-04-24 03:10:02,web,True
1233,1699,2025-03-12 21:18:50,web,True
372,1700,2025-12-28 09:43:29,web,True
85,1701,2025-10-14 04:23:19,web,True
81,1702,2025-11-15 13:54:06,cajero,True
242,1703,2025-07-03 14:16:36,cajero,True
67,1704,2024-06-08 20:23:18,cajero,True
1229,1705,2025-11-23 09:43:33,web,True
377,1706,2025-11-23 18:19:11,cajero,True
318,1707,2025-11-16 04:03:05,web,True
329,1708,2024-12-02 23:10:15,web,True
285,1709,2025-09-12 09:13:53,cajero,True
73,1710,2024-07-29 05:22:48,app,True
399,1711,2025-04-22 14:17:17,web,True
408,1712,2024-12-30 20:46:19,web,True
617,1713,2024-11-24 01:11:13,cajero,True
26,1714,2025-12-27 02:36:30,cajero,True
370,1715,2024-05-11 00:24:04,web,True
126,1716,2026-04-29 01:20:56,web,True
361,1717,2025-01-01 16:02:27,cajero,True
101,1718,2024-06-24 09:47:25,web,True
1154,1719,2025-08-11 02:19:49,app,True
913,1720,2026-02-19 07:24:22,app,True
299,1721,2025-09-21 20:58:36,app,False
149,1722,2024-06-11 19:36:25,cajero,True
267,1723,2024-10-11 08:33:09,app,False
115,1724,2025-04-23 20:39:06,app,False
343,1725,2026-02-05 01:34:50,web,True
600,1726,2025-05-10 18:52:32,web,True
24,1727,2024-10-13 11:18:46,web,False
107,1728,2025-08-31 18:22:10,app,True
132,1729,2025-01-29 10:35:36,cajero,True
50,1730,2025-06-26 15:03:06,web,True
1263,1731,2025-08-20 07:26:44,cajero,True
218,1732,2026-01-03 15:22:52,web,True
283,1733,2024-07-06 16:03:06,cajero,True
169,1734,2025-11-16 05:10:31,app,False
251,1735,2024-05-03 19:23:04,web,True
352,1736,2025-05-22 20:14:35,web,True
312,1737,2024-05-02 10:09:39,app,True
1253,1738,2025-01-05 16:00:28,app,True
117,1739,2024-09-26 06:31:28,cajero,True
239,1740,2025-02-21 09:35:15,cajero,True
153,1741,2026-02-02 02:22:34,app,True
256,1742,2024-06-18 09:47:58,app,True
46,1743,2025-08-07 07:07:51,cajero,True
280,1744,2024-10-22 04:35:49,app,True
263,1745,2024-09-01 04:21:13,cajero,True
265,1746,2025-06-28 22:31:21,web,True
387,1747,2025-05-02 14:45:35,web,True
146,1748,2024-06-23 07:43:06,web,False
219,1749,2026-04-28 08:05:51,cajero,True
70,1750,2025-04-10 14:28:00,app,True
58,1751,2025-06-16 03:45:04,web,True
41,1752,2025-06-30 14:47:30,web,True
51,1753,2024-07-15 04:59:09,cajero,True
230,1754,2024-11-09 16:08:00,cajero,True
161,1755,2025-10-20 17:32:20,cajero,True
72,1756,2026-02-09 06:40:01,cajero,True
195,1757,2025-11-06 18:15:14,web,True
224,1758,2025-05-24 00:45:43,app,True
211,1759,2024-10-21 13:46:10,cajero,True
290,1760,2026-01-18 07:15:11,web,True
200,1761,2026-04-16 04:43:29,cajero,True
1311,1762,2024-07-28 07:07:03,app,True
138,1763,2024-09-09 07:40:02,cajero,True
269,1764,2025-08-30 11:56:05,cajero,True
367,1765,2025-09-20 05:09:40,app,True
263,1766,2024-06-24 00:58:09,cajero,True
75,1767,2025-04-16 07:57:12,cajero,True
231,1768,2026-01-07 17:03:00,cajero,True
44,1769,2026-04-16 17:18:40,app,True
25,1770,2025-04-03 15:07:28,app,True
243,1771,2025-12-10 04:19:07,app,True
133,1772,2025-01-20 19:13:51,web,True
192,1773,2026-02-25 02:58:14,cajero,True
266,1774,2024-07-02 07:26:45,cajero,True
1056,1775,2025-10-12 12:06:43,app,True
336,1776,2025-12-14 02:12:59,app,True
296,1777,2025-08-06 03:05:48,web,True
170,1778,2025-02-02 18:08:08,app,True
50,1779,2025-10-04 22:10:07,cajero,True
959,1780,2024-09-21 01:08:07,web,True
25,1781,2025-08-16 00:06:19,app,True
98,1782,2025-09-07 18:30:32,cajero,True
322,1783,2026-04-01 12:57:21,web,True
22,1784,2026-02-15 06:28:41,web,True
54,1785,2024-05-03 17:48:14,web,True
417,1786,2025-08-09 02:22:21,cajero,True
208,1787,2025-01-09 10:21:06,app,True
119,1788,2024-05-12 20:45:13,web,True
184,1789,2025-02-07 06:39:56,cajero,True
148,1790,2025-03-20 10:40:34,cajero,True
260,1791,2025-01-03 14:18:59,cajero,True
375,1792,2024-07-16 02:12:46,app,True
1366,1793,2025-07-16 06:16:37,app,True
389,1794,2024-11-28 20:37:45,app,True
47,1795,2024-06-11 06:43:12,web,True
354,1796,2026-02-15 19:56:04,web,False
189,1797,2025-09-19 18:23:28,app,True
966,1798,2026-03-23 17:25:49,cajero,True
103,1799,2025-07-14 08:53:20,web,True
235,1800,2024-07-29 10:22:56,cajero,True
322,1801,2025-04-22 02:12:57,cajero,True
178,1802,2025-07-24 11:00:36,app,True
224,1803,2025-06-15 05:48:43,web,True
403,1804,2026-02-22 08:30:52,web,True
331,1805,2025-04-19 11:05:43,cajero,True
3,1806,2024-08-30 23:11:04,cajero,True
135,1807,2024-08-31 12:03:16,app,True
287,1808,2025-10-05 22:35:49,cajero,True
386,1809,2024-11-19 09:39:23,web,True
182,1810,2025-03-03 18:33:37,app,True
678,1811,2026-02-27 18:39:47,web,True
660,1812,2025-05-11 10:44:21,cajero,True
338,1813,2025-03-06 20:59:53,cajero,True
412,1814,2025-01-06 00:13:19,app,True
99,1815,2024-05-26 04:27:12,cajero,True
159,1816,2024-06-22 23:08:18,web,True
1397,1817,2025-07-25 00:33:46,web,True
12,1818,2024-11-02 09:51:08,web,True
937,1819,2024-06-28 20:11:06,app,True
64,1820,2024-08-15 20:48:00,cajero,True
117,1821,2025-07-28 19:40:17,web,True
71,1822,2025-01-23 16:16:32,cajero,True
686,1823,2024-07-30 12:03:02,cajero,True
34,1824,2024-11-15 15:45:38,cajero,True
1095,1825,2026-01-03 23:57:16,app,False
48,1826,2025-04-24 19:17:31,cajero,True
98,1827,2024-08-07 14:56:14,web,True
343,1828,2025-08-04 10:30:53,web,True
56,1829,2025-02-28 22:36:58,app,True
241,1830,2025-04-11 03:28:10,cajero,True
132,1831,2025-09-21 04:27:11,cajero,True
129,1832,2024-07-29 05:39:21,app,True
48,1833,2024-11-06 08:05:14,app,True
222,1834,2026-03-11 22:03:12,cajero,True
560,1835,2025-05-16 04:47:47,cajero,True
271,1836,2025-04-30 02:20:00,web,True
409,1837,2024-11-01 19:54:21,web,True
633,1838,2025-10-12 18:34:56,app,True
155,1839,2025-11-21 19:39:10,cajero,True
202,1840,2025-10-01 22:20:09,web,True
162,1841,2024-08-25 02:25:57,cajero,True
161,1842,2024-11-14 20:00:01,web,True
88,1843,2025-04-29 13:03:45,web,False
296,1844,2025-12-03 09:57:49,app,True
21,1845,2025-04-23 04:09:42,cajero,True
1116,1846,2024-05-16 20:33:16,cajero,True
461,1847,2025-11-03 14:11:51,app,True
930,1848,2025-03-08 21:40:02,cajero,True
140,1849,2024-06-23 19:05:02,app,True
596,1850,2026-02-28 03:21:05,web,True
732,1851,2024-07-12 15:35:55,cajero,True
53,1852,2024-12-22 12:21:23,cajero,True
1375,1853,2025-04-20 04:17:14,web,True
11,1854,2024-05-09 01:26:16,web,True
54,1855,2025-03-27 17:33:16,web,True
258,1856,2024-07-02 15:41:48,app,True
362,1857,2025-12-13 17:16:40,web,True
746,1858,2025-11-30 04:50:09,app,True
73,1859,2024-08-13 18:09:28,cajero,True
288,1860,2025-11-06 12:33:00,web,True
1166,1861,2024-12-07 12:47:03,app,True
836,1862,2025-11-22 14:41:02,cajero,True
113,1863,2026-02-24 06:22:54,app,True
195,1864,2024-07-20 00:43:08,app,False
129,1865,2026-02-23 13:30:06,cajero,True
466,1866,2025-07-24 15:39:49,app,True
1149,1867,2024-08-29 09:09:31,cajero,True
949,1868,2024-05-31 11:03:17,web,True
1075,1869,2025-03-02 08:23:02,cajero,True
94,1870,2024-10-18 16:39:03,web,True
415,1871,2025-07-15 03:26:30,app,True
403,1872,2024-09-30 10:43:29,app,True
168,1873,2025-07-10 01:05:13,app,True
139,1874,2025-01-10 21:49:25,cajero,True
545,1875,2025-04-03 01:00:25,web,True
559,1876,2024-09-29 23:08:23,app,True
22,1877,2025-08-06 07:10:14,cajero,True
179,1878,2025-11-06 04:41:01,cajero,True
340,1879,2025-12-02 00:01:28,web,True
840,1880,2024-05-04 08:08:29,web,True
127,1881,2025-04-02 09:01:32,app,True
93,1882,2025-01-23 23:18:16,cajero,True
194,1883,2025-03-21 14:58:39,web,True
374,1884,2024-06-12 23:18:57,web,True
38,1885,2025-04-24 16:43:38,cajero,True
335,1886,2024-11-16 19:36:37,cajero,True
489,1887,2024-06-22 04:01:35,web,True
101,1888,2025-08-25 01:08:12,web,True
302,1889,2024-05-30 03:15:56,app,True
360,1890,2025-12-22 07:53:12,web,True
395,1891,2025-07-04 22:24:55,cajero,True
197,1892,2024-07-02 06:34:30,web,True
123,1893,2025-12-31 21:27:42,cajero,True
18,1894,2025-08-02 06:46:53,app,True
221,1895,2024-06-19 20:48:11,web,True
295,1896,2025-01-31 18:28:28,cajero,True
129,1897,2025-11-05 19:39:41,app,True
326,1898,2026-04-03 08:49:20,app,True
1261,1899,2025-08-11 14:57:06,app,False
340,1900,2025-12-23 13:15:27,web,True
188,1901,2024-12-22 23:28:46,cajero,True
1142,1902,2024-08-23 19:07:38,cajero,True
1311,1903,2025-12-31 12:02:59,web,True
369,1904,2026-04-07 12:02:59,web,True
370,1905,2025-12-13 18:28:56,cajero,True
335,1906,2025-05-20 13:58:31,web,True
98,1907,2025-07-12 04:31:43,cajero,True
138,1908,2024-06-14 21:42:04,app,True
683,1909,2026-02-02 20:25:38,cajero,True
431,1910,2025-03-25 04:17:54,web,True
374,1911,2025-11-30 18:01:26,cajero,True
283,1912,2025-07-11 23:50:32,web,True
355,1913,2025-06-21 08:17:24,app,False
189,1914,2025-08-08 20:07:49,web,False
209,1915,2024-05-10 03:15:00,web,True
35,1916,2025-06-02 23:50:09,web,True
275,1917,2025-06-25 08:04:56,app,True
492,1918,2025-04-06 14:09:26,cajero,True
1198,1919,2025-01-31 07:34:30,cajero,True
1219,1920,2025-02-04 10:10:10,app,True
1230,1921,2025-08-05 14:29:31,web,True
25,1922,2025-02-20 09:42:41,web,True
313,1923,2024-06-03 19:36:41,web,True
419,1924,2024-07-04 01:05:48,web,False
14,1925,2024-08-23 13:06:30,cajero,True
60,1926,2024-05-01 09:55:10,cajero,True
1139,1927,2024-11-06 20:31:17,web,True
51,1928,2025-06-08 00:19:34,app,True
235,1929,2026-01-30 13:08:22,cajero,True
280,1930,2024-07-02 22:35:12,app,True
186,1931,2025-07-03 05:19:54,app,True
409,1932,2024-08-20 06:33:26,web,True
604,1933,2025-10-06 14:29:41,cajero,True
100,1934,2026-04-20 16:12:22,cajero,True
161,1935,2026-03-12 05:50:18,cajero,True
262,1936,2024-10-07 13:24:41,web,True
210,1937,2024-08-29 23:20:36,cajero,True
147,1938,2024-09-02 19:57:57,web,True
1290,1939,2024-06-21 04:22:30,app,True
225,1940,2026-03-29 23:43:50,cajero,True
29,1941,2026-03-17 08:12:55,cajero,True
317,1942,2024-05-16 05:16:55,app,True
418,1943,2024-12-29 22:54:33,web,False
56,1944,2024-12-08 05:48:28,web,True
1332,1945,2025-07-30 07:53:59,cajero,True
1362,1946,2025-05-12 16:02:27,web,True
208,1947,2024-05-16 02:07:18,cajero,True
362,1948,2026-03-17 18:48:11,app,True
312,1949,2025-07-13 13:18:22,web,True
192,1950,2025-02-18 18:35:56,web,True
300,1951,2025-07-11 14:40:54,web,True
858,1952,2024-07-22 11:54:16,cajero,True
634,1953,2024-11-22 12:24:16,app,True
146,1954,2026-03-29 18:05:12,cajero,True
397,1955,2024-08-01 06:39:07,web,True
419,1956,2024-07-15 16:14:04,web,True
330,1957,2025-01-09 20:50:56,web,True
1255,1958,2024-10-14 13:39:22,app,True
296,1959,2024-07-21 10:56:21,web,True
235,1960,2025-04-19 11:36:16,app,True
196,1961,2025-09-10 01:32:39,cajero,True
826,1962,2025-09-13 19:15:14,cajero,True
298,1963,2026-03-16 22:05:07,app,True
362,1964,2025-05-20 02:43:13,app,True
1295,1965,2024-07-25 14:35:33,web,True
659,1966,2026-01-21 19:07:10,cajero,True
972,1967,2024-11-22 03:46:05,app,True
158,1968,2024-09-03 05:10:27,cajero,True
69,1969,2025-07-26 10:24:29,app,True
53,1970,2025-07-18 00:59:37,cajero,True
13,1971,2024-12-07 19:55:30,cajero,True
220,1972,2025-08-02 11:47:20,web,True
774,1973,2025-10-09 11:36:01,cajero,True
317,1974,2025-08-12 11:49:13,web,True
149,1975,2026-02-05 20:13:07,web,True
6,1976,2025-09-25 09:12:24,cajero,True
13,1977,2025-09-16 23:50:05,web,True
407,1978,2025-05-05 19:10:55,cajero,True
142,1979,2025-11-21 08:09:10,app,True
294,1980,2026-01-28 13:22:37,app,True
368,1981,2025-08-10 19:21:37,web,True
12,1982,2025-03-27 15:48:11,web,True
143,1983,2025-04-21 00:15:19,app,True
317,1984,2026-01-04 14:31:04,cajero,True
171,1985,2024-11-05 02:35:16,web,True
23,1986,2024-08-06 00:08:47,cajero,True
19,1987,2025-01-08 15:16:55,app,True
188,1988,2024-11-01 09:33:05,app,True
183,1989,2026-02-10 23:56:08,app,True
330,1990,2025-01-20 15:35:47,app,True
231,1991,2025-01-07 02:17:09,app,True
256,1992,2025-01-12 07:23:44,app,True
142,1993,2024-12-10 08:46:23,web,True
230,1994,2025-11-17 17:10:08,cajero,True
970,1995,2024-05-25 13:11:03,cajero,True
42,1996,2025-05-07 10:22:08,cajero,True
66,1997,2025-05-29 14:44:38,app,True
104,1998,2026-02-11 21:24:06,web,True
129,1999,2025-05-09 14:17:59,web,True
1106,2000,2025-09-24 14:34:40,app,True
390,2001,2026-03-03 17:22:40,app,True
300,2002,2024-07-04 11:48:12,web,True
419,2003,2025-03-11 13:04:21,cajero,True
403,2004,2024-12-26 14:49:05,cajero,True
406,2005,2025-09-20 14:42:36,cajero,True
162,2006,2025-11-08 00:56:39,app,True
170,2007,2025-08-20 11:15:17,app,True
341,2008,2026-04-14 13:15:24,web,True
396,2009,2024-12-12 12:29:35,web,True
190,2010,2026-03-06 23:33:16,cajero,True
127,2011,2024-07-11 05:50:46,web,True
86,2012,2024-07-14 10:42:24,cajero,True
245,2013,2025-03-07 22:25:08,web,True
345,2014,2025-06-30 03:40:27,app,True
1012,2015,2025-05-14 14:56:25,web,True
416,2016,2026-01-13 11:31:18,cajero,True
1246,2017,2024-06-03 22:56:20,web,True
1286,2018,2026-03-18 05:06:57,app,True
491,2019,2025-07-07 00:50:10,app,False
244,2020,2025-10-24 15:28:24,app,True
372,2021,2024-08-24 00:25:13,cajero,True
414,2022,2025-08-23 20:31:29,web,False
41,2023,2026-03-22 19:15:07,web,True
810,2024,2026-02-24 18:16:00,cajero,True
1,2025,2026-01-25 05:53:48,web,True
58,2026,2024-05-09 08:01:39,app,False
1160,2027,2024-11-18 21:38:04,cajero,True
107,2028,2024-10-08 22:38:40,web,True
70,2029,2026-01-28 03:36:09,web,True
413,2030,2025-03-23 15:25:02,cajero,True
154,2031,2025-05-14 01:57:18,web,True
139,2032,2024-10-01 15:15:08,web,True
110,2033,2024-10-28 08:44:40,cajero,True
179,2034,2024-09-13 08:37:53,app,True
805,2035,2025-02-04 08:12:28,cajero,True
790,2036,2024-06-14 08:28:19,web,True
405,2037,2026-04-05 05:58:28,cajero,True
374,2038,2025-02-08 22:45:21,cajero,True
417,2039,2025-07-15 15:06:35,web,True
74,2040,2026-03-24 12:45:09,cajero,True
322,2041,2025-04-03 22:08:55,web,True
199,2042,2024-12-19 01:44:30,web,True
353,2043,2025-12-12 09:51:29,cajero,True
359,2044,2025-05-06 06:35:27,cajero,True
198,2045,2024-11-04 16:37:56,cajero,True
1368,2046,2026-04-03 14:54:39,web,True
340,2047,2025-11-03 21:31:01,web,False
401,2048,2025-09-03 01:02:50,web,False
196,2049,2025-12-23 12:14:45,cajero,True
1155,2050,2025-09-08 20:50:53,app,False
253,2051,2025-02-10 20:24:38,app,True
381,2052,2026-01-01 14:04:58,cajero,True
10,2053,2025-12-13 23:12:59,app,True
82,2054,2024-07-30 13:19:05,web,True
319,2055,2024-10-02 23:46:22,web,True
227,2056,2025-10-14 18:16:15,app,True
234,2057,2025-08-03 11:31:06,cajero,True
11,2058,2025-03-02 00:22:22,web,True
66,2059,2024-06-16 23:10:40,app,True
996,2060,2026-04-29 14:47:43,app,True
608,2061,2024-07-20 02:00:51,web,False
24,2062,2025-03-19 09:49:32,app,True
352,2063,2025-02-09 16:11:46,web,True
412,2064,2025-08-24 05:11:43,app,True
126,2065,2024-09-25 03:02:59,web,False
80,2066,2025-10-12 16:35:53,cajero,True
309,2067,2025-10-11 16:37:47,app,True
167,2068,2025-04-27 00:48:19,cajero,True
262,2069,2025-09-18 16:14:30,cajero,True
146,2070,2024-11-06 17:16:04,app,True
240,2071,2025-12-11 00:40:26,app,True
517,2072,2025-03-11 17:16:36,web,True
322,2073,2024-08-22 11:28:15,cajero,True
190,2074,2025-01-23 08:53:44,web,True
547,2075,2024-10-10 17:02:56,cajero,True
1363,2076,2025-02-03 18:02:12,app,True
381,2077,2025-09-14 06:24:38,cajero,True
46,2078,2025-10-23 18:45:47,app,True
68,2079,2024-10-25 07:27:42,web,True
134,2080,2025-02-03 05:39:10,web,False
894,2081,2024-08-08 05:25:13,app,True
160,2082,2025-04-13 09:33:12,app,True
843,2083,2025-06-29 10:21:54,app,True
409,2084,2024-08-14 03:06:19,cajero,True
341,2085,2024-05-06 17:09:16,app,True
781,2086,2024-10-23 13:51:39,app,True
195,2087,2024-12-22 09:27:51,app,True
177,2088,2025-05-02 02:39:52,app,True
406,2089,2026-03-24 07:57:06,web,True
1,2090,2025-07-22 07:09:56,app,True
63,2091,2025-05-20 09:10:32,app,True
43,2092,2024-12-18 14:56:14,web,True
186,2093,2024-11-11 22:32:44,cajero,True
144,2094,2024-10-29 12:43:29,app,True
117,2095,2025-01-03 23:01:08,cajero,True
1081,2096,2024-06-14 17:17:05,app,True
275,2097,2025-11-08 17:43:19,web,True
127,2098,2025-07-26 00:09:20,app,True
125,2099,2024-07-26 02:57:14,app,True
19,2100,2024-06-15 02:31:26,cajero,True
117,2101,2025-07-10 16:00:39,web,True
32,2102,2024-12-30 14:14:44,web,True
115,2103,2025-05-08 11:13:43,web,False
135,2104,2025-05-15 07:58:21,cajero,True
340,2105,2025-08-12 07:53:52,app,True
233,2106,2026-03-17 11:36:19,web,True
673,2107,2024-11-04 02:38:54,cajero,True
103,2108,2024-05-25 00:42:54,web,True
126,2109,2026-02-02 03:44:06,web,True
249,2110,2025-11-14 10:07:08,web,True
370,2111,2025-12-16 16:08:30,web,False
358,2112,2025-12-20 07:42:51,cajero,True
87,2113,2026-01-07 11:32:12,cajero,True
206,2114,2025-08-28 21:08:52,cajero,True
247,2115,2025-05-10 04:18:31,app,False
741,2116,2025-03-02 05:32:24,cajero,True
278,2117,2026-01-07 02:44:45,app,True
406,2118,2026-02-20 00:34:18,web,True
69,2119,2025-01-10 05:07:32,app,True
154,2120,2024-08-15 14:20:01,web,True
212,2121,2024-09-13 12:17:47,cajero,True
979,2122,2024-10-20 06:50:25,web,True
193,2123,2024-10-27 19:38:55,web,True
1,2124,2025-09-11 21:39:45,app,True
334,2125,2025-06-09 10:03:28,app,True
336,2126,2025-08-14 17:19:25,cajero,True
61,2127,2024-05-17 11:45:17,cajero,True
940,2128,2025-06-06 14:23:17,app,True
1271,2129,2024-09-01 18:14:02,web,True
286,2130,2025-10-21 01:07:42,app,True
1081,2131,2025-05-26 03:38:39,cajero,True
16,2132,2024-10-17 13:29:33,app,True
389,2133,2025-10-27 01:58:59,web,False
190,2134,2025-02-17 07:17:35,web,False
1354,2135,2024-10-13 06:51:11,cajero,True
212,2136,2026-01-10 21:42:33,app,True
342,2137,2024-10-18 20:05:32,app,True
41,2138,2024-10-07 23:29:31,cajero,True
782,2139,2026-03-08 02:28:11,web,True
64,2140,2025-02-26 23:38:15,cajero,True
219,2141,2025-08-16 15:45:41,app,False
1173,2142,2025-02-25 05:23:14,app,True
327,2143,2026-01-21 23:24:47,cajero,True
52,2144,2025-04-09 14:33:46,web,True
958,2145,2024-08-26 01:29:49,web,True
392,2146,2026-04-28 19:12:14,app,True
226,2147,2026-01-02 05:00:33,app,True
415,2148,2025-07-23 07:49:31,app,False
358,2149,2025-02-07 10:45:14,web,True
292,2150,2024-10-20 23:43:56,app,True
379,2151,2024-07-06 06:26:35,app,True
1356,2152,2025-05-28 07:41:52,cajero,True
69,2153,2025-06-07 06:33:13,app,True
237,2154,2025-02-06 20:58:18,cajero,True
311,2155,2025-02-28 02:42:40,app,True
243,2156,2024-10-03 03:01:20,app,True
399,2157,2025-12-06 09:11:41,web,True
299,2158,2025-09-17 12:17:31,app,True
215,2159,2026-02-24 13:39:54,web,True
420,2160,2025-04-20 20:08:02,web,True
122,2161,2025-07-23 05:05:10,app,True
203,2162,2025-04-15 20:30:03,web,True
277,2163,2025-03-04 12:53:30,cajero,True
325,2164,2026-02-21 09:21:37,cajero,True
178,2165,2025-05-17 03:16:54,cajero,True
796,2166,2024-07-03 05:36:36,app,True
73,2167,2024-08-11 17:33:32,cajero,True
163,2168,2024-09-10 06:21:36,web,True
381,2169,2025-02-19 22:26:18,web,False
494,2170,2024-12-11 01:04:14,app,True
333,2171,2024-08-20 11:27:56,app,True
81,2172,2025-02-11 05:30:48,web,True
79,2173,2025-01-29 17:29:36,web,True
659,2174,2025-10-16 10:24:59,web,True
198,2175,2025-05-09 21:01:19,web,True
1083,2176,2024-09-01 18:48:09,app,True
647,2177,2026-02-10 14:28:25,app,True
394,2178,2024-08-04 08:47:04,app,True
1177,2179,2025-03-13 14:49:15,cajero,True
77,2180,2025-11-18 04:37:49,app,True
715,2181,2024-10-15 04:06:06,web,True
377,2182,2026-01-18 03:28:30,app,True
191,2183,2025-11-21 09:51:22,cajero,True
1334,2184,2024-11-01 04:46:37,web,True
400,2185,2025-03-09 14:50:42,web,True
101,2186,2026-02-21 00:14:04,app,True
58,2187,2024-08-31 22:19:11,app,True
1028,2188,2024-07-18 11:17:48,cajero,True
356,2189,2024-12-05 17:35:06,app,True
94,2190,2025-05-07 16:51:01,app,True
320,2191,2024-10-18 19:33:33,cajero,True
121,2192,2026-02-25 12:17:59,web,True
416,2193,2024-12-24 03:30:19,app,True
317,2194,2025-05-23 15:08:14,app,True
187,2195,2025-09-19 14:20:05,web,False
420,2196,2025-07-28 05:59:29,app,True
59,2197,2024-09-09 21:15:12,app,True
403,2198,2025-06-07 06:09:12,cajero,True
145,2199,2024-09-21 12:31:38,cajero,True
1319,2200,2026-01-18 06:18:05,app,True
406,2201,2026-03-31 19:50:42,app,True
49,2202,2024-12-24 00:34:12,app,True
156,2203,2024-05-03 04:02:07,cajero,True
177,2204,2025-01-18 01:10:15,web,True
85,2205,2025-02-09 00:11:11,app,True
171,2206,2025-03-22 05:29:56,web,True
808,2207,2025-11-28 03:55:39,app,True
207,2208,2025-02-05 07:08:02,cajero,True
383,2209,2024-05-10 14:56:11,cajero,True
305,2210,2025-12-16 02:03:25,web,True
913,2211,2026-04-30 00:20:08,cajero,True
648,2212,2024-11-13 23:46:10,app,True
240,2213,2024-12-11 15:53:04,web,True
594,2214,2024-06-07 22:01:51,cajero,True
355,2215,2025-10-28 13:10:02,cajero,True
92,2216,2025-10-01 07:34:46,web,True
943,2217,2025-01-26 22:26:38,web,True
39,2218,2025-01-26 21:44:10,cajero,True
44,2219,2024-06-13 04:55:14,web,True
215,2220,2024-07-03 11:49:29,cajero,True
190,2221,2026-03-20 06:53:48,app,True
322,2222,2025-03-06 02:29:13,web,True
84,2223,2025-05-28 14:53:52,app,True
314,2224,2025-09-22 05:04:59,web,True
340,2225,2025-04-07 03:54:20,app,True
272,2226,2026-01-07 16:57:30,cajero,True
289,2227,2025-06-28 10:54:16,web,True
215,2228,2025-09-10 14:08:15,web,True
70,2229,2025-07-11 04:09:27,cajero,True
296,2230,2025-04-09 06:23:00,web,True
301,2231,2024-06-02 16:49:13,app,True
167,2232,2026-04-25 03:56:35,cajero,True
319,2233,2024-10-23 14:35:35,cajero,True
76,2234,2024-07-03 11:39:52,cajero,True
9,2235,2024-08-10 00:57:33,app,True
304,2236,2026-04-10 08:56:55,web,True
156,2237,2025-12-05 08:25:55,web,True
283,2238,2025-06-02 10:14:25,app,True
774,2239,2024-11-01 08:58:33,app,True
325,2240,2024-08-06 02:42:09,web,True
283,2241,2025-09-14 00:01:30,app,True
226,2242,2025-08-12 21:22:26,app,True
245,2243,2025-11-07 23:27:01,cajero,True
411,2244,2024-06-05 18:26:56,web,True
21,2245,2025-11-12 02:10:27,web,True
205,2246,2025-08-21 02:21:28,app,True
551,2247,2025-10-31 15:15:07,app,True
157,2248,2026-02-27 21:09:01,app,True
387,2249,2025-12-19 13:26:00,cajero,True
300,2250,2024-11-10 14:12:23,cajero,True
919,2251,2024-08-04 02:42:21,cajero,True
1136,2252,2025-06-23 19:48:45,cajero,True
121,2253,2025-08-10 22:35:02,cajero,True
85,2254,2026-04-02 01:42:33,app,True
374,2255,2025-09-05 05:11:17,web,True
21,2256,2024-11-15 20:12:28,web,True
682,2257,2024-12-16 13:09:22,web,True
805,2258,2025-08-02 01:46:22,app,True
210,2259,2025-05-23 10:14:56,web,True
112,2260,2024-12-27 03:59:38,cajero,True
68,2261,2025-02-17 11:38:42,web,True
329,2262,2026-01-29 13:48:57,web,True
96,2263,2026-03-15 21:23:01,app,True
917,2264,2026-04-12 15:18:29,cajero,True
379,2265,2026-03-14 07:49:29,app,True
152,2266,2026-04-26 15:29:55,cajero,True
78,2267,2025-10-16 02:11:12,web,False
38,2268,2025-10-01 04:56:56,web,True
120,2269,2024-11-19 04:51:24,cajero,True
184,2270,2025-11-01 00:17:27,app,True
4,2271,2025-06-03 22:21:47,cajero,True
230,2272,2024-09-21 12:34:07,cajero,True
114,2273,2026-04-28 04:26:02,cajero,True
374,2274,2025-08-27 03:04:31,web,True
171,2275,2025-10-25 07:04:23,cajero,True
311,2276,2025-09-05 02:33:19,app,True
192,2277,2025-06-27 07:30:16,cajero,True
343,2278,2025-10-01 23:47:01,cajero,True
152,2279,2024-07-25 03:57:21,cajero,True
1197,2280,2024-12-16 11:51:48,cajero,True
46,2281,2025-06-19 08:30:15,app,False
291,2282,2025-10-29 07:57:06,cajero,True
11,2283,2025-10-13 18:13:30,web,True
221,2284,2024-08-25 12:22:04,cajero,True
315,2285,2024-08-04 12:19:37,app,True
315,2286,2024-11-28 01:24:15,web,False
229,2287,2025-08-11 08:34:52,cajero,True
367,2288,2025-03-05 19:59:14,app,False
906,2289,2025-11-01 08:47:35,app,True
89,2290,2025-08-29 07:44:56,app,True
614,2291,2025-10-31 03:42:26,cajero,True
122,2292,2025-04-27 18:06:15,app,True
1311,2293,2024-05-12 23:23:36,web,True
266,2294,2026-04-09 08:36:56,cajero,True
1290,2295,2025-02-15 15:22:15,web,True
75,2296,2026-03-16 13:04:36,app,True
836,2297,2025-04-12 12:54:12,web,True
126,2298,2025-09-30 18:42:23,web,True
395,2299,2024-06-10 02:52:31,cajero,True
1011,2300,2024-09-28 11:12:43,cajero,True
679,2301,2024-07-08 02:51:31,web,True
357,2302,2026-03-15 03:22:35,app,False
265,2303,2024-05-18 18:44:56,app,False
370,2304,2025-04-21 17:31:12,cajero,True
32,2305,2024-06-23 06:07:53,cajero,True
118,2306,2024-08-16 13:12:02,app,True
206,2307,2025-09-12 09:13:52,cajero,True
272,2308,2024-07-05 01:55:05,app,True
143,2309,2025-04-04 11:23:46,app,False
167,2310,2026-04-26 05:54:12,web,True
413,2311,2025-11-03 16:34:26,cajero,True
390,2312,2025-06-25 03:59:55,app,False
323,2313,2025-08-04 14:27:43,app,True
1009,2314,2025-05-23 14:52:43,web,True
2,2315,2025-07-30 16:54:07,web,True
280,2316,2025-11-15 12:02:17,web,True
238,2317,2024-10-02 21:42:32,app,True
132,2318,2025-01-06 03:49:35,app,True
392,2319,2024-07-09 22:04:22,cajero,True
396,2320,2024-09-06 20:18:25,app,True
1194,2321,2024-09-08 06:30:32,cajero,True
410,2322,2026-03-25 09:23:29,app,True
331,2323,2025-12-24 02:22:07,cajero,True
40,2324,2024-08-12 06:43:37,app,True
389,2325,2025-04-03 03:30:52,app,True
399,2326,2024-12-30 01:22:03,web,True
74,2327,2025-12-28 21:36:10,web,True
222,2328,2024-09-23 13:49:31,app,True
406,2329,2025-08-08 13:29:06,web,True
325,2330,2025-12-12 23:41:35,app,True
35,2331,2025-01-03 06:53:39,cajero,True
980,2332,2025-04-01 03:16:17,cajero,True
335,2333,2026-02-12 00:47:09,cajero,True
23,2334,2024-07-20 18:33:16,cajero,True
646,2335,2024-07-30 12:07:14,web,True
52,2336,2026-01-20 17:45:48,app,True
155,2337,2024-05-11 17:26:14,web,True
139,2338,2025-09-06 13:06:33,cajero,True
944,2339,2025-11-21 06:14:20,app,True
24,2340,2024-08-22 14:30:18,app,True
306,2341,2025-01-23 03:15:54,cajero,True
62,2342,2024-06-20 08:30:25,app,False
168,2343,2024-07-13 04:48:58,cajero,True
7,2344,2026-03-19 10:32:28,cajero,True
368,2345,2025-11-16 14:12:37,web,False
333,2346,2026-04-13 08:01:44,cajero,True
781,2347,2026-02-20 12:00:18,cajero,True
1267,2348,2024-06-16 18:34:03,web,True
450,2349,2025-09-17 23:00:33,web,True
265,2350,2025-07-24 04:40:44,app,True
209,2351,2024-07-19 20:00:43,web,True
416,2352,2025-05-17 07:21:24,web,False
345,2353,2024-10-31 13:38:12,cajero,True
29,2354,2024-12-08 19:22:26,app,True
171,2355,2025-04-20 22:16:35,cajero,True
99,2356,2024-12-13 11:01:50,app,True
442,2357,2024-10-01 14:13:03,app,True
322,2358,2024-12-16 15:02:11,web,True
9,2359,2024-07-21 10:56:58,web,True
557,2360,2024-08-13 13:21:18,app,True
379,2361,2024-05-14 20:27:46,web,True
457,2362,2025-05-21 08:14:49,cajero,True
319,2363,2025-03-11 16:49:03,web,True
38,2364,2024-06-25 12:29:51,app,True
319,2365,2025-11-19 17:38:04,web,True
339,2366,2025-10-27 19:57:59,cajero,True
286,2367,2025-08-08 09:52:39,cajero,True
159,2368,2025-11-01 01:16:23,web,True
407,2369,2025-02-02 13:10:43,cajero,True
695,2370,2025-05-12 19:07:37,app,True
275,2371,2024-07-11 21:07:05,app,True
405,2372,2025-07-22 04:22:44,web,True
1161,2373,2025-01-23 19:14:51,app,True
347,2374,2024-11-23 02:15:58,web,True
1131,2375,2024-12-08 16:46:55,web,True
435,2376,2025-04-14 05:57:19,app,True
392,2377,2025-07-17 07:40:37,web,True
254,2378,2025-08-21 19:08:22,cajero,True
374,2379,2024-06-12 22:31:29,app,True
291,2380,2025-03-07 03:48:06,app,False
133,2381,2025-04-20 19:02:48,cajero,True
8,2382,2024-06-10 16:42:47,web,True
668,2383,2025-02-08 19:11:03,app,False
225,2384,2025-02-17 16:27:10,web,True
270,2385,2025-12-03 13:55:09,cajero,True
238,2386,2025-05-27 19:55:05,web,False
314,2387,2026-03-10 18:16:35,app,True
843,2388,2026-01-13 07:31:48,cajero,True
276,2389,2025-10-23 18:00:54,web,True
1152,2390,2025-12-31 02:24:58,web,True
23,2391,2025-12-14 18:50:08,web,True
123,2392,2026-03-12 21:22:22,cajero,True
123,2393,2025-06-12 05:39:24,cajero,True
77,2394,2024-08-08 12:57:01,cajero,True
917,2395,2025-07-29 04:36:49,app,True
198,2396,2026-04-13 03:41:48,cajero,True
121,2397,2024-08-09 03:43:20,web,False
302,2398,2024-07-22 11:02:16,app,True
200,2399,2024-09-24 01:46:52,app,True
419,2400,2024-08-10 13:34:41,app,True
225,2401,2025-09-21 05:11:54,cajero,True
190,2402,2025-03-09 05:50:45,cajero,True
384,2403,2024-12-04 00:39:50,app,True
424,2404,2025-10-09 17:10:02,app,True
23,2405,2024-11-01 21:26:26,cajero,True
157,2406,2025-02-26 07:15:22,web,True
871,2407,2025-11-06 09:51:54,app,True
176,2408,2025-10-28 19:44:47,cajero,True
914,2409,2025-07-08 08:31:13,cajero,True
872,2410,2024-05-23 22:21:08,cajero,True
129,2411,2024-11-04 16:33:36,cajero,True
112,2412,2025-08-12 21:51:33,app,True
752,2413,2026-04-09 01:22:58,web,False
653,2414,2025-07-14 17:02:34,web,True
1038,2415,2024-05-18 20:21:57,cajero,True
111,2416,2025-05-31 19:25:57,app,True
216,2417,2025-05-20 00:44:46,web,True
1387,2418,2024-07-08 09:14:57,web,True
377,2419,2025-05-21 15:21:19,app,True
264,2420,2024-07-24 17:11:05,cajero,True
387,2421,2024-07-30 00:19:26,cajero,True
1398,2422,2024-06-19 19:40:55,web,True
47,2423,2025-05-11 19:04:55,web,True
46,2424,2025-08-03 18:09:07,web,True
291,2425,2024-12-01 08:46:10,app,True
2,2426,2026-03-21 06:14:31,cajero,True
270,2427,2025-11-19 18:50:22,app,True
580,2428,2024-10-01 13:06:58,app,True
274,2429,2024-09-26 17:58:19,cajero,True
73,2430,2026-01-30 16:52:15,web,True
357,2431,2024-07-24 20:53:46,app,True
248,2432,2025-03-04 00:29:25,app,True
337,2433,2025-03-09 11:55:15,app,True
308,2434,2025-02-21 13:01:44,cajero,True
983,2435,2024-08-04 14:27:12,cajero,True
393,2436,2024-08-23 06:51:43,cajero,True
1361,2437,2025-02-26 20:55:19,web,True
39,2438,2024-06-04 19:48:33,cajero,True
636,2439,2025-12-06 22:04:56,web,True
231,2440,2026-04-06 00:31:51,web,True
279,2441,2024-05-07 02:38:24,web,True
82,2442,2026-04-05 16:39:53,web,True
28,2443,2026-04-27 16:39:19,cajero,True
15,2444,2025-01-12 10:01:54,web,False
55,2445,2025-08-17 00:49:10,web,True
1012,2446,2026-03-02 04:39:58,web,True
239,2447,2025-12-14 18:51:20,cajero,True
25,2448,2024-08-13 04:55:31,app,True
89,2449,2026-02-03 19:01:17,web,True
673,2450,2024-06-05 18:04:21,app,True
274,2451,2024-12-16 15:46:18,cajero,True
1219,2452,2024-06-09 18:29:54,app,True
285,2453,2025-05-30 21:14:20,web,False
330,2454,2024-10-09 01:29:54,cajero,True
189,2455,2026-04-09 21:15:58,app,True
750,2456,2026-02-21 06:28:32,web,True
151,2457,2025-02-12 02:40:26,web,True
410,2458,2025-01-08 05:38:22,app,True
310,2459,2025-01-16 05:27:05,app,True
1344,2460,2024-05-14 16:40:10,web,True
125,2461,2025-04-22 10:13:17,app,True
306,2462,2025-02-24 02:18:18,cajero,True
152,2463,2024-09-01 02:28:08,app,True
361,2464,2024-12-10 00:05:58,cajero,True
975,2465,2025-09-03 07:44:03,web,True
256,2466,2025-01-04 23:58:55,cajero,True
930,2467,2025-06-16 06:17:10,app,True
35,2468,2024-08-29 04:21:51,web,True
291,2469,2024-06-07 07:02:54,app,True
366,2470,2025-12-20 16:37:20,app,True
220,2471,2026-03-09 08:18:40,cajero,True
89,2472,2026-02-25 05:53:26,app,False
789,2473,2026-02-19 12:40:50,cajero,True
21,2474,2025-07-20 10:18:34,cajero,True
820,2475,2025-02-16 22:14:23,web,False
134,2476,2025-06-29 23:30:31,cajero,True
367,2477,2026-01-22 11:25:03,app,True
9,2478,2026-02-26 04:27:29,web,True
269,2479,2024-09-12 07:05:41,app,True
328,2480,2024-09-30 07:12:48,app,True
330,2481,2025-08-27 17:07:27,app,True
600,2482,2024-08-27 18:03:55,cajero,True
27,2483,2025-04-25 16:54:02,app,True
157,2484,2025-05-17 20:32:25,app,True
438,2485,2024-12-29 14:58:33,cajero,True
54,2486,2026-04-28 15:21:26,app,True
335,2487,2024-07-20 13:59:55,cajero,True
113,2488,2024-09-18 10:56:45,app,True
179,2489,2024-09-26 03:55:44,cajero,True
404,2490,2025-07-03 09:24:23,app,True
338,2491,2025-07-28 20:18:38,web,True
237,2492,2026-04-26 23:37:50,cajero,True
998,2493,2024-09-08 03:22:39,app,False
384,2494,2025-09-27 03:23:40,app,True
367,2495,2025-05-25 03:55:22,app,True
54,2496,2026-02-02 03:12:34,web,True
71,2497,2024-07-29 11:03:11,web,True
1330,2498,2024-05-13 16:39:53,web,True
230,2499,2025-08-12 04:56:52,web,True
223,2500,2024-11-04 08:18:55,cajero,True
