:START_ID,:END_ID,fecha_registro,precision,fuente
1,142,2025-10-29,22.21,GPS
2,714,2025-12-27,929.1,IP
3,260,2024-03-13,10.14,GPS
4,356,2025-01-22,12.65,GPS
5,141,2025-06-18,22.04,GPS
6,494,2026-02-23,15.86,GPS
7,211,2024-04-04,12.54,GPS
8,312,2024-07-16,26.07,GPS
9,666,2024-08-29,3535.43,IP
10,589,2025-03-05,6.5,GPS
11,591,2026-04-09,5.17,GPS
12,482,2023-06-26,22.13,GPS
13,628,2024-11-07,29.17,GPS
14,71,2026-01-21,10.75,GPS
15,675,2026-02-12,5.26,GPS
16,375,2025-10-18,21.87,GPS
17,697,2024-09-29,263.27,IP
18,349,2023-11-17,10.47,GPS
19,282,2024-03-16,6.15,GPS
20,237,2025-03-10,322.91,IP
21,4,2024-03-17,15.48,GPS
22,206,2024-07-05,28.45,GPS
23,51,2026-01-14,9.75,GPS
24,476,2024-05-28,730.12,IP
25,271,2023-06-17,29.14,GPS
26,12,2024-05-19,5.91,GPS
27,420,2024-09-03,1343.12,IP
28,709,2025-01-10,4522.96,IP
29,83,2025-08-13,5.61,GPS
30,573,2023-09-30,19.81,GPS
31,118,2025-09-19,23.33,GPS
32,733,2024-08-17,28.93,GPS
33,238,2024-11-11,17.1,GPS
34,379,2026-04-28,10.23,GPS
35,756,2025-06-14,10.29,GPS
36,49,2024-06-01,12.19,GPS
37,487,2023-06-23,999.74,IP
38,250,2024-12-06,19.01,GPS
39,207,2025-05-01,10.86,GPS
40,155,2023-11-10,26.43,GPS
41,774,2025-04-01,14.52,GPS
42,792,2024-03-19,11.55,GPS
43,421,2023-11-22,10.3,GPS
44,723,2024-08-23,2186.37,IP
45,518,2025-06-30,8.91,GPS
46,724,2024-04-29,29.38,GPS
47,291,2024-06-15,3428.15,IP
48,448,2025-01-11,25.74,GPS
49,470,2024-04-13,2831.02,IP
50,18,2023-06-18,26.88,GPS
51,278,2024-06-28,10.89,GPS
52,775,2025-03-24,25.04,GPS
53,59,2024-06-19,581.16,IP
54,603,2025-08-26,24.7,GPS
55,382,2023-11-02,26.6,GPS
56,266,2025-07-24,2000.11,IP
57,642,2023-10-04,15.87,GPS
58,294,2024-09-22,924.2,IP
59,611,2024-10-25,20.57,GPS
60,429,2025-10-18,7.64,GPS
61,411,2025-09-06,4062.28,IP
62,759,2024-10-22,4144.16,IP
63,422,2024-08-18,25.98,GPS
64,650,2025-12-11,24.65,GPS
65,41,2025-09-30,3713.72,IP
66,315,2025-11-15,7.82,GPS
67,659,2024-12-09,20.15,GPS
68,386,2025-10-01,28.39,GPS
69,699,2023-07-28,18.54,GPS
70,354,2024-03-31,273.1,IP
71,564,2024-06-26,1394.51,IP
72,162,2024-04-07,26.56,GPS
73,261,2025-09-12,3306.91,IP
74,154,2025-01-20,1949.29,IP
75,374,2023-05-29,8.5,GPS
76,525,2025-01-31,8.75,GPS
77,551,2026-03-16,833.7,IP
78,444,2024-01-07,3083.34,IP
79,6,2023-08-19,21.17,GPS
80,437,2024-09-03,25.07,GPS
81,783,2026-01-04,26.55,GPS
82,99,2024-09-18,27.57,GPS
83,232,2025-10-30,1780.37,IP
84,16,2025-12-05,1759.86,IP
85,274,2025-12-01,1019.54,IP
86,673,2025-07-26,2638.57,IP
87,594,2023-11-13,5.84,GPS
88,553,2024-11-05,3571.77,IP
89,205,2025-01-05,16.11,GPS
90,268,2023-12-25,1835.66,IP
91,406,2025-08-26,22.31,GPS
92,26,2024-08-12,710.59,IP
93,276,2025-09-14,4379.78,IP
94,678,2026-04-09,27.61,GPS
95,252,2024-07-27,3362.9,IP
96,494,2023-11-23,20.72,GPS
97,513,2024-01-15,2621.03,IP
98,68,2025-03-25,17.77,GPS
99,584,2023-06-29,16.55,GPS
100,520,2024-07-13,1582.5,IP
101,572,2025-05-23,14.19,GPS
102,716,2026-03-08,15.35,GPS
103,533,2024-12-03,14.4,GPS
104,380,2025-09-12,26.27,GPS
105,441,2023-05-08,10.12,GPS
106,129,2026-01-06,1801.63,IP
107,453,2024-07-18,29.82,GPS
108,645,2024-05-03,24.26,GPS
109,17,2024-07-13,4246.66,IP
110,771,2023-09-23,16.5,GPS
111,708,2025-01-12,24.2,GPS
112,529,2024-03-25,5.97,GPS
113,176,2025-05-16,18.45,GPS
114,133,2023-10-22,26.06,GPS
115,563,2024-12-08,14.39,GPS
116,565,2023-12-27,4275.97,IP
117,359,2023-07-15,749.78,IP
118,375,2026-04-08,3544.07,IP
119,336,2024-09-13,1850.24,IP
120,113,2024-01-22,28.13,GPS
121,37,2023-10-30,13.02,GPS
122,232,2024-06-13,29.36,GPS
123,426,2023-06-15,28.98,GPS
124,216,2024-12-27,1900.59,IP
125,286,2025-03-11,11.88,GPS
126,504,2025-08-18,20.77,GPS
127,530,2025-07-05,19.33,GPS
128,394,2023-06-01,22.53,GPS
129,124,2024-01-17,22.96,GPS
130,81,2023-05-17,9.41,GPS
131,165,2024-04-28,20.04,GPS
132,681,2025-04-16,16.52,GPS
133,579,2023-05-20,8.83,GPS
134,382,2026-02-24,12.13,GPS
135,677,2026-04-15,13.04,GPS
136,675,2023-08-09,19.7,GPS
137,201,2025-12-15,4811.51,IP
138,336,2024-11-02,9.35,GPS
139,52,2024-10-28,22.5,GPS
140,86,2024-09-16,29.42,GPS
141,50,2023-10-17,827.71,IP
142,372,2024-01-06,12.88,GPS
143,619,2023-12-30,6.14,GPS
144,742,2023-11-09,26.22,GPS
145,89,2024-08-31,22.77,GPS
146,81,2025-05-15,24.0,GPS
147,699,2024-05-29,20.36,GPS
148,176,2023-10-26,25.37,GPS
149,303,2024-08-22,5.75,GPS
150,698,2024-01-04,4357.0,IP
151,425,2025-11-20,1016.12,IP
152,435,2026-01-30,9.98,GPS
153,59,2025-04-10,10.99,GPS
154,23,2025-11-19,24.49,GPS
155,692,2023-06-06,3772.26,IP
156,7,2025-07-06,25.34,GPS
157,788,2025-12-03,20.54,GPS
158,746,2024-01-21,27.86,GPS
159,223,2023-06-11,2058.04,IP
160,27,2025-10-21,3708.29,IP
161,657,2025-09-08,2911.97,IP
162,269,2025-03-17,3902.07,IP
163,321,2025-09-18,23.33,GPS
164,594,2025-03-05,22.06,GPS
165,630,2026-04-22,10.48,GPS
166,414,2024-05-04,888.87,IP
167,201,2025-09-16,16.08,GPS
168,708,2026-01-31,21.63,GPS
169,663,2024-07-05,11.8,GPS
170,21,2025-09-28,23.04,GPS
171,500,2024-05-12,23.94,GPS
172,404,2023-05-13,17.33,GPS
173,615,2023-11-12,7.52,GPS
174,440,2023-05-18,2369.12,IP
175,214,2023-06-05,28.42,GPS
176,444,2023-08-17,10.52,GPS
177,353,2025-09-22,919.33,IP
178,651,2023-06-23,17.34,GPS
179,213,2025-01-25,19.53,GPS
180,477,2025-03-11,17.94,GPS
181,381,2023-05-07,1010.7,IP
182,167,2025-07-14,16.95,GPS
183,626,2026-04-25,21.22,GPS
184,204,2023-09-29,28.56,GPS
185,614,2024-01-02,16.12,GPS
186,185,2025-03-22,16.08,GPS
187,751,2023-06-18,11.01,GPS
188,34,2025-06-16,10.39,GPS
189,77,2024-04-21,3133.29,IP
190,300,2025-07-24,3171.99,IP
191,249,2025-11-17,4968.47,IP
192,796,2026-02-18,20.91,GPS
193,405,2026-03-04,201.05,IP
194,63,2025-08-30,18.43,GPS
195,69,2025-03-06,1664.22,IP
196,326,2025-06-30,18.54,GPS
197,557,2025-09-13,3736.02,IP
198,382,2023-06-06,24.32,GPS
199,502,2024-06-14,25.82,GPS
200,469,2025-04-22,1319.17,IP
201,187,2024-10-02,21.95,GPS
202,306,2023-05-02,12.18,GPS
203,38,2025-03-23,11.8,GPS
204,158,2023-11-20,23.69,GPS
205,480,2025-10-02,2576.4,IP
206,75,2023-07-31,28.07,GPS
207,622,2023-10-31,20.18,GPS
208,442,2025-03-19,11.27,GPS
209,107,2023-05-24,179.33,IP
210,439,2025-11-08,9.83,GPS
211,264,2024-09-24,16.65,GPS
212,567,2024-12-23,5.77,GPS
213,67,2025-02-26,7.86,GPS
214,702,2024-10-10,28.93,GPS
215,719,2024-06-19,27.46,GPS
216,454,2025-04-10,6.53,GPS
217,371,2025-09-05,4125.51,IP
218,147,2024-02-24,21.62,GPS
219,635,2026-03-17,64.8,IP
220,640,2025-08-31,2113.12,IP
221,685,2025-06-21,885.07,IP
222,595,2025-03-21,6.27,GPS
223,700,2023-06-05,20.39,GPS
224,235,2024-11-26,4452.95,IP
225,722,2026-04-27,12.96,GPS
226,236,2026-04-26,5.25,GPS
227,799,2024-09-26,18.88,GPS
228,485,2023-11-14,27.68,GPS
229,582,2025-05-10,18.48,GPS
230,161,2024-01-12,2118.56,IP
231,777,2025-08-23,3693.14,IP
232,566,2024-05-24,11.55,GPS
233,288,2025-07-03,9.82,GPS
234,276,2024-12-20,4723.22,IP
235,77,2025-09-03,396.24,IP
236,239,2024-01-27,19.77,GPS
237,594,2023-07-24,1976.85,IP
238,637,2024-05-22,24.77,GPS
239,408,2026-01-26,5.32,GPS
240,226,2025-09-17,29.85,GPS
241,140,2025-07-23,14.11,GPS
242,570,2025-11-05,27.3,GPS
243,680,2025-01-10,28.55,GPS
244,545,2024-11-27,15.3,GPS
245,383,2024-02-07,5.84,GPS
246,219,2023-06-17,2262.16,IP
247,146,2024-04-20,19.18,GPS
248,174,2024-04-04,518.25,IP
249,212,2024-11-18,20.74,GPS
250,154,2023-04-30,2743.76,IP
251,104,2023-09-30,7.65,GPS
252,201,2025-01-23,2121.42,IP
253,121,2024-06-24,948.06,IP
254,29,2024-09-30,3212.66,IP
255,226,2025-09-21,10.74,GPS
256,178,2023-05-09,3538.53,IP
257,354,2024-10-07,1009.89,IP
258,69,2024-12-14,7.45,GPS
259,782,2024-08-07,26.1,GPS
260,6,2023-08-14,11.65,GPS
261,784,2024-02-18,15.99,GPS
262,774,2023-11-26,13.67,GPS
263,637,2026-01-29,2895.21,IP
264,771,2025-03-15,24.13,GPS
265,94,2024-03-14,10.87,GPS
266,497,2025-03-07,18.92,GPS
267,779,2025-03-04,29.29,GPS
268,427,2024-07-26,4710.96,IP
269,791,2024-04-21,1052.38,IP
270,757,2025-03-30,7.6,GPS
271,775,2024-06-17,1040.32,IP
272,189,2024-09-25,6.83,GPS
273,38,2024-02-01,15.02,GPS
274,115,2025-03-17,18.83,GPS
275,399,2024-04-16,8.08,GPS
276,470,2024-06-26,3522.49,IP
277,671,2024-10-13,3585.26,IP
278,756,2025-05-18,2069.94,IP
279,388,2025-04-08,23.81,GPS
280,545,2024-12-12,1670.38,IP
281,507,2023-10-05,22.5,GPS
282,721,2024-06-13,381.48,IP
283,698,2024-01-27,21.59,GPS
284,176,2024-02-19,21.15,GPS
285,503,2025-03-25,20.43,GPS
286,704,2024-05-16,14.07,GPS
287,181,2024-05-02,19.35,GPS
288,531,2024-07-04,7.23,GPS
289,449,2024-08-24,970.17,IP
290,290,2023-12-06,19.37,GPS
291,397,2023-10-29,490.09,IP
292,139,2026-02-11,2589.55,IP
293,270,2024-06-14,13.22,GPS
294,22,2025-06-02,4145.77,IP
295,267,2023-06-04,10.33,GPS
296,383,2024-03-19,15.81,GPS
297,277,2025-03-11,4389.82,IP
298,261,2023-11-11,1943.52,IP
299,154,2023-10-28,16.6,GPS
300,456,2025-04-19,23.86,GPS
301,195,2025-06-18,8.06,GPS
302,591,2025-10-02,13.99,GPS
303,282,2025-12-02,14.83,GPS
304,167,2023-11-07,2963.6,IP
305,442,2026-02-01,14.22,GPS
306,283,2024-11-26,3256.24,IP
307,789,2024-10-27,7.41,GPS
308,751,2026-04-20,1478.73,IP
309,357,2025-08-25,15.28,GPS
310,126,2025-07-02,8.01,GPS
311,482,2025-10-05,14.13,GPS
312,244,2023-09-11,1566.14,IP
313,637,2023-07-03,20.85,GPS
314,52,2025-10-07,3460.98,IP
315,125,2024-11-20,22.29,GPS
316,253,2024-01-28,2118.26,IP
317,791,2026-01-02,25.24,GPS
318,295,2025-05-02,24.05,GPS
319,393,2024-04-20,19.68,GPS
320,680,2024-10-24,8.46,GPS
321,390,2025-03-12,4713.33,IP
322,81,2024-12-15,2752.88,IP
323,324,2025-11-14,20.12,GPS
324,689,2024-07-23,28.48,GPS
325,491,2025-02-18,3223.93,IP
326,248,2025-11-28,20.55,GPS
327,111,2025-01-22,12.56,GPS
328,692,2024-08-26,22.42,GPS
329,363,2024-02-28,13.28,GPS
330,746,2024-01-21,16.65,GPS
331,777,2023-05-16,21.06,GPS
332,521,2025-10-08,26.61,GPS
333,274,2025-09-02,2646.53,IP
334,716,2025-03-26,29.38,GPS
335,409,2024-10-02,9.34,GPS
336,170,2024-05-07,2958.19,IP
337,502,2026-03-01,20.86,GPS
338,493,2024-07-29,29.15,GPS
339,101,2024-04-08,8.95,GPS
340,264,2024-04-15,25.0,GPS
341,246,2025-09-22,2625.0,IP
342,379,2024-01-28,16.13,GPS
343,456,2024-11-27,2642.0,IP
344,516,2025-10-26,5.9,GPS
345,212,2023-09-01,8.75,GPS
346,723,2026-02-01,21.24,GPS
347,486,2024-07-13,6.85,GPS
348,421,2024-10-11,12.14,GPS
349,5,2024-08-20,25.25,GPS
350,710,2025-05-23,4762.42,IP
351,294,2025-02-15,4445.37,IP
352,544,2024-12-03,1430.32,IP
353,521,2023-10-03,5.84,GPS
354,744,2024-07-16,20.47,GPS
355,697,2024-06-17,11.79,GPS
356,214,2024-04-06,10.74,GPS
357,1,2024-09-27,3743.55,IP
358,399,2023-05-02,13.42,GPS
359,62,2025-04-22,391.98,IP
360,586,2026-01-10,1341.56,IP
361,680,2026-04-01,23.28,GPS
362,258,2025-08-08,5.46,GPS
363,147,2024-09-08,4162.17,IP
364,72,2026-03-28,7.41,GPS
365,314,2023-10-06,20.51,GPS
366,42,2026-02-25,111.85,IP
367,736,2026-03-01,2614.66,IP
368,184,2024-10-30,7.56,GPS
369,143,2024-10-23,8.52,GPS
370,186,2024-06-21,29.72,GPS
371,518,2025-08-05,4971.66,IP
372,699,2024-04-16,3859.88,IP
373,272,2023-08-03,23.05,GPS
374,602,2025-04-25,29.71,GPS
375,760,2023-05-25,21.23,GPS
376,272,2025-03-10,23.94,GPS
377,620,2023-12-10,16.67,GPS
378,151,2023-09-14,4060.27,IP
379,526,2025-01-29,27.73,GPS
380,181,2024-04-04,5.2,GPS
381,303,2023-06-15,3445.74,IP
382,247,2025-04-22,14.21,GPS
383,593,2024-07-12,20.94,GPS
384,691,2024-06-16,23.13,GPS
385,80,2025-04-23,3426.38,IP
386,554,2023-09-02,2892.15,IP
387,148,2026-04-27,29.41,GPS
388,54,2025-09-08,27.87,GPS
389,111,2026-01-23,4038.55,IP
390,756,2024-11-05,14.93,GPS
391,120,2025-05-10,28.27,GPS
392,543,2024-07-19,13.66,GPS
393,177,2026-01-20,8.96,GPS
394,44,2023-07-22,11.84,GPS
395,313,2025-08-10,120.16,IP
396,234,2023-05-28,1722.19,IP
397,628,2025-08-14,29.48,GPS
398,274,2025-11-18,17.37,GPS
399,595,2023-08-14,16.16,GPS
400,106,2025-01-13,26.07,GPS
401,581,2024-02-03,9.85,GPS
402,503,2025-02-25,7.34,GPS
403,787,2024-10-30,2652.77,IP
404,521,2023-12-31,5.43,GPS
405,770,2025-08-28,593.63,IP
406,427,2024-12-12,1356.6,IP
407,231,2025-01-17,15.63,GPS
408,759,2026-03-18,3836.96,IP
409,71,2024-09-24,19.5,GPS
410,502,2025-03-26,21.97,GPS
411,53,2024-01-14,7.4,GPS
412,724,2024-03-01,25.29,GPS
413,242,2025-09-30,2747.72,IP
414,731,2023-12-20,20.81,GPS
415,461,2025-11-17,6.0,GPS
416,744,2024-05-04,4976.1,IP
417,282,2023-11-01,8.17,GPS
418,435,2025-09-30,29.69,GPS
419,122,2025-03-10,24.31,GPS
420,301,2024-07-13,21.35,GPS
421,402,2025-08-14,3535.9,IP
422,751,2025-07-06,9.19,GPS
423,112,2024-04-03,4552.29,IP
424,676,2025-12-27,29.39,GPS
425,307,2023-09-14,27.54,GPS
426,709,2025-04-09,8.02,GPS
427,125,2024-11-21,2820.13,IP
428,347,2025-09-18,21.66,GPS
429,652,2026-01-12,16.97,GPS
430,421,2023-06-17,19.37,GPS
431,94,2024-08-06,2140.13,IP
432,92,2023-06-19,9.45,GPS
433,454,2024-12-18,12.18,GPS
434,214,2025-05-25,281.85,IP
435,270,2025-08-08,2011.77,IP
436,645,2025-04-23,3032.57,IP
437,393,2025-06-10,23.34,GPS
438,661,2024-12-07,2537.0,IP
439,170,2025-05-27,29.71,GPS
440,186,2025-02-11,1960.91,IP
441,416,2025-12-13,25.53,GPS
442,584,2025-07-26,690.71,IP
443,40,2024-08-12,20.02,GPS
444,588,2024-12-08,6.36,GPS
445,100,2024-01-02,27.72,GPS
446,10,2025-02-06,13.75,GPS
447,779,2024-12-25,10.29,GPS
448,7,2024-07-01,7.26,GPS
449,211,2024-07-19,15.43,GPS
450,779,2024-09-09,15.61,GPS
451,462,2024-09-13,14.65,GPS
452,77,2024-06-30,17.29,GPS
453,311,2024-05-05,25.39,GPS
454,641,2025-04-22,3044.25,IP
455,41,2024-09-14,7.34,GPS
456,263,2025-10-21,8.02,GPS
457,325,2025-12-09,5.01,GPS
458,97,2023-05-08,4057.24,IP
459,767,2025-01-18,21.99,GPS
460,406,2024-04-04,14.64,GPS
461,94,2025-03-27,1702.29,IP
462,723,2025-02-27,4910.37,IP
463,394,2024-12-27,11.98,GPS
464,514,2025-07-16,16.29,GPS
465,439,2024-05-09,6.18,GPS
466,394,2025-07-19,3287.35,IP
467,317,2024-11-19,5.66,GPS
468,626,2023-05-03,17.88,GPS
469,42,2025-03-15,17.58,GPS
470,138,2025-06-01,24.49,GPS
471,665,2025-12-17,1224.71,IP
472,2,2026-03-25,4950.41,IP
473,296,2024-10-27,3090.55,IP
474,776,2025-08-21,21.74,GPS
475,691,2023-12-09,18.17,GPS
476,210,2026-02-14,190.67,IP
477,280,2024-02-17,1526.39,IP
478,590,2026-02-23,22.61,GPS
479,776,2023-11-27,15.46,GPS
480,758,2023-10-25,14.71,GPS
481,638,2025-11-24,2870.55,IP
482,56,2025-03-05,25.38,GPS
483,274,2026-01-26,2347.54,IP
484,680,2024-11-26,19.77,GPS
485,123,2025-06-08,20.54,GPS
486,251,2023-08-12,28.34,GPS
487,526,2023-08-23,23.72,GPS
488,715,2024-05-05,5.06,GPS
489,288,2024-07-19,2168.4,IP
490,702,2024-05-17,12.57,GPS
491,481,2026-04-07,18.91,GPS
492,132,2025-05-27,13.7,GPS
493,5,2023-09-23,12.07,GPS
494,424,2024-05-01,9.88,GPS
495,84,2025-06-07,911.54,IP
496,157,2025-01-04,27.34,GPS
497,389,2023-09-09,20.52,GPS
498,770,2024-12-26,27.6,GPS
499,278,2025-01-25,24.64,GPS
500,564,2026-02-23,835.64,IP
501,474,2024-12-05,28.3,GPS
502,613,2025-05-13,11.05,GPS
503,145,2023-09-23,25.02,GPS
504,3,2023-12-07,492.7,IP
505,569,2024-01-13,12.39,GPS
506,206,2024-12-19,25.34,GPS
507,295,2024-06-09,8.37,GPS
508,198,2023-12-29,18.26,GPS
509,266,2024-12-11,6.62,GPS
510,307,2023-05-27,20.11,GPS
511,80,2025-06-29,1020.99,IP
512,595,2023-11-20,12.71,GPS
513,192,2024-10-23,2248.11,IP
514,688,2025-01-19,11.97,GPS
515,494,2023-08-09,8.53,GPS
516,611,2026-01-11,25.61,GPS
517,570,2025-05-04,21.09,GPS
518,583,2025-07-01,26.07,GPS
519,19,2023-07-19,20.17,GPS
520,204,2025-04-06,4311.79,IP
521,87,2025-06-10,5.7,GPS
522,732,2024-12-02,26.15,GPS
523,26,2026-04-07,20.54,GPS
524,161,2023-05-20,7.19,GPS
525,413,2024-11-04,4232.17,IP
526,214,2025-06-07,27.7,GPS
527,746,2025-12-19,4097.34,IP
528,36,2025-04-11,23.09,GPS
529,428,2025-01-17,6.64,GPS
530,80,2025-03-07,3514.04,IP
531,635,2025-09-13,8.47,GPS
532,166,2024-07-15,12.26,GPS
533,422,2024-12-06,12.8,GPS
534,267,2023-05-01,14.51,GPS
535,32,2026-02-13,24.36,GPS
536,417,2026-02-24,27.1,GPS
537,448,2025-12-22,4706.18,IP
538,311,2025-11-04,11.45,GPS
539,652,2025-05-25,28.64,GPS
540,202,2024-05-13,12.15,GPS
541,743,2024-02-06,19.08,GPS
542,635,2023-10-03,27.21,GPS
543,117,2024-02-10,17.96,GPS
544,190,2025-08-16,15.12,GPS
545,600,2025-01-22,9.34,GPS
546,208,2024-06-01,20.06,GPS
547,168,2025-12-02,16.44,GPS
548,319,2023-07-03,383.28,IP
549,714,2025-10-28,23.61,GPS
550,627,2024-09-08,20.07,GPS
551,489,2024-07-01,2530.09,IP
552,445,2025-10-07,3903.5,IP
553,298,2026-04-03,19.71,GPS
554,87,2026-02-08,20.62,GPS
555,40,2023-12-03,581.78,IP
556,146,2025-06-20,12.21,GPS
557,524,2025-05-16,11.22,GPS
558,591,2023-09-11,3716.15,IP
559,686,2023-12-19,56.04,IP
560,778,2025-12-14,8.83,GPS
561,419,2024-01-19,27.84,GPS
562,793,2025-02-13,623.57,IP
563,607,2024-02-17,21.19,GPS
564,117,2024-01-17,616.53,IP
565,535,2024-06-18,23.94,GPS
566,800,2025-10-24,5.65,GPS
567,327,2026-02-11,1704.55,IP
568,471,2025-09-04,22.14,GPS
569,560,2025-10-18,18.24,GPS
570,442,2024-03-20,17.09,GPS
571,408,2024-02-15,12.91,GPS
572,447,2024-03-24,9.74,GPS
573,497,2025-02-22,17.95,GPS
574,506,2023-11-21,7.66,GPS
575,732,2023-10-20,540.77,IP
576,533,2026-04-29,1197.78,IP
577,550,2024-10-18,11.99,GPS
578,520,2023-04-30,3745.52,IP
579,700,2024-10-12,2713.05,IP
580,374,2023-11-02,13.85,GPS
581,301,2024-04-29,19.25,GPS
582,713,2024-03-05,9.48,GPS
583,389,2023-06-14,7.17,GPS
584,618,2025-02-06,20.9,GPS
585,55,2024-06-17,22.59,GPS
586,659,2026-01-30,2619.63,IP
587,254,2025-04-06,4046.51,IP
588,698,2025-03-08,17.95,GPS
589,497,2023-08-12,10.95,GPS
590,135,2024-04-12,18.86,GPS
591,701,2023-11-12,25.97,GPS
592,655,2025-08-13,11.5,GPS
593,336,2024-11-21,160.49,IP
594,127,2025-10-29,6.38,GPS
595,208,2025-12-22,7.09,GPS
596,533,2023-07-03,16.66,GPS
597,616,2023-05-29,4351.32,IP
598,311,2025-01-25,11.43,GPS
599,23,2026-02-21,27.66,GPS
600,445,2024-08-14,1706.05,IP
601,317,2025-11-12,7.91,GPS
602,443,2024-01-29,1035.58,IP
603,469,2025-10-11,6.82,GPS
604,425,2025-12-14,12.57,GPS
605,480,2024-08-28,23.36,GPS
606,483,2023-05-21,96.4,IP
607,334,2026-04-18,2452.27,IP
608,5,2024-01-23,895.16,IP
609,450,2023-11-25,1658.47,IP
610,132,2025-02-04,10.86,GPS
611,432,2024-01-20,25.52,GPS
612,697,2025-01-17,26.08,GPS
613,161,2025-11-13,17.94,GPS
614,478,2023-10-03,21.56,GPS
615,315,2024-02-28,29.66,GPS
616,569,2026-02-03,4090.58,IP
617,715,2023-12-27,27.69,GPS
618,505,2024-08-28,29.51,GPS
619,537,2026-01-29,28.62,GPS
620,711,2023-08-31,15.3,GPS
621,423,2024-03-14,19.85,GPS
622,94,2025-05-30,2484.92,IP
623,369,2026-04-11,20.56,GPS
624,789,2026-01-31,4146.04,IP
625,267,2024-10-30,18.05,GPS
626,417,2024-03-20,10.47,GPS
627,155,2024-10-25,18.86,GPS
628,332,2024-03-21,6.37,GPS
629,245,2025-05-19,29.47,GPS
630,638,2025-05-23,22.32,GPS
631,1,2025-12-04,14.44,GPS
632,119,2024-02-11,19.19,GPS
633,558,2023-06-11,25.49,GPS
634,291,2026-02-08,28.0,GPS
635,626,2023-05-18,16.25,GPS
636,415,2024-05-03,20.37,GPS
637,540,2023-06-28,18.44,GPS
638,779,2026-01-10,27.6,GPS
639,76,2025-04-27,261.48,IP
640,529,2024-12-14,12.79,GPS
641,226,2026-01-01,1179.53,IP
642,10,2024-08-29,20.83,GPS
643,508,2026-03-24,4749.32,IP
644,471,2026-04-27,4981.18,IP
645,192,2024-10-13,2658.47,IP
646,167,2026-03-17,25.22,GPS
647,511,2023-06-06,24.83,GPS
648,733,2024-05-02,5.14,GPS
649,44,2023-06-16,11.58,GPS
650,72,2024-02-27,28.7,GPS
651,33,2024-03-23,7.12,GPS
652,627,2024-07-09,1197.81,IP
653,388,2023-08-20,13.11,GPS
654,752,2024-09-04,3111.96,IP
655,696,2023-10-01,177.95,IP
656,750,2026-04-08,6.4,GPS
657,269,2025-12-21,8.73,GPS
658,687,2026-02-14,24.52,GPS
659,560,2025-09-17,11.83,GPS
660,211,2024-05-11,4866.62,IP
661,440,2025-04-27,8.7,GPS
662,651,2024-03-10,4464.26,IP
663,638,2025-02-10,27.81,GPS
664,538,2025-01-26,7.65,GPS
665,73,2026-04-02,8.77,GPS
666,695,2026-02-09,17.81,GPS
667,263,2024-04-18,16.69,GPS
668,549,2025-09-07,28.2,GPS
669,697,2025-11-27,3850.75,IP
670,686,2025-09-21,4939.54,IP
671,374,2024-08-21,24.99,GPS
672,377,2025-04-06,28.87,GPS
673,318,2023-07-18,4665.92,IP
674,737,2026-02-21,3900.23,IP
675,518,2023-10-06,21.04,GPS
676,771,2024-06-20,665.14,IP
677,232,2023-12-06,1410.68,IP
678,475,2025-10-21,23.61,GPS
679,246,2025-06-17,1610.89,IP
680,191,2025-02-08,11.55,GPS
681,781,2025-10-17,27.63,GPS
682,676,2025-07-15,23.24,GPS
683,558,2025-11-30,7.73,GPS
684,668,2025-11-10,25.88,GPS
685,172,2024-03-20,1361.06,IP
686,17,2025-03-22,11.76,GPS
687,576,2025-01-22,19.69,GPS
688,491,2024-01-03,6.72,GPS
689,417,2024-09-12,21.25,GPS
690,363,2025-11-19,26.97,GPS
691,574,2025-11-08,20.23,GPS
692,478,2025-07-14,25.2,GPS
693,298,2024-05-20,5.14,GPS
694,628,2024-05-14,8.72,GPS
695,347,2025-06-05,7.65,GPS
696,253,2026-04-11,29.75,GPS
697,187,2024-10-07,13.35,GPS
698,781,2023-07-13,3340.64,IP
699,6,2024-08-24,27.91,GPS
700,654,2024-08-18,23.66,GPS
701,764,2024-02-08,17.41,GPS
702,562,2023-11-04,15.9,GPS
703,96,2025-11-01,22.25,GPS
704,521,2025-02-21,1537.55,IP
705,254,2024-06-01,8.56,GPS
706,311,2025-02-22,20.25,GPS
707,194,2025-03-19,23.24,GPS
708,202,2023-09-08,12.29,GPS
709,105,2025-08-28,14.54,GPS
710,134,2023-11-10,7.21,GPS
711,31,2025-01-19,4328.38,IP
712,520,2024-02-22,29.41,GPS
713,341,2024-02-09,4317.65,IP
714,135,2023-08-16,19.8,GPS
715,579,2025-03-24,4005.89,IP
716,619,2025-10-25,18.1,GPS
717,741,2025-08-24,25.59,GPS
718,671,2025-07-17,22.76,GPS
719,639,2025-11-04,27.27,GPS
720,88,2025-12-18,25.37,GPS
721,168,2024-11-30,6.73,GPS
722,695,2025-12-26,14.13,GPS
723,509,2025-11-13,19.8,GPS
724,58,2023-06-02,20.94,GPS
725,633,2025-02-24,5.79,GPS
726,655,2024-10-08,19.27,GPS
727,614,2026-02-02,4977.02,IP
728,770,2025-02-14,8.21,GPS
729,706,2024-01-22,16.15,GPS
730,346,2025-04-23,4739.9,IP
731,516,2025-02-22,16.35,GPS
732,384,2023-11-22,16.98,GPS
733,416,2025-11-17,13.97,GPS
734,65,2025-04-22,27.65,GPS
735,650,2026-01-30,18.61,GPS
736,111,2023-08-02,17.38,GPS
737,711,2023-08-10,8.31,GPS
738,115,2023-07-07,4544.13,IP
739,339,2023-06-16,28.96,GPS
740,344,2024-07-28,12.64,GPS
741,571,2024-08-10,13.66,GPS
742,379,2024-06-07,1112.71,IP
743,330,2025-09-27,26.4,GPS
744,795,2024-05-04,11.45,GPS
745,17,2023-07-30,1683.94,IP
746,163,2026-04-16,27.25,GPS
747,386,2024-02-05,4151.45,IP
748,235,2024-11-20,13.64,GPS
749,352,2023-08-20,4997.47,IP
750,117,2024-06-27,22.2,GPS
751,500,2023-06-19,28.02,GPS
752,773,2024-01-31,25.55,GPS
753,596,2024-05-31,2415.98,IP
754,621,2025-03-14,10.73,GPS
755,28,2025-05-04,22.75,GPS
756,360,2025-03-22,8.51,GPS
757,613,2025-04-15,4689.38,IP
758,268,2025-07-03,23.16,GPS
759,367,2024-05-02,15.9,GPS
760,30,2023-07-28,112.18,IP
761,684,2026-02-20,24.07,GPS
762,348,2024-10-02,9.83,GPS
763,303,2023-08-12,22.55,GPS
764,585,2024-09-29,712.37,IP
765,661,2024-05-04,26.72,GPS
766,144,2024-04-02,12.86,GPS
767,429,2024-11-22,10.1,GPS
768,791,2023-12-02,25.36,GPS
769,270,2024-02-21,21.05,GPS
770,1,2025-02-28,8.51,GPS
771,667,2025-11-30,27.52,GPS
772,91,2024-09-30,9.56,GPS
773,105,2024-10-11,28.22,GPS
774,368,2024-03-19,2410.55,IP
775,562,2024-07-17,8.15,GPS
776,781,2025-10-31,229.73,IP
777,446,2025-04-21,15.34,GPS
778,588,2024-06-27,8.94,GPS
779,515,2025-11-14,14.12,GPS
780,119,2023-11-28,251.03,IP
781,228,2024-09-26,21.86,GPS
782,607,2024-04-01,3361.47,IP
783,352,2023-06-10,22.96,GPS
784,451,2025-10-08,13.83,GPS
785,119,2025-02-11,4771.66,IP
786,509,2026-03-17,16.29,GPS
787,173,2023-09-04,4286.53,IP
788,620,2025-08-07,23.09,GPS
789,236,2025-09-11,28.24,GPS
790,427,2026-01-23,5.14,GPS
791,361,2025-09-20,21.72,GPS
792,452,2024-09-09,1254.51,IP
793,537,2025-07-02,989.1,IP
794,12,2023-05-06,3954.02,IP
795,359,2026-04-25,28.16,GPS
796,795,2025-03-18,3850.17,IP
797,621,2024-04-05,2897.85,IP
798,744,2023-12-05,4808.6,IP
799,541,2024-11-14,1372.83,IP
800,752,2025-08-27,20.11,GPS
801,11,2024-02-22,26.09,GPS
802,550,2026-02-21,7.29,GPS
803,353,2024-10-22,25.29,GPS
804,702,2023-08-08,25.31,GPS
805,699,2023-11-11,18.75,GPS
806,516,2023-08-16,18.35,GPS
807,114,2024-01-01,25.23,GPS
808,195,2024-09-25,24.68,GPS
809,51,2023-05-01,4239.4,IP
810,269,2026-04-22,24.22,GPS
811,213,2024-07-26,23.79,GPS
812,667,2024-09-16,17.37,GPS
813,722,2025-10-15,14.1,GPS
814,603,2023-07-12,6.28,GPS
815,620,2026-02-07,28.7,GPS
816,102,2024-12-16,5.66,GPS
817,194,2024-09-22,7.01,GPS
818,304,2023-11-29,16.01,GPS
819,372,2026-03-04,25.73,GPS
820,512,2025-02-02,4989.23,IP
821,352,2023-05-06,2130.51,IP
822,396,2024-03-05,3188.83,IP
823,800,2023-08-13,25.88,GPS
824,787,2025-07-27,10.51,GPS
825,358,2024-07-25,9.14,GPS
826,208,2024-05-26,12.04,GPS
827,229,2024-01-02,2244.03,IP
828,188,2023-07-13,5.43,GPS
829,638,2024-04-12,9.73,GPS
830,766,2026-02-24,9.27,GPS
831,671,2025-02-01,15.58,GPS
832,42,2025-09-10,23.65,GPS
833,278,2023-07-04,23.08,GPS
834,142,2024-04-28,17.93,GPS
835,406,2023-08-20,12.92,GPS
836,576,2025-04-13,13.66,GPS
837,617,2023-11-08,18.69,GPS
838,238,2024-12-24,422.3,IP
839,78,2023-06-07,6.43,GPS
840,95,2023-07-08,16.5,GPS
841,105,2026-01-24,3683.34,IP
842,84,2024-05-12,28.07,GPS
843,761,2024-12-28,22.3,GPS
844,349,2023-10-25,10.54,GPS
845,152,2024-02-14,19.27,GPS
846,382,2025-07-06,13.18,GPS
847,574,2024-07-05,614.85,IP
848,288,2023-12-19,26.55,GPS
849,213,2024-11-22,13.92,GPS
850,191,2023-05-11,1281.18,IP
851,139,2023-08-10,10.09,GPS
852,357,2024-09-23,20.81,GPS
853,389,2023-05-17,22.49,GPS
854,376,2025-07-28,4174.23,IP
855,413,2026-03-08,17.96,GPS
856,709,2023-09-29,2826.92,IP
857,631,2024-07-13,613.03,IP
858,270,2023-06-11,1586.93,IP
859,61,2023-05-27,1394.17,IP
860,36,2023-12-30,26.86,GPS
861,163,2024-04-30,1705.54,IP
862,515,2024-08-31,8.83,GPS
863,554,2025-03-12,6.91,GPS
864,665,2024-10-05,27.64,GPS
865,607,2024-12-24,11.19,GPS
866,785,2024-12-16,4826.63,IP
867,123,2024-08-02,7.57,GPS
868,623,2023-06-17,20.68,GPS
869,680,2025-12-05,7.43,GPS
870,671,2025-03-14,9.85,GPS
871,305,2023-06-02,20.62,GPS
872,711,2024-06-26,19.12,GPS
873,674,2024-08-12,5.45,GPS
874,172,2025-05-07,23.75,GPS
875,304,2025-04-04,28.9,GPS
876,202,2025-08-03,4309.8,IP
877,795,2023-09-19,25.23,GPS
878,229,2024-02-20,7.41,GPS
879,93,2025-04-27,23.04,GPS
880,755,2023-11-09,12.6,GPS
881,414,2024-07-23,17.36,GPS
882,647,2024-01-03,1097.5,IP
883,557,2023-09-09,8.55,GPS
884,785,2025-08-21,1470.07,IP
885,22,2025-11-21,21.51,GPS
886,615,2025-11-07,23.82,GPS
887,650,2023-07-14,10.88,GPS
888,274,2023-08-27,2103.79,IP
889,16,2023-06-08,19.49,GPS
890,638,2023-11-05,1058.31,IP
891,73,2024-09-03,28.5,GPS
892,223,2023-09-24,16.5,GPS
893,760,2023-12-01,18.9,GPS
894,440,2024-07-10,3343.95,IP
895,139,2025-06-21,3665.13,IP
896,441,2024-06-08,2434.93,IP
897,651,2025-05-15,28.42,GPS
898,123,2024-07-29,53.89,IP
899,463,2025-12-24,3214.21,IP
900,677,2024-02-03,26.36,GPS
901,660,2024-02-03,9.21,GPS
902,74,2025-12-19,13.89,GPS
903,532,2026-03-26,8.3,GPS
904,789,2024-09-21,533.9,IP
905,110,2025-01-30,28.79,GPS
906,208,2026-01-02,20.03,GPS
907,748,2023-12-31,27.74,GPS
908,529,2024-12-17,16.47,GPS
909,782,2023-05-14,20.05,GPS
910,414,2026-02-15,1529.29,IP
911,504,2023-06-22,25.8,GPS
912,590,2023-10-10,25.79,GPS
913,583,2024-12-29,7.43,GPS
914,194,2023-07-14,3508.81,IP
915,561,2026-03-25,12.52,GPS
916,673,2023-11-27,4977.56,IP
917,61,2023-05-16,15.06,GPS
918,127,2025-05-08,25.63,GPS
919,452,2025-02-01,3580.67,IP
920,251,2023-09-06,21.78,GPS
921,697,2026-02-09,14.14,GPS
922,580,2025-04-25,19.11,GPS
923,244,2024-12-11,28.75,GPS
924,345,2023-10-20,25.11,GPS
925,374,2024-11-03,757.0,IP
926,593,2023-06-03,19.97,GPS
927,654,2025-10-17,2231.68,IP
928,295,2025-09-10,28.56,GPS
929,129,2023-07-04,1526.18,IP
930,313,2026-03-28,9.29,GPS
931,458,2024-02-26,12.23,GPS
932,23,2024-06-12,17.0,GPS
933,500,2024-12-14,8.56,GPS
934,240,2023-12-10,3429.92,IP
935,230,2025-09-26,24.93,GPS
936,580,2025-03-13,5.97,GPS
937,146,2023-06-20,25.71,GPS
938,745,2025-12-22,19.9,GPS
939,404,2025-05-25,14.46,GPS
940,265,2023-05-12,13.78,GPS
941,62,2026-02-07,2466.42,IP
942,317,2024-08-23,29.64,GPS
943,500,2025-01-30,2669.47,IP
944,347,2024-08-24,4806.61,IP
945,555,2026-03-24,20.03,GPS
946,225,2023-07-03,18.43,GPS
947,81,2024-06-11,7.87,GPS
948,376,2024-04-14,21.85,GPS
949,300,2023-07-29,18.65,GPS
950,183,2025-07-19,14.99,GPS
951,434,2024-12-30,25.65,GPS
952,506,2023-10-07,12.36,GPS
953,364,2025-10-19,924.23,IP
954,247,2023-10-13,21.73,GPS
955,489,2025-11-06,3976.56,IP
956,290,2023-10-19,3987.43,IP
957,629,2024-09-02,2838.75,IP
958,349,2024-11-12,21.21,GPS
959,31,2024-02-26,2616.39,IP
960,755,2024-06-12,9.03,GPS
961,145,2023-05-17,5.45,GPS
962,276,2025-06-25,3002.35,IP
963,520,2025-04-30,3395.63,IP
964,356,2024-04-09,2475.68,IP
965,667,2024-04-13,9.95,GPS
966,534,2026-01-24,26.99,GPS
967,2,2023-12-14,4429.68,IP
968,681,2023-07-29,4058.0,IP
969,587,2025-11-12,1007.85,IP
970,355,2024-05-02,25.16,GPS
971,83,2024-01-05,3872.57,IP
972,541,2025-02-02,19.52,GPS
973,628,2026-03-28,10.91,GPS
974,341,2025-11-05,16.94,GPS
975,481,2025-01-06,16.11,GPS
976,11,2025-09-16,23.39,GPS
977,316,2024-12-20,19.3,GPS
978,661,2025-01-12,15.09,GPS
979,24,2025-01-12,1740.62,IP
980,464,2025-01-27,22.18,GPS
981,271,2024-08-04,29.98,GPS
982,465,2025-03-23,14.12,GPS
983,75,2025-03-28,26.62,GPS
984,207,2024-06-14,17.25,GPS
985,533,2023-11-09,15.36,GPS
986,318,2024-12-16,12.0,GPS
987,87,2024-04-09,16.6,GPS
988,405,2024-07-11,23.15,GPS
989,355,2024-07-28,152.52,IP
990,383,2025-04-17,21.6,GPS
991,534,2025-08-28,28.5,GPS
992,531,2026-02-19,1619.39,IP
993,48,2025-01-05,16.39,GPS
994,655,2026-02-16,12.33,GPS
995,619,2024-12-14,7.02,GPS
996,794,2023-12-14,15.27,GPS
997,299,2026-02-28,7.02,GPS
998,66,2024-06-22,25.14,GPS
999,753,2026-02-14,16.47,GPS
1000,139,2025-06-20,62.78,IP
1001,744,2025-01-30,16.08,GPS
1002,77,2026-01-28,3029.15,IP
1003,451,2023-09-29,28.44,GPS
1004,575,2025-10-01,2820.1,IP
1005,28,2023-11-16,16.29,GPS
1006,381,2025-06-30,4194.76,IP
1007,638,2026-01-12,5.44,GPS
1008,229,2024-12-17,7.96,GPS
1009,12,2025-11-25,18.27,GPS
1010,521,2024-05-17,29.48,GPS
1011,497,2024-08-30,14.07,GPS
1012,33,2025-02-04,2598.5,IP
1013,659,2025-04-08,25.66,GPS
1014,199,2025-12-09,8.37,GPS
1015,439,2025-11-27,15.12,GPS
1016,85,2025-06-27,25.11,GPS
1017,77,2023-10-02,376.34,IP
1018,664,2023-09-04,26.38,GPS
1019,304,2024-11-10,9.73,GPS
1020,513,2023-08-26,12.61,GPS
1021,303,2024-02-21,29.67,GPS
1022,245,2025-12-01,7.18,GPS
1023,233,2025-12-17,5.92,GPS
1024,619,2026-01-22,27.8,GPS
1025,556,2025-06-20,29.41,GPS
1026,24,2026-04-27,22.82,GPS
1027,135,2024-06-27,2056.29,IP
1028,676,2024-07-18,24.68,GPS
1029,641,2025-10-16,11.78,GPS
1030,717,2024-12-15,5.94,GPS
1031,221,2025-07-04,29.62,GPS
1032,165,2024-08-29,11.87,GPS
1033,245,2023-05-28,1448.59,IP
1034,216,2026-03-20,29.73,GPS
1035,433,2023-09-10,21.84,GPS
1036,368,2024-11-28,11.07,GPS
1037,756,2026-03-12,6.24,GPS
1038,789,2025-05-10,3030.49,IP
1039,77,2025-08-27,27.84,GPS
1040,236,2024-01-07,6.91,GPS
1041,226,2025-09-01,6.39,GPS
1042,612,2024-09-28,16.18,GPS
1043,602,2023-06-04,3213.85,IP
1044,78,2023-05-13,14.21,GPS
1045,192,2023-09-11,17.39,GPS
1046,602,2025-01-21,412.98,IP
1047,526,2024-08-28,14.81,GPS
1048,550,2025-08-11,3274.38,IP
1049,95,2023-09-25,2571.88,IP
1050,282,2024-03-28,20.93,GPS
1051,419,2023-10-18,10.24,GPS
1052,682,2024-02-07,27.08,GPS
1053,315,2024-04-27,1359.42,IP
1054,335,2024-04-10,23.88,GPS
1055,164,2024-05-21,1470.78,IP
1056,32,2025-05-28,29.91,GPS
1057,394,2023-08-22,4826.78,IP
1058,580,2025-03-30,10.0,GPS
1059,428,2025-10-17,2304.12,IP
1060,387,2025-10-21,10.48,GPS
1061,135,2025-07-05,3462.68,IP
1062,625,2025-11-23,3426.34,IP
1063,298,2024-06-23,3426.92,IP
1064,57,2025-08-19,17.35,GPS
1065,490,2024-04-09,3269.56,IP
1066,583,2025-06-17,20.98,GPS
1067,118,2024-03-10,641.17,IP
1068,637,2025-10-18,4157.38,IP
1069,198,2023-10-11,14.05,GPS
1070,302,2026-04-09,9.6,GPS
1071,5,2024-08-09,13.33,GPS
1072,509,2025-02-13,3002.19,IP
1073,137,2025-09-09,11.67,GPS
1074,465,2026-01-25,23.92,GPS
1075,641,2023-11-17,27.79,GPS
1076,168,2024-11-18,27.66,GPS
1077,128,2024-04-12,25.32,GPS
1078,441,2025-12-14,27.27,GPS
1079,731,2024-10-17,16.98,GPS
1080,12,2024-11-04,27.08,GPS
1081,89,2024-01-02,24.29,GPS
1082,644,2025-07-18,13.06,GPS
1083,188,2024-12-24,27.31,GPS
1084,610,2024-03-30,1556.4,IP
1085,66,2025-06-23,123.12,IP
1086,562,2024-07-06,27.28,GPS
1087,34,2025-12-01,9.64,GPS
1088,795,2025-03-13,26.31,GPS
1089,725,2025-12-25,2324.33,IP
1090,493,2025-01-10,2200.86,IP
1091,199,2024-03-31,2958.74,IP
1092,171,2026-03-25,17.45,GPS
1093,685,2026-03-14,1963.57,IP
1094,593,2026-04-22,5.14,GPS
1095,459,2024-09-17,23.34,GPS
1096,774,2023-08-17,1715.68,IP
1097,32,2023-07-20,24.59,GPS
1098,254,2025-01-30,1123.38,IP
1099,146,2025-03-20,845.76,IP
1100,21,2025-06-24,26.4,GPS
1101,557,2024-07-10,23.59,GPS
1102,697,2023-05-04,16.31,GPS
1103,520,2025-10-15,29.0,GPS
1104,181,2024-05-29,4129.38,IP
1105,338,2024-01-09,15.88,GPS
1106,375,2025-09-05,11.92,GPS
1107,52,2024-04-23,17.82,GPS
1108,88,2024-12-19,24.01,GPS
1109,784,2023-11-28,17.77,GPS
1110,504,2023-06-13,12.4,GPS
1111,201,2025-04-20,4756.19,IP
1112,538,2025-08-08,16.65,GPS
1113,656,2025-01-26,25.89,GPS
1114,491,2024-11-17,13.67,GPS
1115,378,2025-01-29,24.38,GPS
1116,35,2023-09-20,24.45,GPS
1117,319,2026-01-22,27.84,GPS
1118,755,2025-07-29,29.96,GPS
1119,142,2026-04-13,15.02,GPS
1120,177,2024-05-31,21.24,GPS
1121,462,2024-11-08,3216.24,IP
1122,510,2024-02-13,4332.35,IP
1123,560,2023-07-01,14.84,GPS
1124,84,2023-10-01,421.91,IP
1125,107,2023-11-21,15.9,GPS
1126,693,2024-01-23,4714.47,IP
1127,21,2024-10-14,16.17,GPS
1128,676,2025-01-31,19.76,GPS
1129,96,2025-12-27,12.21,GPS
1130,383,2024-10-02,19.8,GPS
1131,307,2024-01-14,9.31,GPS
1132,577,2026-04-03,1453.3,IP
1133,717,2025-06-22,12.7,GPS
1134,44,2024-09-06,1983.18,IP
1135,544,2025-10-18,1259.87,IP
1136,675,2024-02-20,21.76,GPS
1137,447,2025-03-28,16.95,GPS
1138,126,2023-10-01,2288.46,IP
1139,630,2025-03-07,22.38,GPS
1140,739,2025-10-17,22.68,GPS
1141,760,2024-09-07,2752.39,IP
1142,598,2023-08-19,4114.31,IP
1143,294,2025-05-08,23.04,GPS
1144,163,2026-02-15,14.99,GPS
1145,726,2024-12-30,12.47,GPS
1146,500,2024-05-23,24.24,GPS
1147,76,2025-04-05,85.72,IP
1148,591,2024-08-27,22.87,GPS
1149,23,2024-01-01,9.6,GPS
1150,36,2024-05-25,15.52,GPS
1151,251,2023-11-16,9.48,GPS
1152,74,2023-08-14,26.39,GPS
1153,108,2025-10-09,3268.95,IP
1154,724,2023-11-03,20.58,GPS
1155,372,2023-11-26,3699.42,IP
1156,310,2025-03-06,24.24,GPS
1157,438,2026-04-19,29.62,GPS
1158,655,2023-06-19,21.38,GPS
1159,502,2024-02-29,1742.44,IP
1160,334,2023-08-02,642.44,IP
1161,635,2024-12-18,10.47,GPS
1162,447,2024-12-06,13.48,GPS
1163,271,2026-01-29,1803.43,IP
1164,111,2023-10-15,18.39,GPS
1165,236,2024-03-29,20.67,GPS
1166,122,2024-04-18,22.89,GPS
1167,158,2023-08-08,10.42,GPS
1168,572,2023-11-10,19.23,GPS
1169,721,2024-06-28,2995.48,IP
1170,764,2025-01-18,6.87,GPS
1171,156,2024-06-29,2816.76,IP
1172,322,2024-08-23,4085.41,IP
1173,176,2024-12-14,14.27,GPS
1174,71,2025-03-22,22.7,GPS
1175,413,2026-02-18,27.87,GPS
1176,419,2024-07-06,14.85,GPS
1177,507,2023-10-19,150.52,IP
1178,10,2025-02-28,4792.13,IP
1179,25,2024-03-02,2073.38,IP
1180,688,2024-04-27,18.49,GPS
1181,508,2025-09-05,6.01,GPS
1182,480,2023-10-24,4015.89,IP
1183,670,2025-01-31,14.27,GPS
1184,317,2026-01-29,17.41,GPS
1185,486,2023-08-19,6.81,GPS
1186,784,2025-06-04,24.51,GPS
1187,183,2026-03-03,11.22,GPS
1188,689,2026-01-31,17.04,GPS
1189,627,2023-06-14,7.64,GPS
1190,613,2025-12-01,15.49,GPS
1191,480,2025-11-14,13.36,GPS
1192,51,2023-07-29,19.99,GPS
1193,394,2025-07-14,19.28,GPS
1194,457,2024-12-02,3375.96,IP
1195,781,2023-06-16,4050.81,IP
1196,212,2026-01-21,11.19,GPS
1197,168,2025-10-05,7.68,GPS
1198,507,2023-11-08,17.08,GPS
1199,624,2025-02-02,4564.74,IP
1200,785,2025-05-04,18.0,GPS
1201,448,2025-10-30,26.04,GPS
1202,132,2023-05-19,8.61,GPS
1203,229,2026-04-23,14.59,GPS
1204,32,2023-08-06,21.92,GPS
1205,158,2025-04-09,23.74,GPS
1206,254,2023-10-17,13.53,GPS
1207,507,2023-10-13,4053.58,IP
1208,509,2026-03-18,18.87,GPS
1209,708,2025-05-08,22.43,GPS
1210,73,2024-09-11,20.69,GPS
1211,765,2025-08-06,25.43,GPS
1212,660,2026-02-15,3678.68,IP
1213,684,2025-02-05,27.95,GPS
1214,217,2023-08-06,2644.41,IP
1215,187,2024-02-18,25.54,GPS
1216,682,2023-06-30,4903.24,IP
1217,206,2024-01-24,19.08,GPS
1218,191,2023-05-27,16.94,GPS
1219,208,2025-11-28,527.39,IP
1220,672,2023-06-19,12.73,GPS
1221,731,2024-04-25,28.07,GPS
1222,791,2026-03-05,28.84,GPS
1223,252,2025-03-02,15.36,GPS
1224,746,2024-07-05,17.37,GPS
1225,111,2025-12-05,14.5,GPS
1226,609,2023-08-31,14.53,GPS
1227,599,2024-12-29,29.13,GPS
1228,576,2024-07-21,29.8,GPS
1229,148,2026-04-08,844.26,IP
1230,165,2025-09-12,3834.92,IP
1231,394,2024-03-13,4934.17,IP
1232,791,2025-06-02,15.89,GPS
1233,265,2023-08-29,5.44,GPS
1234,442,2026-04-04,18.6,GPS
1235,551,2024-07-15,24.15,GPS
1236,648,2023-10-21,28.6,GPS
1237,182,2023-11-16,183.14,IP
1238,187,2025-02-22,17.99,GPS
1239,36,2025-08-08,26.06,GPS
1240,130,2024-03-08,16.43,GPS
1241,59,2024-07-14,1148.74,IP
1242,236,2023-08-01,4935.39,IP
1243,202,2025-07-04,13.26,GPS
1244,375,2025-03-29,279.28,IP
1245,350,2025-12-03,26.25,GPS
1246,197,2024-04-20,13.49,GPS
1247,781,2026-01-29,14.41,GPS
1248,499,2024-04-16,12.07,GPS
1249,124,2024-05-29,2928.95,IP
1250,47,2023-07-15,2528.79,IP
1251,531,2024-05-15,29.52,GPS
1252,606,2024-05-02,13.9,GPS
1253,285,2025-04-15,26.67,GPS
1254,749,2023-05-12,566.9,IP
1255,175,2024-09-07,29.05,GPS
1256,795,2024-12-12,17.85,GPS
1257,208,2024-07-16,9.67,GPS
1258,612,2023-10-25,9.29,GPS
1259,755,2024-08-03,3731.31,IP
1260,241,2024-07-11,17.44,GPS
1261,779,2026-03-27,8.1,GPS
1262,283,2026-04-10,3277.39,IP
1263,422,2025-09-30,3056.45,IP
1264,266,2025-11-01,1317.88,IP
1265,492,2023-12-08,3161.57,IP
1266,148,2025-12-15,2620.59,IP
1267,182,2024-09-05,268.78,IP
1268,468,2025-10-25,7.38,GPS
1269,509,2023-10-03,23.04,GPS
1270,297,2024-10-29,2527.69,IP
1271,578,2024-02-23,24.1,GPS
1272,678,2024-11-15,1935.2,IP
1273,216,2025-11-20,4811.27,IP
1274,372,2024-06-01,20.89,GPS
1275,386,2025-11-25,25.11,GPS
1276,150,2026-03-17,20.3,GPS
1277,202,2024-05-21,1917.47,IP
1278,64,2025-06-03,25.73,GPS
1279,493,2024-11-07,27.71,GPS
1280,157,2024-03-09,27.67,GPS
1281,201,2026-03-27,1912.84,IP
1282,640,2024-03-21,1130.48,IP
1283,491,2024-12-03,17.76,GPS
1284,106,2024-12-01,20.41,GPS
1285,521,2024-11-28,1111.76,IP
1286,134,2024-06-30,6.66,GPS
1287,577,2023-10-25,16.64,GPS
1288,350,2025-05-12,16.41,GPS
1289,182,2023-08-19,28.46,GPS
1290,348,2023-05-24,21.94,GPS
1291,94,2025-10-09,22.96,GPS
1292,751,2024-08-15,6.83,GPS
1293,528,2024-01-28,3060.49,IP
1294,683,2023-12-22,18.95,GPS
1295,657,2024-10-09,6.5,GPS
1296,797,2025-10-16,21.59,GPS
1297,208,2024-10-15,3644.66,IP
1298,196,2024-09-05,1587.22,IP
1299,217,2026-01-04,2433.99,IP
1300,715,2023-05-27,27.78,GPS
1301,543,2025-07-04,14.18,GPS
1302,230,2024-05-05,3411.72,IP
1303,22,2025-05-22,935.18,IP
1304,595,2024-04-29,11.39,GPS
1305,105,2025-02-26,8.85,GPS
1306,86,2025-05-29,451.11,IP
1307,551,2023-08-01,25.49,GPS
1308,403,2024-12-03,26.08,GPS
1309,611,2024-09-13,24.67,GPS
1310,38,2025-11-12,12.68,GPS
1311,393,2025-09-20,4262.27,IP
1312,238,2023-12-23,3817.01,IP
1313,212,2023-05-08,27.56,GPS
1314,798,2024-07-01,28.33,GPS
1315,429,2023-12-31,24.86,GPS
1316,230,2023-07-31,1803.43,IP
1317,730,2026-02-27,1772.89,IP
1318,684,2024-12-02,2926.67,IP
1319,643,2023-05-25,8.56,GPS
1320,410,2024-02-24,16.86,GPS
1321,758,2025-12-08,5.12,GPS
1322,707,2023-06-28,8.08,GPS
1323,27,2025-08-17,1551.96,IP
1324,699,2024-07-08,15.32,GPS
1325,792,2025-11-12,535.45,IP
1326,5,2025-12-11,606.72,IP
1327,51,2023-09-25,4344.67,IP
1328,346,2025-03-29,6.97,GPS
1329,280,2024-01-05,3109.96,IP
1330,583,2024-04-07,24.33,GPS
1331,788,2025-03-26,6.62,GPS
1332,697,2024-07-22,1021.13,IP
1333,155,2025-02-02,11.15,GPS
1334,144,2024-03-28,22.58,GPS
1335,743,2023-05-11,4217.18,IP
1336,119,2025-03-18,25.64,GPS
1337,181,2024-04-08,13.62,GPS
1338,127,2025-12-24,9.14,GPS
1339,722,2025-09-23,19.42,GPS
1340,107,2025-01-06,11.51,GPS
1341,98,2025-06-25,10.36,GPS
1342,690,2023-09-22,8.06,GPS
1343,54,2023-10-20,24.51,GPS
1344,381,2023-11-07,15.5,GPS
1345,79,2026-01-06,1272.47,IP
1346,638,2025-12-17,13.44,GPS
1347,568,2024-02-23,54.65,IP
1348,702,2024-01-14,4007.8,IP
1349,464,2025-05-14,9.39,GPS
1350,373,2026-01-03,11.86,GPS
1351,295,2024-02-06,13.16,GPS
1352,107,2024-06-29,26.63,GPS
1353,768,2024-04-09,13.69,GPS
1354,132,2025-07-29,18.63,GPS
1355,113,2024-05-28,21.18,GPS
1356,324,2023-06-23,892.71,IP
1357,275,2024-12-15,16.09,GPS
1358,563,2025-08-25,27.43,GPS
1359,280,2024-09-20,14.89,GPS
1360,390,2023-11-24,19.12,GPS
1361,650,2024-05-13,27.43,GPS
1362,581,2025-08-24,29.35,GPS
1363,481,2024-07-21,7.79,GPS
1364,618,2023-06-22,1964.69,IP
1365,36,2023-06-19,3096.26,IP
1366,724,2025-09-10,23.64,GPS
1367,276,2024-04-16,27.08,GPS
1368,719,2026-01-27,3494.78,IP
1369,600,2023-05-14,6.25,GPS
1370,776,2025-02-08,2072.16,IP
1371,737,2025-12-14,1809.15,IP
1372,554,2024-06-09,3110.88,IP
1373,142,2024-09-25,27.68,GPS
1374,676,2024-09-21,10.04,GPS
1375,567,2023-09-27,27.62,GPS
1376,285,2025-04-25,19.36,GPS
1377,286,2024-08-03,1960.34,IP
1378,729,2026-02-06,27.12,GPS
1379,64,2025-08-18,18.34,GPS
1380,162,2024-10-19,11.31,GPS
1381,75,2023-08-03,3449.07,IP
1382,651,2026-02-01,4857.38,IP
1383,782,2024-05-20,25.59,GPS
1384,187,2025-02-06,1485.74,IP
1385,308,2023-06-15,2194.29,IP
1386,190,2025-06-05,25.32,GPS
1387,232,2025-06-25,17.83,GPS
1388,407,2024-08-08,20.69,GPS
1389,747,2024-02-23,26.55,GPS
1390,21,2025-01-10,4776.74,IP
1391,115,2025-01-01,19.27,GPS
1392,469,2024-05-25,13.37,GPS
1393,653,2026-03-11,2140.04,IP
1394,400,2026-03-13,2406.61,IP
1395,61,2025-03-11,12.83,GPS
1396,315,2026-02-14,13.69,GPS
1397,690,2026-02-24,8.23,GPS
1398,447,2023-08-02,1228.51,IP
1399,20,2023-08-22,3783.14,IP
1400,719,2025-07-12,3090.61,IP
1401,244,2024-11-28,22.06,GPS
1402,51,2024-04-27,2370.87,IP
1403,30,2023-12-04,25.57,GPS
1404,116,2025-02-16,16.54,GPS
1405,437,2023-11-15,28.06,GPS
1406,403,2024-04-12,20.96,GPS
1407,755,2025-07-20,345.43,IP
1408,62,2023-07-20,2605.28,IP
1409,486,2025-05-11,77.3,IP
1410,753,2023-06-15,17.34,GPS
1411,272,2025-05-19,7.6,GPS
1412,273,2025-04-08,3135.05,IP
1413,236,2024-12-22,4906.73,IP
1414,590,2024-10-23,18.68,GPS
1415,669,2025-08-13,93.6,IP
1416,18,2026-01-19,13.02,GPS
1417,394,2024-11-06,14.35,GPS
1418,104,2026-01-19,11.66,GPS
1419,327,2025-02-07,4927.88,IP
1420,572,2025-06-16,22.88,GPS
1421,779,2024-06-11,1399.28,IP
1422,77,2025-03-14,18.11,GPS
1423,47,2025-03-14,7.98,GPS
1424,786,2024-04-19,15.0,GPS
1425,461,2025-02-25,26.92,GPS
1426,316,2026-03-16,4633.13,IP
1427,201,2023-10-23,21.72,GPS
1428,252,2026-02-18,14.37,GPS
1429,262,2023-12-15,3387.17,IP
1430,411,2025-11-17,9.84,GPS
1431,311,2025-01-08,22.3,GPS
1432,717,2024-12-13,28.0,GPS
1433,166,2026-03-09,9.54,GPS
1434,260,2025-03-07,17.06,GPS
1435,146,2023-08-06,26.21,GPS
1436,51,2024-01-18,1982.03,IP
1437,19,2024-09-27,26.85,GPS
1438,125,2025-04-05,3018.67,IP
1439,250,2024-09-29,12.58,GPS
1440,380,2024-11-07,15.2,GPS
1441,298,2024-01-01,14.73,GPS
1442,623,2026-02-15,13.31,GPS
1443,182,2023-09-01,29.33,GPS
1444,760,2025-07-17,3383.87,IP
1445,289,2024-11-29,3407.12,IP
1446,699,2023-09-16,2768.17,IP
1447,367,2025-07-31,134.04,IP
1448,709,2024-05-26,29.15,GPS
1449,585,2024-01-01,6.9,GPS
1450,305,2024-05-20,12.49,GPS
1451,554,2023-05-25,16.49,GPS
1452,571,2024-03-15,6.66,GPS
1453,723,2023-08-04,21.29,GPS
1454,1,2023-08-19,26.52,GPS
1455,503,2026-02-17,3261.99,IP
1456,266,2023-09-30,1550.11,IP
1457,176,2024-01-07,14.56,GPS
1458,658,2023-05-17,9.54,GPS
1459,35,2023-06-17,7.92,GPS
1460,132,2024-07-11,13.96,GPS
1461,543,2025-11-11,2423.77,IP
1462,340,2026-03-05,14.4,GPS
1463,174,2024-01-19,27.73,GPS
1464,244,2025-05-17,6.18,GPS
1465,726,2024-08-11,12.26,GPS
1466,341,2024-03-07,12.98,GPS
1467,602,2024-06-28,4098.55,IP
1468,335,2025-05-04,19.18,GPS
1469,122,2026-02-11,3329.89,IP
1470,367,2024-12-05,1849.36,IP
1471,466,2024-10-06,18.49,GPS
1472,464,2024-08-05,57.58,IP
1473,776,2023-07-19,8.9,GPS
1474,459,2024-09-22,2672.44,IP
1475,746,2024-05-14,495.94,IP
1476,445,2026-04-06,25.29,GPS
1477,274,2026-02-12,16.68,GPS
1478,336,2025-09-14,10.3,GPS
1479,744,2025-04-16,23.33,GPS
1480,451,2026-02-18,14.54,GPS
1481,309,2025-06-25,20.33,GPS
1482,304,2023-12-14,520.08,IP
1483,718,2025-10-13,22.81,GPS
1484,514,2023-08-11,29.83,GPS
1485,613,2023-09-24,20.44,GPS
1486,127,2024-11-14,26.96,GPS
1487,7,2025-02-16,14.34,GPS
1488,697,2024-05-21,273.63,IP
1489,581,2025-09-05,12.57,GPS
1490,496,2023-09-29,16.2,GPS
1491,425,2025-10-24,21.88,GPS
1492,141,2025-03-09,14.45,GPS
1493,220,2024-09-12,15.71,GPS
1494,146,2023-10-25,9.11,GPS
1495,37,2024-03-03,6.43,GPS
1496,639,2023-10-16,19.8,GPS
1497,795,2025-06-01,3740.47,IP
1498,246,2026-01-02,21.37,GPS
1499,95,2023-09-17,25.37,GPS
1500,670,2026-04-10,7.67,GPS
1501,395,2025-04-26,10.43,GPS
1502,550,2025-12-19,12.7,GPS
1503,101,2025-04-26,16.29,GPS
1504,55,2023-12-30,519.25,IP
1505,317,2026-04-02,6.23,GPS
1506,239,2024-04-08,7.83,GPS
1507,637,2023-10-12,19.73,GPS
1508,577,2025-08-12,15.8,GPS
1509,597,2023-09-10,13.13,GPS
1510,588,2026-04-11,22.75,GPS
1511,196,2025-07-27,19.61,GPS
1512,605,2025-08-12,4681.21,IP
1513,182,2025-11-11,13.17,GPS
1514,665,2023-12-30,6.21,GPS
1515,100,2025-02-20,20.16,GPS
1516,3,2023-08-17,16.15,GPS
1517,32,2026-01-18,17.47,GPS
1518,579,2023-06-05,2445.5,IP
1519,502,2025-11-07,16.8,GPS
1520,690,2025-03-24,3544.12,IP
1521,9,2025-05-30,3961.29,IP
1522,284,2025-12-30,2188.6,IP
1523,774,2024-01-28,16.93,GPS
1524,171,2026-02-23,23.08,GPS
1525,179,2025-06-20,9.71,GPS
1526,523,2024-12-03,15.17,GPS
1527,133,2024-07-15,404.87,IP
1528,706,2024-02-20,15.75,GPS
1529,593,2025-03-09,25.5,GPS
1530,587,2025-04-17,4220.11,IP
1531,786,2026-01-30,22.59,GPS
1532,762,2024-05-03,26.98,GPS
1533,681,2024-08-16,20.46,GPS
1534,323,2025-12-18,3587.87,IP
1535,6,2023-12-29,3101.95,IP
1536,295,2025-08-05,27.96,GPS
1537,479,2024-03-15,9.27,GPS
1538,207,2023-10-28,11.39,GPS
1539,31,2024-04-03,18.87,GPS
1540,506,2025-10-06,6.86,GPS
1541,350,2025-09-12,18.83,GPS
1542,365,2026-03-10,14.76,GPS
1543,335,2024-03-29,9.15,GPS
1544,488,2026-03-20,17.11,GPS
1545,237,2024-09-29,2692.8,IP
1546,300,2025-04-05,8.35,GPS
1547,355,2024-09-08,12.32,GPS
1548,26,2023-11-06,9.69,GPS
1549,424,2025-08-26,16.1,GPS
1550,652,2024-02-13,28.08,GPS
1551,178,2023-08-21,4206.92,IP
1552,553,2024-09-14,8.13,GPS
1553,553,2025-03-08,16.93,GPS
1554,629,2023-09-17,9.62,GPS
1555,679,2025-11-22,555.76,IP
1556,668,2025-06-22,8.58,GPS
1557,621,2025-04-18,3605.15,IP
1558,269,2024-02-20,27.16,GPS
1559,763,2025-02-01,26.29,GPS
1560,545,2025-03-20,6.38,GPS
1561,171,2023-11-29,28.39,GPS
1562,548,2023-08-22,3884.29,IP
1563,204,2023-09-26,25.35,GPS
1564,644,2023-11-13,13.19,GPS
1565,133,2023-10-13,2032.94,IP
1566,153,2024-08-26,9.18,GPS
1567,94,2024-11-30,1257.23,IP
1568,599,2025-04-02,4163.48,IP
1569,438,2024-12-20,4760.86,IP
1570,709,2025-07-15,5.15,GPS
1571,732,2023-05-29,27.92,GPS
1572,281,2023-11-16,3659.48,IP
1573,333,2024-09-04,28.0,GPS
1574,787,2024-06-30,10.2,GPS
1575,295,2023-11-30,17.68,GPS
1576,409,2023-06-05,8.28,GPS
1577,789,2024-12-24,3855.67,IP
1578,221,2026-01-08,12.34,GPS
1579,534,2025-09-13,19.62,GPS
1580,647,2024-12-21,17.27,GPS
1581,387,2025-06-27,21.02,GPS
1582,290,2024-06-25,12.19,GPS
1583,482,2023-09-07,5.97,GPS
1584,586,2024-10-12,25.39,GPS
1585,100,2024-05-04,2233.33,IP
1586,661,2023-12-07,9.25,GPS
1587,40,2025-01-26,17.89,GPS
1588,253,2023-11-05,16.88,GPS
1589,402,2025-10-22,13.22,GPS
1590,482,2024-01-21,2349.3,IP
1591,100,2024-08-25,8.89,GPS
1592,415,2023-12-13,21.34,GPS
1593,178,2025-07-24,3274.93,IP
1594,793,2024-07-06,980.5,IP
1595,250,2025-11-19,2816.66,IP
1596,373,2025-08-15,15.76,GPS
1597,259,2023-09-01,12.29,GPS
1598,709,2025-02-22,21.32,GPS
1599,579,2023-06-30,20.18,GPS
1600,56,2023-09-19,1803.77,IP
1601,720,2025-07-08,29.73,GPS
1602,589,2023-10-19,20.46,GPS
1603,570,2023-09-26,3361.52,IP
1604,763,2024-04-24,15.72,GPS
1605,412,2025-04-23,19.26,GPS
1606,237,2025-01-06,5.0,GPS
1607,82,2023-06-15,541.12,IP
1608,162,2024-03-11,27.87,GPS
1609,616,2024-05-07,4477.22,IP
1610,329,2025-11-21,19.27,GPS
1611,606,2024-10-15,13.69,GPS
1612,158,2024-03-31,26.45,GPS
1613,479,2024-03-17,12.78,GPS
1614,547,2023-05-10,625.93,IP
1615,152,2025-05-03,11.9,GPS
1616,614,2023-06-20,19.74,GPS
1617,90,2025-07-29,7.28,GPS
1618,650,2026-02-20,20.53,GPS
1619,625,2024-11-07,19.02,GPS
1620,178,2025-05-21,14.7,GPS
1621,225,2026-03-28,16.02,GPS
1622,534,2025-01-21,27.5,GPS
1623,585,2024-08-15,25.14,GPS
1624,339,2024-08-25,12.86,GPS
1625,524,2024-03-09,27.4,GPS
1626,680,2023-07-04,18.75,GPS
1627,104,2025-01-16,12.78,GPS
1628,650,2023-09-12,16.58,GPS
1629,300,2025-07-19,2788.98,IP
1630,438,2025-04-15,4187.29,IP
1631,364,2026-01-22,24.97,GPS
1632,332,2026-03-26,560.14,IP
1633,484,2025-06-16,15.99,GPS
1634,379,2025-05-06,2137.13,IP
1635,529,2023-12-10,12.52,GPS
1636,681,2023-11-08,14.39,GPS
1637,398,2023-11-16,19.93,GPS
1638,316,2025-02-28,248.51,IP
1639,103,2023-05-22,29.74,GPS
1640,726,2024-08-29,26.62,GPS
1641,102,2024-12-17,22.77,GPS
1642,400,2025-02-04,24.31,GPS
1643,394,2023-09-25,28.96,GPS
1644,779,2025-02-16,1344.27,IP
1645,205,2025-09-09,8.22,GPS
1646,763,2024-12-27,6.71,GPS
1647,451,2025-03-06,28.26,GPS
1648,734,2024-02-17,13.09,GPS
1649,439,2024-11-07,3472.2,IP
1650,199,2025-11-30,21.12,GPS
1651,323,2025-08-09,16.64,GPS
1652,606,2023-08-25,2344.47,IP
1653,255,2025-01-25,8.27,GPS
1654,584,2025-08-07,4133.12,IP
1655,735,2026-04-19,15.32,GPS
1656,760,2024-02-24,6.48,GPS
1657,736,2025-07-29,19.65,GPS
1658,269,2023-10-26,3229.77,IP
1659,523,2024-02-05,18.52,GPS
1660,464,2024-11-13,4602.86,IP
1661,614,2025-09-30,3222.71,IP
1662,698,2025-05-04,4472.31,IP
1663,603,2025-12-18,2483.26,IP
1664,148,2025-09-30,15.4,GPS
1665,796,2024-09-02,15.34,GPS
1666,523,2024-10-06,18.06,GPS
1667,281,2023-12-31,5.84,GPS
1668,158,2025-04-23,1194.33,IP
1669,497,2026-02-06,15.87,GPS
1670,564,2025-11-20,3093.8,IP
1671,7,2023-12-26,11.99,GPS
1672,521,2025-07-19,4379.7,IP
1673,750,2023-08-08,20.5,GPS
1674,574,2024-11-09,3429.7,IP
1675,633,2023-11-20,28.85,GPS
1676,758,2024-06-22,21.46,GPS
1677,710,2024-10-12,24.58,GPS
1678,606,2026-02-19,25.14,GPS
1679,654,2024-10-21,10.67,GPS
1680,784,2025-04-16,5.82,GPS
1681,208,2024-10-13,25.85,GPS
1682,505,2024-02-20,22.11,GPS
1683,102,2024-04-30,3632.68,IP
1684,364,2025-06-25,18.76,GPS
1685,102,2024-09-23,13.13,GPS
1686,471,2024-02-04,25.3,GPS
1687,128,2025-01-08,3058.29,IP
1688,5,2026-01-23,7.37,GPS
1689,101,2025-06-02,19.01,GPS
1690,710,2025-05-22,11.9,GPS
1691,684,2025-09-04,5.51,GPS
1692,153,2023-09-23,10.7,GPS
1693,291,2024-11-22,7.02,GPS
1694,664,2025-06-02,16.22,GPS
1695,474,2025-05-15,18.31,GPS
1696,783,2024-10-11,7.2,GPS
1697,516,2023-08-18,8.21,GPS
1698,712,2024-04-07,4946.97,IP
1699,80,2025-08-21,4448.83,IP
1700,132,2025-12-26,13.84,GPS
1701,386,2025-01-05,8.67,GPS
1702,86,2025-08-19,3771.32,IP
1703,101,2024-03-14,24.14,GPS
1704,544,2024-02-29,14.22,GPS
1705,547,2025-09-26,23.43,GPS
1706,333,2026-01-07,3672.42,IP
1707,259,2024-05-05,18.61,GPS
1708,353,2025-10-06,2073.17,IP
1709,54,2024-12-27,3145.66,IP
1710,426,2026-02-09,2815.11,IP
1711,666,2026-04-19,2508.06,IP
1712,448,2024-03-15,11.18,GPS
1713,413,2026-04-07,29.45,GPS
1714,20,2023-09-28,959.4,IP
1715,216,2023-08-30,1347.62,IP
1716,264,2026-04-22,27.71,GPS
1717,714,2025-09-29,8.02,GPS
1718,446,2025-05-29,3223.86,IP
1719,493,2026-01-05,19.7,GPS
1720,306,2024-01-16,15.63,GPS
1721,534,2023-09-28,27.51,GPS
1722,632,2024-12-08,26.29,GPS
1723,41,2025-02-15,3392.34,IP
1724,220,2024-09-05,27.4,GPS
1725,214,2026-03-05,29.01,GPS
1726,368,2024-01-27,10.64,GPS
1727,522,2023-11-24,3717.42,IP
1728,181,2023-09-02,13.62,GPS
1729,330,2025-06-18,18.33,GPS
1730,430,2024-07-18,2130.03,IP
1731,206,2025-04-14,4890.48,IP
1732,388,2025-12-19,13.05,GPS
1733,298,2024-01-24,19.03,GPS
1734,783,2026-03-01,731.98,IP
1735,197,2025-12-14,15.58,GPS
1736,633,2024-02-13,4076.27,IP
1737,345,2023-06-02,7.61,GPS
1738,132,2025-08-04,11.78,GPS
1739,715,2025-06-06,27.42,GPS
1740,79,2026-02-19,12.3,GPS
1741,549,2024-08-29,7.63,GPS
1742,505,2025-04-28,1260.4,IP
1743,76,2023-12-03,20.8,GPS
1744,247,2024-11-20,5.19,GPS
1745,3,2024-08-01,5.79,GPS
1746,101,2026-01-02,378.22,IP
1747,339,2025-01-12,16.52,GPS
1748,753,2024-04-19,13.19,GPS
1749,734,2025-09-13,21.88,GPS
1750,335,2023-07-31,6.38,GPS
1751,737,2024-10-01,16.44,GPS
1752,266,2023-08-19,11.9,GPS
1753,53,2025-07-06,3351.34,IP
1754,245,2023-06-12,26.54,GPS
1755,722,2024-01-27,3195.26,IP
1756,464,2023-06-12,15.23,GPS
1757,665,2023-09-07,3916.64,IP
1758,335,2025-12-02,4491.38,IP
1759,749,2026-02-06,237.17,IP
1760,326,2025-03-06,2568.57,IP
1761,333,2025-01-16,4932.49,IP
1762,689,2023-12-09,9.53,GPS
1763,799,2025-05-08,2116.55,IP
1764,571,2024-05-21,16.63,GPS
1765,141,2025-08-24,989.69,IP
1766,198,2025-01-21,28.1,GPS
1767,694,2025-10-05,5.68,GPS
1768,307,2023-05-10,6.5,GPS
1769,156,2024-11-11,4566.07,IP
1770,259,2024-02-09,11.55,GPS
1771,415,2025-12-01,4409.07,IP
1772,668,2023-10-12,95.64,IP
1773,67,2023-12-17,25.3,GPS
1774,691,2025-08-06,23.43,GPS
1775,115,2024-12-09,1483.38,IP
1776,94,2026-03-01,15.0,GPS
1777,470,2025-05-08,3889.2,IP
1778,532,2023-10-16,5.52,GPS
1779,499,2025-10-18,25.16,GPS
1780,587,2025-03-19,20.23,GPS
1781,483,2023-06-11,10.55,GPS
1782,437,2024-11-13,15.33,GPS
1783,731,2025-05-19,4071.45,IP
1784,507,2023-10-06,17.04,GPS
1785,341,2024-06-27,14.79,GPS
1786,44,2025-08-29,14.75,GPS
1787,513,2024-10-21,16.64,GPS
1788,391,2026-01-10,25.04,GPS
1789,587,2024-03-12,15.85,GPS
1790,718,2025-12-10,11.03,GPS
1791,249,2024-12-19,3347.26,IP
1792,769,2026-03-01,13.96,GPS
1793,602,2025-06-28,16.84,GPS
1794,623,2024-12-04,15.48,GPS
1795,789,2025-09-08,25.67,GPS
1796,171,2024-09-20,24.35,GPS
1797,767,2025-06-28,9.79,GPS
1798,114,2023-08-17,4161.48,IP
1799,408,2023-05-02,16.19,GPS
1800,417,2023-09-30,21.73,GPS
1801,427,2025-12-17,3430.47,IP
1802,657,2024-08-29,10.73,GPS
1803,553,2023-10-14,2570.1,IP
1804,429,2023-06-19,7.66,GPS
1805,647,2024-03-08,17.91,GPS
1806,650,2023-05-01,10.96,GPS
1807,216,2026-04-29,13.78,GPS
1808,314,2025-11-25,9.04,GPS
1809,658,2025-03-21,2723.94,IP
1810,155,2025-08-19,1497.6,IP
1811,374,2025-05-27,22.21,GPS
1812,162,2025-04-18,1338.51,IP
1813,594,2023-05-11,21.05,GPS
1814,785,2024-02-12,13.51,GPS
1815,235,2025-11-05,23.83,GPS
1816,205,2025-08-17,6.17,GPS
1817,365,2024-06-18,28.27,GPS
1818,735,2024-12-13,5.5,GPS
1819,758,2025-08-20,27.63,GPS
1820,627,2024-05-31,4419.27,IP
1821,436,2023-11-24,14.25,GPS
1822,413,2024-12-02,322.74,IP
1823,164,2023-12-06,2535.69,IP
1824,412,2025-09-30,3256.21,IP
1825,499,2023-11-01,18.33,GPS
1826,696,2025-02-24,4652.47,IP
1827,638,2026-04-17,7.76,GPS
1828,157,2024-08-26,11.97,GPS
1829,714,2025-06-27,29.19,GPS
1830,266,2023-10-08,6.87,GPS
1831,475,2023-11-05,16.7,GPS
1832,736,2026-03-28,29.77,GPS
1833,610,2023-07-20,15.16,GPS
1834,606,2024-11-13,3182.47,IP
1835,362,2025-12-11,4889.79,IP
1836,277,2025-02-24,23.89,GPS
1837,709,2023-07-27,19.91,GPS
1838,548,2024-11-02,21.31,GPS
1839,780,2023-05-19,28.62,GPS
1840,311,2025-10-10,6.15,GPS
1841,567,2024-07-15,4593.63,IP
1842,196,2024-03-15,1706.23,IP
1843,10,2025-10-16,7.55,GPS
1844,405,2023-11-27,1612.09,IP
1845,223,2023-04-30,29.63,GPS
1846,285,2026-03-14,10.65,GPS
1847,463,2023-11-30,4965.76,IP
1848,755,2025-11-02,8.33,GPS
1849,424,2025-11-27,87.88,IP
1850,468,2026-01-09,28.86,GPS
1851,43,2023-12-19,8.17,GPS
1852,438,2026-01-14,14.3,GPS
1853,624,2025-01-03,17.52,GPS
1854,195,2024-11-27,16.68,GPS
1855,684,2023-05-05,2832.37,IP
1856,255,2023-05-06,1138.68,IP
1857,504,2024-03-08,25.13,GPS
1858,73,2024-07-09,16.47,GPS
1859,165,2025-05-19,1399.04,IP
1860,34,2024-07-19,9.72,GPS
1861,789,2024-11-07,3027.38,IP
1862,340,2024-09-23,7.55,GPS
1863,453,2025-02-17,114.69,IP
1864,292,2026-04-29,3678.5,IP
1865,542,2024-03-14,3125.2,IP
1866,511,2025-02-09,22.16,GPS
1867,652,2024-06-28,1657.33,IP
1868,22,2025-01-20,13.26,GPS
1869,5,2024-05-28,9.39,GPS
1870,576,2024-10-24,14.07,GPS
1871,738,2023-10-03,19.99,GPS
1872,315,2025-12-24,8.79,GPS
1873,217,2024-02-08,1059.45,IP
1874,499,2025-08-28,3182.87,IP
1875,781,2025-11-26,6.16,GPS
1876,24,2025-10-11,11.84,GPS
1877,388,2024-10-16,4745.64,IP
1878,17,2024-08-21,13.55,GPS
1879,187,2026-01-22,2593.03,IP
1880,313,2023-12-19,1941.71,IP
1881,274,2024-04-02,21.15,GPS
1882,741,2024-10-25,13.07,GPS
1883,751,2024-12-31,8.55,GPS
1884,4,2026-01-15,816.44,IP
1885,257,2023-09-13,11.72,GPS
1886,230,2024-12-31,2516.75,IP
1887,621,2025-09-24,4285.8,IP
1888,466,2024-12-04,21.77,GPS
1889,439,2025-02-06,1644.71,IP
1890,344,2023-09-11,24.15,GPS
1891,53,2024-09-13,25.09,GPS
1892,741,2023-07-08,2580.49,IP
1893,97,2023-06-16,8.86,GPS
1894,632,2024-11-11,19.16,GPS
1895,460,2024-12-16,3806.25,IP
1896,250,2024-12-30,15.11,GPS
1897,471,2024-01-16,10.45,GPS
1898,558,2023-06-07,8.46,GPS
1899,693,2023-07-26,17.53,GPS
1900,113,2025-11-20,7.48,GPS
1901,563,2025-10-20,28.28,GPS
1902,242,2025-05-12,567.33,IP
1903,15,2024-02-29,12.98,GPS
1904,765,2024-12-29,29.37,GPS
1905,207,2024-02-18,6.17,GPS
1906,614,2023-12-14,23.98,GPS
1907,325,2024-08-06,2711.59,IP
1908,198,2023-09-01,28.12,GPS
1909,403,2024-12-29,23.54,GPS
1910,95,2024-05-09,23.78,GPS
1911,370,2025-12-22,14.81,GPS
1912,462,2024-07-12,15.39,GPS
1913,444,2024-10-08,8.94,GPS
1914,445,2025-04-04,22.34,GPS
1915,645,2024-12-02,24.99,GPS
1916,736,2023-12-01,1232.68,IP
1917,186,2023-09-24,25.81,GPS
1918,471,2023-06-23,19.2,GPS
1919,279,2025-06-30,12.89,GPS
1920,665,2025-10-15,21.31,GPS
1921,574,2024-01-24,9.43,GPS
1922,345,2024-02-26,598.91,IP
1923,529,2025-02-10,29.56,GPS
1924,314,2025-10-23,26.58,GPS
1925,753,2025-03-06,18.08,GPS
1926,177,2026-01-17,8.21,GPS
1927,470,2025-08-21,5.95,GPS
1928,320,2024-12-13,26.59,GPS
1929,688,2025-05-15,21.21,GPS
1930,126,2026-04-23,21.34,GPS
1931,343,2024-06-15,10.6,GPS
1932,468,2025-10-12,1072.55,IP
1933,50,2024-12-06,28.15,GPS
1934,369,2024-05-18,16.69,GPS
1935,661,2024-11-20,4369.82,IP
1936,639,2026-02-27,13.36,GPS
1937,583,2024-01-19,11.01,GPS
1938,424,2024-12-17,24.93,GPS
1939,434,2025-03-06,25.15,GPS
1940,756,2026-03-12,910.47,IP
1941,235,2025-12-23,1092.33,IP
1942,145,2026-04-14,11.35,GPS
1943,226,2026-01-28,15.63,GPS
1944,564,2023-07-01,18.99,GPS
1945,158,2024-11-16,10.27,GPS
1946,488,2025-04-29,1599.5,IP
1947,380,2023-08-28,18.18,GPS
1948,553,2025-09-20,10.84,GPS
1949,343,2023-09-03,18.16,GPS
1950,8,2023-11-15,7.6,GPS
1951,212,2025-09-16,702.69,IP
1952,720,2024-04-16,1572.25,IP
1953,315,2024-05-20,21.84,GPS
1954,59,2026-03-31,18.31,GPS
1955,613,2024-09-15,10.47,GPS
1956,266,2024-08-28,6.06,GPS
1957,86,2026-03-08,2145.0,IP
1958,538,2024-08-23,17.15,GPS
1959,480,2025-02-20,15.79,GPS
1960,54,2025-06-21,8.47,GPS
1961,52,2024-04-02,13.14,GPS
1962,152,2025-10-14,1390.79,IP
1963,426,2025-03-28,9.33,GPS
1964,7,2026-01-08,20.58,GPS
1965,478,2025-07-21,19.39,GPS
1966,616,2025-11-29,19.63,GPS
1967,314,2026-04-10,3621.71,IP
1968,497,2025-02-10,13.34,GPS
1969,539,2025-10-11,16.45,GPS
1970,387,2025-03-05,19.0,GPS
1971,741,2024-09-03,320.27,IP
1972,372,2025-11-24,9.91,GPS
1973,404,2023-12-02,5.82,GPS
1974,538,2025-03-17,17.8,GPS
1975,459,2024-08-21,28.02,GPS
1976,103,2024-10-30,11.99,GPS
1977,264,2025-02-21,29.96,GPS
1978,340,2023-07-01,20.25,GPS
1979,281,2026-02-20,4945.19,IP
1980,468,2023-06-14,14.48,GPS
1981,626,2023-08-20,21.63,GPS
1982,287,2023-06-09,11.68,GPS
1983,766,2025-03-18,1455.94,IP
1984,280,2026-03-14,12.27,GPS
1985,401,2023-07-07,28.79,GPS
1986,646,2026-03-16,5.23,GPS
1987,368,2024-03-28,26.08,GPS
1988,254,2025-02-15,9.14,GPS
1989,563,2024-07-28,19.57,GPS
1990,241,2025-10-09,14.0,GPS
1991,253,2026-03-29,27.96,GPS
1992,466,2026-02-07,6.81,GPS
1993,504,2025-11-27,3181.09,IP
1994,6,2025-01-09,17.02,GPS
1995,132,2025-08-03,2087.85,IP
1996,337,2023-06-06,19.08,GPS
1997,133,2026-04-07,5.96,GPS
1998,773,2025-11-10,25.65,GPS
1999,101,2024-12-18,29.96,GPS
2000,475,2024-01-23,8.22,GPS
