:START_ID,:END_ID,fecha,metodo_pago,presencial
1,327,2025-06-23 22:26:18,NFC,True
2,57,2024-10-14 01:23:03,NFC,True
3,57,2025-03-24 01:50:47,tarjeta,True
4,102,2024-08-22 23:58:13,tarjeta,True
5,149,2024-12-30 18:39:25,tarjeta,False
6,140,2026-01-23 14:45:16,QR,False
7,291,2024-06-06 19:48:12,tarjeta,False
8,4,2026-03-25 14:22:52,tarjeta,True
9,134,2026-02-18 00:54:17,NFC,True
10,314,2025-05-17 12:53:00,QR,False
11,129,2025-01-11 13:05:28,tarjeta,False
12,90,2025-08-09 00:06:53,tarjeta,False
13,143,2025-08-20 06:27:32,tarjeta,False
14,408,2026-03-16 07:13:55,QR,True
15,357,2024-08-19 22:41:17,tarjeta,True
16,479,2026-04-07 11:04:15,tarjeta,True
17,129,2024-06-28 15:10:27,QR,True
18,481,2025-05-08 22:30:23,NFC,True
19,140,2025-11-11 09:23:03,NFC,True
20,123,2025-07-29 15:06:51,QR,True
21,340,2025-01-15 14:08:25,NFC,True
22,30,2024-05-21 05:33:14,QR,True
23,9,2025-11-09 20:35:24,tarjeta,False
24,39,2025-09-09 10:44:10,tarjeta,True
25,37,2024-06-14 17:58:15,tarjeta,False
26,145,2024-06-21 16:52:19,QR,True
27,77,2025-09-02 04:37:03,NFC,True
28,365,2026-04-04 10:47:49,tarjeta,True
29,106,2026-03-20 15:43:24,QR,False
30,113,2026-04-09 03:29:27,tarjeta,True
31,496,2026-03-12 14:39:36,QR,False
32,59,2025-02-28 08:26:34,NFC,True
33,78,2026-03-10 16:44:46,tarjeta,False
34,97,2024-07-24 06:02:59,tarjeta,True
35,130,2025-05-18 17:38:47,QR,True
36,20,2024-09-30 08:02:49,NFC,True
37,90,2025-06-06 20:14:36,NFC,True
38,97,2026-01-23 11:40:53,NFC,True
39,243,2024-05-30 21:22:17,QR,False
40,106,2025-02-07 22:56:55,tarjeta,False
41,126,2026-02-21 01:05:58,QR,True
42,47,2024-10-20 10:43:14,tarjeta,True
43,92,2024-10-30 23:48:00,QR,False
44,88,2024-11-07 15:25:03,tarjeta,True
45,112,2024-08-11 10:00:23,QR,True
46,141,2025-02-13 18:55:27,tarjeta,True
47,15,2026-04-05 11:54:16,QR,False
48,15,2025-09-05 13:37:49,QR,False
49,310,2024-08-04 11:34:17,QR,True
50,71,2024-07-15 13:57:49,tarjeta,True
51,265,2024-10-22 06:34:56,QR,True
52,77,2025-01-28 16:08:57,tarjeta,True
53,47,2026-02-13 09:13:35,tarjeta,True
54,43,2026-04-12 16:07:08,NFC,True
55,114,2025-04-16 14:34:26,tarjeta,True
56,111,2025-01-08 20:13:31,tarjeta,True
57,55,2024-11-25 14:30:37,tarjeta,False
58,51,2024-08-09 20:23:14,tarjeta,True
59,309,2026-02-05 13:37:59,NFC,True
60,32,2024-07-12 21:13:08,QR,False
61,40,2025-11-12 06:27:42,NFC,True
62,22,2026-04-10 16:00:15,NFC,True
63,364,2025-04-30 01:06:43,NFC,True
64,140,2024-04-30 21:49:23,tarjeta,True
65,10,2024-06-19 02:23:01,NFC,True
66,71,2024-12-08 15:51:08,tarjeta,True
67,106,2025-11-15 04:27:35,NFC,True
68,424,2025-01-20 05:03:32,QR,False
69,104,2024-05-22 12:12:48,tarjeta,True
70,252,2025-10-17 16:24:53,QR,True
71,103,2026-04-07 08:06:02,tarjeta,True
72,125,2026-02-13 03:49:43,NFC,True
73,12,2024-05-29 08:12:06,tarjeta,False
74,123,2024-09-04 14:50:20,QR,True
75,340,2025-08-12 01:57:33,QR,True
76,11,2025-10-27 23:25:53,tarjeta,True
77,42,2026-03-09 06:07:14,QR,False
78,460,2024-12-30 00:16:50,tarjeta,True
79,21,2025-05-27 14:33:39,QR,False
80,253,2025-02-11 02:28:03,QR,True
81,45,2025-03-19 18:47:47,tarjeta,True
82,105,2026-04-01 06:47:57,tarjeta,True
83,70,2025-08-17 23:34:11,QR,False
84,85,2024-06-22 12:02:54,QR,True
85,120,2025-11-27 07:44:41,NFC,True
86,104,2026-03-13 23:31:38,QR,False
87,132,2026-01-12 18:00:30,tarjeta,True
88,122,2024-09-16 09:28:58,NFC,True
89,350,2025-05-23 03:27:12,tarjeta,True
90,127,2024-09-24 04:58:39,NFC,True
91,24,2024-11-07 02:34:35,tarjeta,True
92,69,2024-09-22 09:37:26,QR,True
93,26,2024-07-25 14:24:30,QR,True
94,148,2025-07-20 09:57:02,QR,True
95,81,2024-07-08 04:10:07,QR,True
96,296,2025-02-09 18:33:36,NFC,True
97,115,2026-02-04 02:02:13,NFC,True
98,20,2025-05-28 17:50:53,tarjeta,False
99,323,2025-03-13 04:31:21,QR,False
100,301,2025-05-25 08:03:43,NFC,True
101,61,2025-07-09 10:51:45,NFC,True
102,86,2025-10-12 08:33:46,NFC,True
103,45,2025-09-15 21:14:35,NFC,True
104,134,2024-12-25 09:22:30,NFC,True
105,142,2025-10-01 22:09:00,NFC,True
106,146,2024-06-30 03:24:39,NFC,True
107,56,2025-07-10 05:49:20,NFC,True
108,38,2025-01-28 16:07:20,QR,False
109,31,2024-07-19 04:56:25,NFC,True
110,69,2025-10-17 11:56:09,tarjeta,False
111,48,2025-03-09 08:05:27,tarjeta,True
112,301,2024-06-12 13:24:35,NFC,True
113,57,2025-12-28 14:44:20,NFC,True
114,153,2025-05-15 13:09:56,tarjeta,True
115,31,2026-02-27 09:31:54,tarjeta,True
116,278,2025-06-09 07:38:31,QR,False
117,13,2025-12-06 05:40:11,QR,False
118,57,2024-07-03 07:51:01,tarjeta,False
119,57,2024-10-28 23:48:48,NFC,True
120,150,2024-08-20 09:51:14,QR,True
121,40,2025-08-22 23:12:45,tarjeta,True
122,497,2025-02-01 01:20:36,QR,False
123,70,2024-12-08 05:34:28,QR,False
124,45,2025-09-14 02:20:39,NFC,True
125,105,2024-05-29 03:35:00,tarjeta,True
126,23,2025-06-28 17:43:57,NFC,True
127,36,2025-09-17 11:13:30,NFC,True
128,54,2025-06-10 04:07:51,QR,True
129,350,2025-09-10 20:04:32,tarjeta,False
130,6,2025-03-03 14:01:00,QR,False
131,87,2026-02-11 16:21:56,QR,False
132,20,2026-04-26 17:01:09,NFC,True
133,123,2026-03-22 22:48:54,tarjeta,False
134,69,2025-06-19 20:41:44,QR,False
135,209,2025-09-27 01:21:29,QR,True
136,40,2025-11-08 21:23:45,QR,True
137,131,2025-09-16 12:07:03,NFC,True
138,115,2024-07-18 09:04:58,QR,False
139,101,2024-05-22 15:03:51,tarjeta,True
140,216,2024-09-02 08:23:31,NFC,True
141,413,2026-01-27 17:56:52,NFC,True
142,318,2026-01-18 13:31:37,NFC,True
143,98,2025-09-27 05:17:10,QR,False
144,67,2024-10-01 16:03:10,tarjeta,False
145,9,2025-12-28 11:21:24,NFC,True
146,103,2024-10-27 12:38:53,QR,False
147,36,2026-04-24 03:00:13,QR,True
148,110,2024-07-14 21:51:53,QR,False
149,4,2024-05-07 15:30:35,NFC,True
150,264,2024-07-08 09:02:02,NFC,True
151,163,2026-01-07 02:45:35,tarjeta,False
152,116,2024-08-10 09:51:34,NFC,True
153,62,2025-07-15 13:26:06,tarjeta,True
154,102,2024-08-30 11:28:41,NFC,True
155,79,2024-08-11 08:30:13,NFC,True
156,133,2025-05-26 08:41:50,tarjeta,True
157,128,2025-07-04 09:25:23,tarjeta,True
158,88,2025-12-28 07:38:21,tarjeta,True
159,440,2026-02-16 05:14:42,QR,False
160,71,2025-04-15 11:46:36,QR,True
161,24,2025-05-20 22:18:23,tarjeta,False
162,90,2025-04-15 23:49:30,tarjeta,True
163,54,2025-11-21 00:48:07,NFC,True
164,21,2025-04-02 19:22:18,tarjeta,False
165,126,2025-07-28 11:39:08,QR,False
166,94,2026-01-19 12:08:20,QR,True
167,427,2025-11-03 23:16:19,NFC,True
168,85,2024-06-06 23:03:09,QR,False
169,22,2025-04-12 15:11:18,tarjeta,True
170,79,2025-09-05 00:56:01,QR,True
171,1,2025-02-12 03:08:23,NFC,True
172,112,2024-06-17 09:05:24,tarjeta,True
173,128,2024-10-13 07:47:07,NFC,True
174,149,2024-11-17 17:09:00,QR,True
175,55,2024-10-12 21:26:07,QR,True
176,232,2025-09-17 03:03:21,NFC,True
177,114,2025-10-14 11:55:43,tarjeta,True
178,108,2025-06-08 17:00:40,tarjeta,True
179,477,2024-05-06 12:11:01,NFC,True
180,41,2025-08-01 14:31:06,tarjeta,False
181,84,2026-01-10 22:21:19,NFC,True
182,26,2025-08-21 07:04:01,NFC,True
183,53,2025-03-25 20:52:56,tarjeta,False
184,38,2024-08-02 09:09:24,QR,True
185,47,2024-12-21 05:01:54,NFC,True
186,129,2024-11-18 18:39:02,QR,True
187,116,2026-04-10 13:48:31,tarjeta,True
188,50,2026-03-17 00:26:25,NFC,True
189,122,2025-08-07 07:15:31,tarjeta,True
190,53,2025-06-23 18:40:14,NFC,True
191,145,2025-08-30 00:21:20,tarjeta,True
192,271,2024-09-26 20:16:38,tarjeta,True
193,349,2025-07-07 11:41:17,tarjeta,True
194,250,2026-03-16 02:56:04,NFC,True
195,142,2025-12-26 14:51:08,tarjeta,False
196,53,2025-05-19 19:44:52,NFC,True
197,121,2025-12-01 14:34:53,NFC,True
198,37,2025-06-18 07:44:07,QR,False
199,492,2025-01-10 05:46:23,QR,True
200,44,2024-05-22 06:24:04,QR,False
201,118,2025-11-26 23:00:28,NFC,True
202,63,2025-01-08 07:49:43,QR,False
203,127,2026-03-27 05:25:13,tarjeta,True
204,5,2024-10-01 23:32:37,QR,True
205,331,2025-08-17 23:16:31,QR,True
206,76,2025-08-22 11:59:46,QR,False
207,115,2024-07-17 08:31:53,QR,True
208,96,2024-06-23 02:22:42,QR,False
209,6,2025-06-05 16:40:06,NFC,True
210,134,2025-08-08 04:56:55,NFC,True
211,230,2025-02-21 06:26:43,tarjeta,True
212,112,2024-11-20 04:01:15,tarjeta,True
213,13,2025-12-31 14:40:54,QR,False
214,42,2024-07-18 16:12:32,QR,True
215,123,2026-01-28 10:59:49,QR,False
216,95,2025-03-19 00:39:36,QR,False
217,85,2025-05-02 02:43:29,tarjeta,True
218,395,2025-05-10 22:46:09,QR,True
219,144,2025-06-12 08:39:20,QR,True
220,29,2024-08-16 14:37:14,tarjeta,False
221,117,2024-08-30 09:51:26,tarjeta,False
222,128,2024-09-29 04:12:24,tarjeta,False
223,57,2025-08-28 18:45:04,NFC,True
224,67,2024-07-28 01:29:51,tarjeta,False
225,84,2024-07-12 05:01:14,NFC,True
226,84,2024-08-31 05:04:02,QR,True
227,70,2025-02-28 19:46:17,tarjeta,True
228,88,2024-10-02 16:44:16,NFC,True
229,76,2025-12-18 01:30:06,NFC,True
230,103,2025-02-11 14:03:10,QR,True
231,362,2026-01-18 14:47:42,tarjeta,True
232,102,2024-12-01 04:38:12,NFC,True
233,77,2024-10-21 08:07:38,tarjeta,True
234,104,2025-09-24 05:42:47,QR,False
235,122,2024-08-23 08:03:56,NFC,True
236,62,2024-11-17 16:16:33,NFC,True
237,23,2024-06-28 07:02:09,NFC,True
238,50,2025-05-06 18:10:52,NFC,True
239,26,2025-08-17 13:46:02,QR,True
240,145,2025-10-11 09:22:44,NFC,True
241,140,2024-11-30 12:43:46,NFC,True
242,92,2025-07-21 06:43:18,tarjeta,False
243,363,2024-05-22 13:40:56,NFC,True
244,46,2024-06-30 12:06:20,tarjeta,True
245,147,2025-02-08 14:43:25,QR,True
246,169,2025-06-22 10:55:32,NFC,True
247,115,2025-10-16 15:34:07,NFC,True
248,428,2025-09-29 09:35:57,tarjeta,False
249,126,2025-11-26 20:35:26,tarjeta,True
250,81,2025-04-13 01:20:03,NFC,True
251,346,2026-04-14 02:59:50,tarjeta,True
252,134,2026-01-30 06:07:29,tarjeta,True
253,120,2024-12-22 13:25:51,QR,True
254,33,2025-06-30 12:12:58,QR,True
255,234,2024-10-15 13:23:50,NFC,True
256,133,2024-05-01 14:54:16,QR,False
257,149,2025-10-14 03:40:24,QR,True
258,459,2026-03-13 08:52:15,tarjeta,True
259,266,2025-03-04 03:30:24,QR,True
260,76,2026-02-10 10:25:34,tarjeta,True
261,441,2025-05-12 03:19:54,QR,False
262,460,2026-03-02 01:58:47,NFC,True
263,37,2025-04-10 22:59:54,tarjeta,False
264,177,2025-09-27 14:10:36,tarjeta,True
265,401,2025-10-18 16:46:10,QR,False
266,102,2024-08-26 02:40:17,NFC,True
267,30,2026-02-18 06:26:02,tarjeta,False
268,482,2025-03-19 02:44:32,tarjeta,False
269,15,2025-04-30 09:12:24,tarjeta,True
270,106,2024-12-05 12:56:47,QR,True
271,159,2025-07-20 17:31:25,tarjeta,True
272,125,2024-11-17 20:46:52,tarjeta,True
273,13,2026-02-26 18:42:30,tarjeta,True
274,74,2026-04-30 00:20:10,QR,True
275,395,2025-03-15 06:05:43,tarjeta,True
276,56,2024-10-26 00:15:07,NFC,True
277,63,2025-04-23 15:07:15,tarjeta,False
278,134,2025-09-15 18:28:28,NFC,True
279,56,2025-02-17 09:24:10,QR,True
280,466,2025-02-14 20:45:20,NFC,True
281,106,2024-06-02 21:18:16,NFC,True
282,364,2025-01-16 01:48:16,tarjeta,False
283,84,2024-11-17 06:11:27,QR,False
284,9,2026-02-23 08:02:33,QR,False
285,42,2026-03-30 08:31:59,NFC,True
286,383,2025-09-13 16:41:16,tarjeta,True
287,17,2024-06-05 01:55:12,NFC,True
288,95,2025-04-22 07:20:32,QR,True
289,136,2024-06-05 17:37:27,QR,True
290,69,2025-09-29 05:57:03,QR,True
291,51,2025-08-28 13:33:01,QR,True
292,174,2025-06-13 18:04:14,QR,False
293,352,2024-09-28 08:15:42,tarjeta,True
294,87,2025-07-23 10:29:50,QR,True
295,42,2025-09-28 05:00:37,NFC,True
296,103,2026-03-24 01:32:50,NFC,True
297,437,2026-04-25 09:52:17,tarjeta,True
298,52,2024-07-24 15:47:08,QR,False
299,29,2024-07-26 12:16:11,QR,True
300,38,2026-01-04 04:36:01,QR,False
301,97,2024-07-07 18:29:07,tarjeta,False
302,491,2024-06-28 09:03:10,NFC,True
303,74,2025-02-10 12:19:10,QR,False
304,110,2026-04-03 13:53:59,tarjeta,True
305,74,2026-04-11 00:34:35,QR,True
306,37,2025-12-25 00:07:48,NFC,True
307,58,2025-09-22 23:02:41,QR,False
308,105,2025-07-09 03:01:27,NFC,True
309,23,2025-10-14 05:13:53,QR,False
310,62,2025-01-10 07:08:13,tarjeta,True
311,415,2024-06-11 18:13:55,tarjeta,True
312,94,2025-07-21 07:31:50,NFC,True
313,112,2025-07-08 11:57:14,QR,False
314,25,2025-05-16 17:11:46,tarjeta,True
315,145,2025-08-01 14:06:27,NFC,True
316,129,2024-11-21 18:30:47,QR,False
317,18,2025-12-11 22:07:56,tarjeta,True
318,15,2026-01-22 00:23:00,QR,False
319,143,2025-08-25 20:31:51,NFC,True
320,55,2026-01-10 06:10:37,tarjeta,True
321,29,2025-12-03 18:34:36,QR,True
322,66,2025-12-24 10:50:06,NFC,True
323,148,2025-10-14 04:42:38,QR,True
324,79,2025-04-06 14:47:27,tarjeta,True
325,119,2025-11-30 06:28:56,NFC,True
326,27,2025-02-21 23:18:47,tarjeta,False
327,90,2025-09-18 05:25:25,tarjeta,True
328,51,2025-08-21 13:25:01,QR,True
329,128,2025-10-24 19:23:11,NFC,True
330,231,2025-02-19 05:18:11,NFC,True
331,360,2024-07-21 03:16:55,tarjeta,False
332,92,2024-12-05 20:10:27,NFC,True
333,15,2026-04-14 20:22:49,QR,True
334,85,2024-05-01 18:16:24,tarjeta,True
335,64,2025-09-21 05:05:58,NFC,True
336,361,2024-12-15 18:12:20,tarjeta,False
337,146,2024-06-11 06:35:53,QR,False
338,11,2025-03-31 00:41:13,QR,True
339,38,2025-07-11 19:36:23,NFC,True
340,309,2025-02-13 09:32:20,tarjeta,False
341,10,2025-06-13 05:00:23,NFC,True
342,63,2025-02-07 07:09:27,QR,True
343,495,2025-06-29 11:35:08,tarjeta,False
344,49,2026-01-12 11:14:35,QR,True
345,85,2025-08-24 03:42:43,tarjeta,True
346,146,2025-10-01 17:27:46,NFC,True
347,75,2026-03-04 06:10:42,tarjeta,True
348,205,2025-05-03 13:19:10,tarjeta,True
349,39,2024-06-29 06:06:53,NFC,True
350,2,2025-01-01 12:11:28,tarjeta,True
351,61,2024-09-14 23:37:52,NFC,True
352,44,2026-03-08 17:33:18,NFC,True
353,63,2025-03-22 08:19:02,QR,True
354,107,2026-03-12 06:37:48,QR,True
355,28,2025-03-18 18:38:02,NFC,True
356,51,2026-03-19 05:18:12,QR,False
357,66,2026-02-28 07:43:16,NFC,True
358,410,2025-05-17 01:30:12,tarjeta,True
359,136,2025-03-13 20:43:18,NFC,True
360,104,2024-10-01 14:14:55,QR,True
361,90,2024-10-04 14:50:21,QR,False
362,65,2025-04-17 05:31:07,tarjeta,True
363,283,2024-07-25 16:18:48,NFC,True
364,26,2024-12-13 07:08:31,tarjeta,True
365,42,2026-04-05 13:03:52,QR,True
366,135,2025-03-17 10:50:48,tarjeta,True
367,99,2025-03-29 05:35:34,NFC,True
368,92,2025-09-29 05:17:15,QR,True
369,36,2025-04-20 07:48:02,tarjeta,False
370,63,2026-04-03 09:43:51,QR,False
371,132,2024-12-18 05:27:25,tarjeta,True
372,71,2026-03-28 09:55:41,NFC,True
373,99,2024-06-20 04:53:32,NFC,True
374,63,2026-01-05 12:27:09,QR,False
375,50,2024-09-02 10:28:32,tarjeta,True
376,338,2025-02-13 04:33:49,QR,True
377,180,2026-03-28 21:37:50,tarjeta,False
378,38,2025-06-17 14:47:45,NFC,True
379,55,2024-10-23 03:34:31,NFC,True
380,87,2025-01-26 07:23:05,NFC,True
381,101,2024-06-28 22:05:00,tarjeta,True
382,244,2024-12-13 21:46:52,tarjeta,True
383,145,2025-03-28 06:56:05,tarjeta,True
384,10,2025-04-20 09:29:24,tarjeta,True
385,53,2026-02-26 17:16:33,tarjeta,False
386,122,2024-08-07 20:41:20,NFC,True
387,130,2026-03-11 18:30:12,tarjeta,True
388,82,2025-04-11 16:27:00,QR,True
389,11,2024-06-25 18:01:53,NFC,True
390,21,2025-09-13 07:42:45,tarjeta,True
391,53,2025-03-01 05:25:31,tarjeta,True
392,112,2024-08-14 00:28:11,NFC,True
393,359,2024-08-06 09:22:30,NFC,True
394,125,2024-10-12 08:09:59,NFC,True
395,69,2025-01-16 23:38:34,tarjeta,True
396,421,2024-06-14 05:22:16,NFC,True
397,131,2025-10-06 01:54:32,tarjeta,True
398,300,2025-03-13 09:01:41,tarjeta,True
399,65,2025-04-21 22:35:56,QR,False
400,113,2026-01-17 15:41:36,NFC,True
401,100,2024-05-15 13:39:41,QR,False
402,43,2024-05-13 16:18:31,NFC,True
403,6,2025-06-19 17:20:44,tarjeta,False
404,104,2026-01-06 22:22:47,QR,True
405,78,2025-05-25 16:51:29,tarjeta,True
406,40,2025-04-23 03:37:19,NFC,True
407,133,2024-09-11 02:42:16,tarjeta,True
408,452,2025-01-17 03:14:33,QR,False
409,60,2024-05-10 06:42:11,NFC,True
410,26,2025-04-29 11:05:53,NFC,True
411,46,2025-10-01 12:21:34,NFC,True
412,2,2025-09-10 01:07:44,QR,False
413,445,2025-12-17 15:47:09,tarjeta,True
414,69,2024-09-20 11:14:17,NFC,True
415,141,2024-05-23 06:30:28,NFC,True
416,56,2024-11-12 11:06:46,QR,True
417,129,2025-05-13 23:42:09,NFC,True
418,264,2025-01-18 14:47:00,tarjeta,True
419,123,2025-09-06 12:55:58,tarjeta,True
420,133,2025-07-17 08:11:05,QR,True
421,136,2025-08-16 15:43:46,QR,False
422,4,2025-03-02 19:25:21,tarjeta,False
423,77,2026-03-15 17:04:36,NFC,True
424,112,2024-07-26 00:51:24,tarjeta,True
425,41,2024-07-11 20:45:04,tarjeta,True
426,120,2025-11-12 01:59:50,tarjeta,True
427,312,2025-10-16 06:06:31,NFC,True
428,179,2026-02-14 07:49:40,tarjeta,True
429,99,2025-08-14 16:08:29,QR,True
430,427,2024-10-19 19:37:07,tarjeta,True
431,65,2025-01-23 04:55:08,NFC,True
432,100,2025-07-28 10:34:20,tarjeta,True
433,26,2024-12-14 04:00:01,QR,True
434,59,2026-01-08 16:24:54,tarjeta,True
435,138,2025-12-18 22:47:47,tarjeta,True
436,182,2025-03-30 07:30:38,QR,False
437,84,2025-01-29 13:23:18,QR,True
438,67,2025-04-20 11:35:48,tarjeta,True
439,48,2024-11-19 05:38:32,NFC,True
440,11,2025-07-19 14:13:41,tarjeta,True
441,332,2025-09-05 19:24:53,tarjeta,True
442,119,2025-03-14 12:03:02,NFC,True
443,320,2025-04-05 15:10:07,tarjeta,True
444,143,2024-10-09 20:38:14,QR,True
445,88,2025-07-25 04:12:26,tarjeta,True
446,4,2026-02-07 14:19:34,QR,False
447,18,2026-04-01 05:37:36,NFC,True
448,35,2025-04-22 21:17:48,NFC,True
449,354,2025-07-18 13:54:12,tarjeta,False
450,76,2026-02-07 18:07:05,tarjeta,True
451,498,2026-01-08 08:31:52,NFC,True
452,136,2024-06-16 07:23:28,QR,False
453,137,2025-05-16 17:29:42,QR,False
454,135,2026-02-04 03:55:13,tarjeta,False
455,36,2025-07-16 07:58:19,QR,False
456,45,2025-06-29 21:35:27,NFC,True
457,56,2024-10-30 15:03:30,tarjeta,True
458,34,2024-10-18 18:23:40,tarjeta,False
459,68,2025-04-19 18:47:21,tarjeta,True
460,40,2025-02-14 05:57:53,NFC,True
461,13,2025-03-02 12:30:03,NFC,True
462,46,2025-08-24 17:33:24,tarjeta,True
463,358,2024-08-02 08:47:38,NFC,True
464,131,2025-04-19 02:39:26,NFC,True
465,44,2024-08-23 01:37:51,NFC,True
466,133,2025-02-12 13:33:10,NFC,True
467,306,2025-04-20 06:11:16,tarjeta,True
468,4,2025-01-08 06:23:24,tarjeta,True
469,52,2025-05-02 13:16:44,NFC,True
470,23,2026-03-23 03:41:04,NFC,True
471,31,2025-12-08 16:04:32,NFC,True
472,46,2024-10-03 12:29:32,NFC,True
473,141,2025-07-25 00:30:42,QR,False
474,120,2025-10-09 12:24:47,tarjeta,False
475,100,2024-11-05 16:05:08,QR,True
476,36,2025-01-03 12:16:57,NFC,True
477,14,2024-05-24 15:31:03,tarjeta,True
478,15,2025-10-20 17:44:39,QR,False
479,79,2025-10-06 21:47:23,QR,True
480,94,2025-09-12 10:31:46,tarjeta,False
481,469,2024-12-25 00:19:34,NFC,True
482,85,2025-06-11 19:41:37,NFC,True
483,71,2024-07-21 21:17:05,QR,False
484,137,2026-03-23 22:33:05,NFC,True
485,16,2024-11-11 09:54:44,tarjeta,True
486,25,2024-08-15 15:34:44,tarjeta,True
487,488,2024-05-26 08:46:18,NFC,True
488,56,2024-09-27 22:27:30,tarjeta,False
489,87,2026-04-05 04:21:24,tarjeta,True
490,394,2025-05-29 20:54:16,tarjeta,True
491,12,2024-09-11 05:21:02,QR,True
492,207,2025-05-07 10:38:47,QR,True
493,70,2024-09-03 19:03:07,tarjeta,False
494,60,2025-02-17 04:25:20,NFC,True
495,44,2025-07-20 19:01:47,NFC,True
496,77,2024-09-01 17:52:11,QR,True
497,122,2025-11-27 11:04:17,tarjeta,True
498,58,2025-02-04 06:47:31,QR,True
499,92,2025-12-17 05:50:52,NFC,True
500,482,2025-06-19 21:52:23,tarjeta,True
501,126,2024-08-22 11:49:32,QR,True
502,458,2025-10-23 08:25:32,QR,True
503,43,2024-12-01 00:25:12,NFC,True
504,182,2024-11-16 01:49:56,NFC,True
505,123,2026-01-16 00:43:51,NFC,True
506,105,2024-06-02 19:40:56,QR,True
507,139,2025-06-27 00:29:07,NFC,True
508,83,2025-07-18 18:06:35,QR,True
509,79,2026-01-17 23:31:45,tarjeta,True
510,414,2025-08-12 15:21:48,QR,False
511,109,2025-08-21 04:54:13,QR,False
512,111,2025-08-14 05:03:03,QR,True
513,8,2024-06-16 01:11:02,QR,False
514,43,2024-07-16 00:21:33,QR,False
515,18,2026-02-19 19:06:26,NFC,True
516,91,2024-08-04 07:36:39,tarjeta,True
517,164,2024-08-22 18:47:21,QR,True
518,91,2025-03-26 19:44:37,QR,False
519,73,2026-03-22 22:32:07,QR,True
520,182,2024-06-27 04:31:10,QR,False
521,27,2025-07-31 13:38:34,tarjeta,True
522,25,2024-11-05 07:58:54,QR,False
523,28,2024-07-06 19:39:01,NFC,True
524,122,2025-12-02 03:46:22,tarjeta,False
525,165,2026-03-08 09:15:40,QR,True
526,97,2024-10-10 10:01:49,tarjeta,True
527,1,2026-02-08 08:01:28,NFC,True
528,71,2024-12-24 09:44:43,NFC,True
529,383,2025-02-03 03:17:12,tarjeta,True
530,108,2025-03-06 21:38:36,NFC,True
531,108,2025-05-03 23:04:09,QR,False
532,93,2026-02-14 00:51:28,QR,True
533,147,2025-10-25 05:18:05,NFC,True
534,16,2025-11-27 19:48:07,NFC,True
535,92,2026-02-13 10:25:46,QR,False
536,59,2025-06-18 07:41:51,tarjeta,False
537,65,2024-07-09 09:52:15,NFC,True
538,56,2025-07-13 02:16:44,NFC,True
539,35,2026-04-14 11:04:40,tarjeta,True
540,91,2026-01-06 08:51:55,NFC,True
541,120,2024-07-12 21:55:34,QR,True
542,5,2024-07-10 18:48:28,QR,False
543,69,2025-04-15 03:14:04,tarjeta,True
544,32,2024-05-06 07:37:03,QR,False
545,381,2024-06-28 13:41:08,tarjeta,True
546,6,2025-06-12 10:31:03,QR,True
547,239,2025-07-17 16:07:02,NFC,True
548,420,2025-09-27 10:11:10,QR,True
549,342,2024-07-24 05:06:46,tarjeta,True
550,456,2024-05-03 17:32:24,QR,True
551,112,2026-02-27 19:35:13,NFC,True
552,87,2025-11-16 14:30:23,tarjeta,True
553,120,2024-12-17 09:10:12,NFC,True
554,117,2024-10-08 17:37:08,NFC,True
555,358,2024-07-22 22:10:09,QR,False
556,11,2024-11-28 13:01:17,tarjeta,True
557,278,2024-11-14 21:41:44,NFC,True
558,47,2025-07-26 14:11:31,NFC,True
559,498,2025-10-11 23:13:18,tarjeta,True
560,4,2025-11-13 20:08:03,NFC,True
561,96,2024-11-22 18:57:14,QR,True
562,90,2025-03-31 19:56:20,QR,True
563,75,2025-06-17 13:55:19,NFC,True
564,26,2026-02-01 05:16:36,NFC,True
565,233,2024-08-29 14:16:18,NFC,True
566,51,2025-04-17 23:39:25,tarjeta,True
567,14,2025-04-17 22:22:30,tarjeta,True
568,139,2025-04-22 17:19:44,tarjeta,True
569,128,2024-12-06 14:09:58,tarjeta,True
570,324,2024-06-29 04:52:51,NFC,True
571,91,2025-04-08 00:53:01,QR,True
572,37,2025-04-15 20:59:28,NFC,True
573,66,2026-03-23 05:36:25,QR,True
574,89,2025-11-11 20:40:43,QR,False
575,224,2024-11-06 20:13:59,tarjeta,False
576,59,2025-01-15 16:45:26,QR,True
577,317,2025-05-29 04:53:24,QR,True
578,307,2024-08-10 06:02:00,NFC,True
579,349,2026-02-26 05:34:02,tarjeta,True
580,45,2024-11-08 12:09:36,tarjeta,False
581,62,2025-01-10 03:07:03,tarjeta,True
582,115,2025-12-27 02:47:35,QR,False
583,119,2024-09-27 07:57:47,NFC,True
584,111,2025-05-18 21:04:44,QR,True
585,162,2025-06-21 23:38:47,NFC,True
586,45,2025-04-29 21:00:41,QR,True
587,1,2026-03-06 17:20:23,NFC,True
588,98,2024-11-22 02:46:56,QR,True
589,427,2025-08-16 15:44:35,QR,True
590,89,2024-12-03 03:45:33,NFC,True
591,51,2025-11-13 04:43:25,tarjeta,True
592,384,2024-06-01 14:26:26,tarjeta,True
593,101,2025-10-22 08:34:12,QR,True
594,60,2025-10-06 05:46:32,tarjeta,False
595,82,2024-05-25 18:27:48,tarjeta,True
596,121,2025-08-26 23:35:25,QR,False
597,356,2024-12-24 01:48:30,QR,True
598,300,2024-11-15 02:26:00,NFC,True
599,73,2024-11-08 09:52:11,NFC,True
600,425,2025-07-25 18:36:48,tarjeta,True
601,125,2025-09-29 03:57:07,tarjeta,True
602,77,2025-10-14 06:46:34,QR,False
603,298,2025-04-15 21:29:24,tarjeta,True
604,264,2024-12-22 00:18:26,QR,False
605,128,2025-07-19 18:05:54,tarjeta,False
606,67,2025-02-08 20:27:59,NFC,True
607,36,2024-06-20 19:51:08,tarjeta,True
608,482,2025-06-25 09:56:29,tarjeta,True
609,92,2024-10-20 16:28:08,NFC,True
610,57,2025-03-01 09:24:09,tarjeta,False
611,76,2025-01-24 06:36:47,NFC,True
612,51,2025-12-30 18:51:44,QR,True
613,148,2024-08-24 04:45:34,tarjeta,False
614,53,2025-03-23 18:18:01,NFC,True
615,99,2025-01-25 21:44:18,NFC,True
616,123,2025-09-27 04:10:45,tarjeta,True
617,398,2024-09-06 04:46:43,tarjeta,False
618,5,2026-03-17 00:35:33,QR,True
619,459,2024-11-16 05:56:54,NFC,True
620,80,2025-09-25 07:15:45,tarjeta,False
621,15,2024-07-19 07:23:13,NFC,True
622,128,2025-05-27 06:48:45,tarjeta,True
623,30,2024-07-29 10:29:25,QR,False
624,18,2024-05-24 05:08:12,QR,True
625,140,2026-03-19 00:12:23,tarjeta,True
626,230,2026-01-27 19:38:48,tarjeta,True
627,87,2025-09-20 12:08:40,tarjeta,True
628,98,2026-04-29 21:55:37,NFC,True
629,132,2025-07-11 00:55:56,NFC,True
630,96,2026-03-19 16:53:12,QR,True
631,84,2025-01-07 05:56:28,tarjeta,True
632,112,2024-05-26 08:43:36,NFC,True
633,215,2025-07-21 08:06:15,tarjeta,True
634,56,2025-09-29 16:29:51,QR,True
635,36,2026-04-10 19:47:43,QR,True
636,131,2025-11-10 14:36:52,tarjeta,True
637,139,2026-01-10 16:23:32,tarjeta,True
638,72,2024-12-14 23:56:30,NFC,True
639,148,2025-11-29 08:35:15,NFC,True
640,15,2024-08-04 18:24:57,tarjeta,True
641,64,2024-11-10 02:24:34,NFC,True
642,42,2025-01-30 07:47:11,tarjeta,True
643,288,2024-11-18 16:59:02,NFC,True
644,80,2025-02-13 21:15:15,NFC,True
645,95,2024-09-12 11:01:49,NFC,True
646,88,2025-08-09 12:34:31,tarjeta,True
647,332,2025-03-02 05:33:10,QR,False
648,57,2025-10-11 03:04:36,QR,False
649,111,2024-08-13 14:55:10,QR,True
650,55,2025-11-10 12:50:50,QR,False
651,9,2025-08-09 03:05:32,tarjeta,True
652,139,2025-01-01 22:51:05,NFC,True
653,55,2025-11-06 13:26:41,NFC,True
654,102,2026-02-10 17:10:28,QR,False
655,258,2025-09-28 19:35:17,QR,True
656,63,2025-10-22 03:55:09,tarjeta,True
657,1,2025-02-27 23:03:17,tarjeta,False
658,95,2024-06-15 16:17:34,tarjeta,True
659,11,2024-08-03 21:31:41,tarjeta,False
660,207,2024-06-14 13:11:07,QR,True
661,35,2026-03-03 22:59:08,NFC,True
662,456,2025-03-28 23:42:26,NFC,True
663,146,2026-04-16 06:14:22,tarjeta,False
664,129,2025-09-30 18:07:00,NFC,True
665,485,2024-08-30 05:51:15,tarjeta,True
666,108,2025-10-19 08:45:24,tarjeta,True
667,10,2025-04-29 20:13:00,QR,False
668,30,2025-02-26 19:20:48,QR,True
669,36,2024-09-24 00:22:59,QR,True
670,25,2025-05-13 20:45:28,QR,False
671,23,2026-02-14 09:02:57,tarjeta,True
672,66,2024-09-04 12:24:35,QR,True
673,48,2025-01-28 00:50:02,tarjeta,True
674,139,2024-12-12 15:59:00,QR,True
675,16,2026-01-15 08:01:47,NFC,True
676,83,2026-03-24 02:33:19,NFC,True
677,17,2025-01-11 07:20:10,QR,True
678,184,2025-04-23 05:00:42,QR,False
679,132,2026-03-20 14:53:10,QR,True
680,452,2025-10-17 03:13:31,tarjeta,True
681,66,2024-10-02 13:39:45,QR,True
682,52,2025-03-15 05:02:58,NFC,True
683,130,2024-12-20 01:46:59,NFC,True
684,335,2025-11-02 08:11:55,tarjeta,False
685,124,2025-02-14 14:03:24,QR,False
686,326,2025-12-07 09:49:11,QR,False
687,343,2026-03-28 22:59:47,NFC,True
688,76,2024-08-01 18:32:28,QR,False
689,142,2024-07-03 07:50:23,tarjeta,False
690,52,2025-03-05 19:14:17,QR,False
691,64,2025-10-25 11:16:50,NFC,True
692,36,2026-04-13 08:28:07,NFC,True
693,111,2025-09-10 23:09:09,tarjeta,True
694,102,2025-06-22 03:50:16,tarjeta,True
695,132,2025-11-06 10:28:31,tarjeta,True
696,12,2024-10-31 02:45:54,QR,True
697,13,2025-02-05 12:09:48,tarjeta,True
698,95,2025-06-04 08:25:47,tarjeta,True
699,113,2026-04-28 01:53:39,NFC,True
700,59,2025-02-28 22:02:51,NFC,True
701,47,2025-10-13 01:12:42,NFC,True
702,111,2024-09-07 10:43:35,NFC,True
703,111,2025-06-20 06:33:47,NFC,True
704,106,2026-02-16 12:49:00,QR,False
705,19,2026-03-27 13:30:49,NFC,True
706,15,2026-04-24 18:50:24,QR,False
707,10,2024-08-09 03:14:55,NFC,True
708,95,2026-03-20 19:57:49,QR,True
709,28,2024-10-30 21:34:16,NFC,True
710,27,2025-05-25 08:34:51,tarjeta,False
711,271,2024-05-10 09:30:39,tarjeta,False
712,42,2024-08-26 01:25:09,QR,True
713,357,2025-09-05 20:46:00,QR,True
714,148,2024-05-04 16:11:52,tarjeta,True
715,121,2024-11-16 15:10:36,QR,False
716,199,2025-06-27 22:45:47,tarjeta,True
717,329,2024-10-07 08:35:16,NFC,True
718,57,2024-05-28 08:03:39,QR,True
719,41,2024-09-27 04:48:35,NFC,True
720,90,2025-11-13 06:26:05,QR,True
721,72,2026-04-30 12:59:09,NFC,True
722,285,2025-09-18 09:26:28,QR,False
723,112,2025-10-17 13:13:06,NFC,True
724,23,2024-05-22 23:07:02,QR,True
725,111,2025-06-09 01:58:18,NFC,True
726,128,2025-12-18 13:54:57,QR,True
727,68,2025-10-23 08:34:42,tarjeta,True
728,268,2025-08-26 15:55:55,tarjeta,True
729,44,2024-09-09 23:34:42,NFC,True
730,45,2025-09-09 09:51:06,tarjeta,True
731,62,2024-08-03 01:23:14,NFC,True
732,88,2024-12-02 08:51:26,NFC,True
733,313,2026-01-04 16:52:26,tarjeta,True
734,101,2025-08-18 09:54:44,QR,False
735,69,2025-08-18 11:36:05,NFC,True
736,63,2025-09-19 01:52:38,QR,True
737,88,2024-07-09 00:48:54,NFC,True
738,131,2024-06-06 23:08:32,NFC,True
739,29,2026-03-22 13:05:31,QR,True
740,116,2024-11-23 19:29:12,tarjeta,False
741,119,2025-03-05 20:51:09,NFC,True
742,276,2026-03-17 11:57:16,tarjeta,True
743,96,2024-05-31 01:04:53,NFC,True
744,19,2025-10-15 18:48:04,NFC,True
745,372,2025-04-16 00:48:04,tarjeta,False
746,44,2024-09-02 00:57:36,NFC,True
747,141,2025-01-06 14:44:55,NFC,True
748,331,2024-12-09 13:11:50,NFC,True
749,29,2025-06-29 15:39:42,tarjeta,True
750,130,2026-03-27 05:16:48,tarjeta,False
751,35,2024-08-13 09:33:39,QR,True
752,73,2025-10-17 20:04:49,tarjeta,True
753,133,2024-06-05 12:58:59,tarjeta,False
754,22,2025-06-24 11:36:10,NFC,True
755,208,2025-08-31 18:34:37,QR,False
756,265,2026-03-29 07:46:47,NFC,True
757,137,2024-11-26 10:18:58,QR,True
758,87,2025-03-05 07:52:06,tarjeta,False
759,17,2024-10-09 01:01:10,NFC,True
760,397,2026-04-14 15:10:42,NFC,True
761,29,2025-01-03 05:55:16,tarjeta,True
762,388,2025-08-14 16:06:18,NFC,True
763,11,2025-12-19 15:59:35,QR,True
764,28,2026-04-07 09:09:07,NFC,True
765,82,2026-02-01 17:08:07,NFC,True
766,42,2025-05-23 22:28:41,NFC,True
767,215,2024-10-14 02:02:11,QR,True
768,70,2024-08-24 18:45:14,QR,True
769,125,2024-08-07 07:56:48,tarjeta,True
770,81,2024-09-09 00:40:57,QR,False
771,279,2025-05-25 22:53:48,QR,True
772,19,2025-03-06 22:33:40,QR,True
773,116,2025-10-11 18:40:34,NFC,True
774,462,2026-04-26 13:21:35,tarjeta,True
775,72,2025-10-31 08:52:40,NFC,True
776,107,2024-11-06 11:36:55,NFC,True
777,132,2025-11-09 20:42:12,NFC,True
778,85,2025-08-06 06:40:17,QR,False
779,93,2024-05-07 10:48:39,NFC,True
780,33,2024-07-14 23:56:40,tarjeta,True
781,21,2024-08-06 17:14:37,NFC,True
782,30,2024-09-14 10:18:13,NFC,True
783,405,2024-12-08 22:32:00,NFC,True
784,144,2025-11-02 11:37:51,QR,False
785,47,2026-03-16 07:05:30,NFC,True
786,99,2024-07-30 05:24:47,tarjeta,True
787,5,2025-03-22 10:55:58,QR,True
788,6,2025-09-08 04:57:26,QR,False
789,18,2024-06-15 04:14:03,NFC,True
790,53,2025-07-30 12:09:21,QR,True
791,63,2024-08-07 01:35:57,QR,True
792,302,2025-11-06 02:52:52,tarjeta,True
793,3,2024-12-21 01:40:22,NFC,True
794,13,2025-07-15 20:59:04,QR,True
795,4,2025-04-29 19:50:32,tarjeta,True
796,66,2024-10-15 06:05:27,tarjeta,True
797,47,2025-07-11 09:19:11,NFC,True
798,135,2026-04-14 04:52:43,tarjeta,True
799,88,2025-08-06 17:17:04,NFC,True
800,146,2026-01-25 07:25:26,tarjeta,True
801,100,2025-02-24 10:05:08,QR,False
802,69,2025-12-06 09:08:17,NFC,True
803,401,2025-10-21 04:51:20,tarjeta,True
804,469,2024-06-24 15:13:41,QR,True
805,11,2025-06-15 19:38:29,tarjeta,True
806,48,2025-05-29 17:49:39,tarjeta,True
807,159,2025-12-24 16:23:29,NFC,True
808,72,2026-03-30 16:09:27,QR,True
809,447,2025-06-29 23:25:10,tarjeta,True
810,26,2024-05-09 09:43:12,NFC,True
811,52,2025-08-28 06:07:47,QR,True
812,60,2024-09-20 20:56:24,QR,False
813,120,2024-06-27 21:39:58,NFC,True
814,21,2024-10-29 19:03:02,QR,True
815,36,2024-05-16 19:18:16,NFC,True
816,385,2025-09-20 02:25:18,QR,True
817,29,2024-10-02 23:26:37,NFC,True
818,148,2026-02-23 12:06:08,tarjeta,True
819,130,2025-12-27 04:44:31,QR,False
820,137,2024-05-20 17:11:36,QR,True
821,94,2025-07-30 19:35:22,NFC,True
822,7,2024-08-08 11:00:24,tarjeta,True
823,123,2025-10-02 14:01:22,QR,False
824,47,2024-12-24 04:11:58,QR,True
825,10,2024-10-07 08:32:33,QR,True
826,370,2026-01-08 23:35:55,tarjeta,True
827,41,2025-04-10 04:32:43,QR,True
828,101,2024-09-20 04:18:56,tarjeta,True
829,126,2025-01-29 11:32:11,tarjeta,False
830,35,2024-08-31 21:33:24,tarjeta,True
831,33,2025-01-18 23:25:16,QR,True
832,80,2024-10-16 16:58:59,tarjeta,True
833,95,2024-05-09 18:26:05,tarjeta,True
834,151,2024-12-07 03:00:26,QR,True
835,50,2025-07-07 23:38:41,tarjeta,True
836,52,2025-01-20 20:27:29,QR,True
837,24,2025-09-25 17:53:26,NFC,True
838,21,2025-01-02 11:27:40,NFC,True
839,450,2025-03-14 11:55:38,QR,True
840,387,2025-01-04 05:15:30,tarjeta,True
841,34,2025-09-14 21:07:21,NFC,True
842,369,2024-07-01 03:58:49,tarjeta,True
843,23,2025-04-23 04:58:06,NFC,True
844,2,2024-11-24 10:21:03,QR,True
845,419,2025-08-23 09:44:38,tarjeta,True
846,93,2025-06-13 01:28:27,QR,False
847,207,2024-09-19 22:36:54,tarjeta,False
848,37,2026-03-23 09:55:52,NFC,True
849,99,2025-05-21 22:03:17,QR,True
850,11,2024-06-14 19:50:54,NFC,True
851,132,2024-11-20 23:07:09,tarjeta,False
852,120,2025-01-23 00:40:36,QR,True
853,249,2024-10-31 04:05:27,NFC,True
854,148,2025-05-18 23:01:39,QR,False
855,83,2024-11-25 21:30:27,QR,False
856,87,2025-01-17 13:42:42,tarjeta,True
857,34,2024-08-17 19:46:15,tarjeta,False
858,43,2026-02-07 08:56:08,QR,False
859,28,2024-07-01 09:46:44,tarjeta,True
860,356,2025-11-02 13:01:42,NFC,True
861,132,2025-01-27 19:39:54,QR,True
862,37,2024-10-08 02:34:28,NFC,True
863,459,2025-06-04 12:46:40,QR,True
864,101,2025-05-25 19:28:12,tarjeta,True
865,123,2024-12-27 23:38:05,tarjeta,False
866,87,2024-11-11 05:52:08,tarjeta,False
867,94,2024-06-08 08:22:30,NFC,True
868,125,2025-12-14 13:56:32,tarjeta,True
869,54,2024-06-15 23:02:58,QR,False
870,53,2025-07-26 19:17:08,QR,True
871,5,2025-03-15 15:36:58,NFC,True
872,31,2024-10-18 19:46:42,tarjeta,False
873,256,2025-05-24 08:20:40,tarjeta,True
874,138,2025-05-13 03:52:23,NFC,True
875,105,2024-07-14 11:12:45,NFC,True
876,16,2024-07-22 22:59:32,tarjeta,False
877,53,2024-09-15 15:40:22,QR,False
878,58,2024-06-20 10:54:33,QR,False
879,71,2025-11-21 08:24:53,QR,True
880,86,2025-02-25 03:57:26,QR,True
881,77,2026-01-10 21:08:02,NFC,True
882,102,2025-07-01 07:07:10,NFC,True
883,9,2025-05-05 02:53:50,NFC,True
884,45,2026-03-13 11:24:58,tarjeta,False
885,53,2025-11-28 20:51:44,tarjeta,True
886,60,2025-08-03 11:06:04,QR,True
887,87,2024-10-20 11:28:55,NFC,True
888,29,2024-05-30 06:56:20,tarjeta,True
889,82,2024-06-29 23:25:30,QR,False
890,402,2024-10-03 14:29:49,tarjeta,True
891,189,2024-08-02 20:57:40,tarjeta,False
892,16,2025-02-24 18:05:24,QR,True
893,5,2025-06-07 11:46:37,NFC,True
894,75,2024-05-09 22:32:10,NFC,True
895,118,2025-09-05 05:27:20,tarjeta,True
896,115,2024-09-28 10:04:43,NFC,True
897,126,2024-12-24 01:53:29,NFC,True
898,106,2025-09-17 08:34:02,NFC,True
899,496,2026-01-11 11:15:48,tarjeta,True
900,175,2025-12-09 04:11:05,QR,True
901,144,2025-12-19 21:38:29,QR,True
902,77,2024-10-01 04:13:08,tarjeta,True
903,417,2024-09-17 06:25:47,tarjeta,False
904,76,2025-07-25 11:16:27,NFC,True
905,11,2025-05-18 20:47:31,tarjeta,False
906,438,2025-06-10 18:31:59,tarjeta,True
907,14,2024-11-01 12:12:01,tarjeta,True
908,120,2024-12-03 13:14:40,tarjeta,True
909,130,2026-03-11 18:26:07,tarjeta,False
910,55,2024-07-26 16:36:21,tarjeta,True
911,137,2026-03-05 01:40:25,tarjeta,False
912,149,2024-08-03 21:47:52,QR,False
913,453,2025-03-21 09:12:43,tarjeta,False
914,118,2024-05-06 01:27:10,tarjeta,True
915,65,2026-02-03 19:31:29,QR,True
916,56,2025-04-08 23:53:38,NFC,True
917,74,2025-03-08 00:01:30,tarjeta,False
918,96,2024-05-08 11:59:45,NFC,True
919,100,2024-10-06 18:28:16,NFC,True
920,410,2024-11-15 22:10:53,NFC,True
921,146,2025-06-23 17:38:06,QR,True
922,74,2025-01-10 11:54:11,tarjeta,False
923,86,2026-03-11 20:36:10,QR,True
924,42,2025-08-19 18:08:49,NFC,True
925,29,2025-04-27 09:30:37,tarjeta,False
926,315,2024-12-26 12:35:36,QR,True
927,134,2025-05-26 04:21:41,NFC,True
928,145,2024-05-25 23:04:41,QR,False
929,33,2025-04-30 18:34:45,QR,False
930,103,2024-08-14 11:05:36,QR,True
931,47,2024-12-31 15:42:25,tarjeta,True
932,21,2026-03-12 21:11:36,QR,True
933,137,2025-04-30 02:04:16,QR,False
934,113,2025-03-03 17:12:20,tarjeta,True
935,496,2025-07-25 22:41:37,NFC,True
936,144,2025-03-24 22:06:33,NFC,True
937,130,2024-09-28 01:33:30,QR,True
938,462,2025-04-16 19:05:41,QR,True
939,41,2024-11-21 03:46:15,NFC,True
940,46,2024-07-24 23:07:39,tarjeta,False
941,63,2024-10-03 16:18:04,NFC,True
942,44,2024-07-10 17:57:05,tarjeta,False
943,81,2024-12-21 05:13:47,QR,True
944,143,2025-01-21 14:39:18,tarjeta,False
945,86,2025-07-29 10:52:01,tarjeta,True
946,55,2024-08-27 11:43:50,NFC,True
947,142,2024-09-13 00:14:05,QR,False
948,148,2025-06-06 16:30:27,tarjeta,True
949,58,2025-04-24 21:13:36,tarjeta,False
950,324,2026-01-02 14:03:19,NFC,True
951,444,2024-07-14 22:00:49,NFC,True
952,33,2024-09-06 11:14:42,tarjeta,True
953,81,2024-12-16 12:42:34,tarjeta,True
954,2,2025-09-04 03:44:25,QR,True
955,44,2025-07-09 19:08:01,tarjeta,False
956,117,2025-07-30 01:46:07,QR,True
957,17,2024-05-05 19:28:38,tarjeta,False
958,68,2024-07-19 14:45:16,tarjeta,False
959,336,2025-06-10 17:34:46,QR,False
960,36,2024-07-29 11:15:52,tarjeta,True
961,85,2026-02-28 17:27:43,NFC,True
962,131,2026-04-29 09:40:03,QR,True
963,142,2025-12-07 21:02:03,QR,False
964,113,2024-11-29 20:26:30,QR,True
965,29,2025-02-01 13:43:37,tarjeta,False
966,36,2024-11-29 11:44:25,QR,True
967,51,2024-08-02 17:35:36,NFC,True
968,28,2024-06-05 22:52:03,NFC,True
969,213,2024-06-27 19:58:06,tarjeta,True
970,135,2024-09-01 21:40:24,tarjeta,True
971,281,2025-05-22 16:21:25,tarjeta,True
972,84,2024-08-02 01:19:15,NFC,True
973,125,2025-02-07 20:50:28,tarjeta,True
974,97,2026-02-27 18:09:08,NFC,True
975,10,2025-08-04 09:01:29,tarjeta,True
976,121,2024-11-29 21:52:47,tarjeta,False
977,83,2024-12-17 19:20:21,tarjeta,False
978,89,2025-09-07 21:26:11,NFC,True
979,20,2025-05-19 03:44:29,QR,True
980,114,2026-03-25 06:08:25,NFC,True
981,98,2025-04-24 11:27:02,QR,True
982,107,2025-02-24 19:07:15,QR,True
983,9,2024-05-10 12:34:15,tarjeta,True
984,96,2024-11-16 04:07:37,NFC,True
985,97,2026-01-14 18:54:17,tarjeta,False
986,6,2024-08-28 07:31:32,QR,False
987,36,2025-08-07 11:38:09,NFC,True
988,3,2025-02-24 05:30:43,QR,False
989,20,2026-02-23 16:21:12,NFC,True
990,114,2026-01-10 12:04:40,QR,True
991,465,2026-01-31 14:46:58,tarjeta,False
992,40,2025-12-06 15:49:42,QR,True
993,439,2024-10-13 18:54:04,QR,False
994,74,2024-06-09 02:06:18,QR,False
995,132,2024-11-18 18:01:00,NFC,True
996,20,2025-07-22 02:53:21,tarjeta,False
997,106,2025-04-24 13:00:49,tarjeta,True
998,182,2026-04-30 12:31:47,NFC,True
999,110,2025-05-08 13:05:44,tarjeta,False
1000,17,2024-06-16 08:55:15,QR,False
1001,110,2025-07-22 20:29:23,QR,True
1002,45,2025-07-09 14:08:16,NFC,True
1003,146,2026-02-17 20:36:48,QR,True
1004,32,2024-08-19 20:43:18,NFC,True
1005,181,2025-06-26 11:35:48,tarjeta,True
1006,122,2025-12-17 10:43:34,QR,True
1007,140,2025-11-29 00:33:15,tarjeta,False
1008,150,2024-11-13 01:01:39,tarjeta,False
1009,132,2026-04-25 18:42:35,NFC,True
1010,81,2025-06-07 21:41:14,QR,True
1011,297,2025-01-18 14:46:34,QR,False
1012,50,2025-04-02 01:23:40,QR,True
1013,172,2026-03-31 05:29:07,tarjeta,True
1014,441,2025-01-18 01:31:59,tarjeta,False
1015,38,2024-12-12 20:16:55,NFC,True
1016,148,2024-06-10 12:59:55,NFC,True
1017,130,2025-08-17 14:37:08,tarjeta,True
1018,55,2025-01-08 09:28:29,tarjeta,True
1019,379,2024-12-08 15:32:18,QR,True
1020,78,2024-12-16 06:44:31,NFC,True
1021,114,2024-07-18 07:05:23,NFC,True
1022,55,2026-04-25 12:05:03,NFC,True
1023,53,2024-11-18 03:00:00,QR,True
1024,144,2024-11-18 22:12:47,tarjeta,False
1025,102,2025-10-20 13:16:16,NFC,True
1026,65,2025-03-10 04:14:08,tarjeta,True
1027,222,2025-10-31 14:04:12,tarjeta,True
1028,88,2024-05-04 21:35:01,QR,False
1029,89,2024-06-10 17:36:09,NFC,True
1030,74,2025-04-25 03:24:16,tarjeta,True
1031,323,2025-02-14 02:16:55,QR,False
1032,110,2025-07-10 08:52:12,tarjeta,True
1033,65,2026-03-01 21:59:53,QR,True
1034,74,2026-04-20 20:42:47,NFC,True
1035,100,2024-05-09 05:46:57,QR,True
1036,14,2025-08-11 02:44:37,QR,True
1037,78,2024-08-25 07:07:54,tarjeta,True
1038,94,2025-05-18 08:35:57,tarjeta,True
1039,111,2025-07-02 06:06:42,QR,True
1040,475,2025-10-24 10:32:37,NFC,True
1041,129,2025-08-18 06:12:36,tarjeta,True
1042,34,2024-09-14 19:20:37,NFC,True
1043,45,2025-10-29 05:59:54,NFC,True
1044,80,2024-11-22 21:02:39,tarjeta,False
1045,27,2025-02-25 02:11:55,NFC,True
1046,229,2025-05-15 14:52:24,tarjeta,True
1047,414,2025-01-01 04:33:43,QR,False
1048,409,2025-04-23 11:27:07,NFC,True
1049,178,2024-09-15 02:13:11,QR,True
1050,405,2026-03-25 23:47:21,NFC,True
1051,458,2025-04-15 19:29:58,tarjeta,False
1052,37,2025-05-23 22:07:42,NFC,True
1053,99,2024-10-05 06:07:24,QR,False
1054,146,2024-11-23 00:09:04,QR,True
1055,367,2025-02-19 13:50:53,NFC,True
1056,32,2024-09-05 11:27:53,tarjeta,True
1057,122,2025-11-07 04:27:07,NFC,True
1058,27,2026-04-12 18:28:46,QR,False
1059,144,2026-03-16 04:30:42,tarjeta,True
1060,137,2025-06-05 06:40:09,QR,False
1061,130,2026-01-09 20:23:45,NFC,True
1062,15,2024-05-24 02:35:52,tarjeta,True
1063,4,2026-03-30 17:48:17,QR,False
1064,75,2025-07-06 14:24:14,NFC,True
1065,440,2025-08-19 21:44:01,NFC,True
1066,77,2026-02-24 07:14:02,QR,False
1067,34,2024-05-24 01:48:41,NFC,True
1068,341,2025-07-31 00:24:15,tarjeta,True
1069,61,2025-09-04 17:39:35,NFC,True
1070,15,2025-08-22 06:33:57,NFC,True
1071,18,2025-09-04 06:59:54,QR,False
1072,329,2025-01-10 04:30:42,QR,True
1073,24,2025-01-20 13:16:48,tarjeta,True
1074,112,2024-08-15 23:25:32,tarjeta,True
1075,28,2024-07-01 19:45:15,NFC,True
1076,49,2025-02-19 14:20:14,QR,False
1077,111,2025-12-27 22:12:13,NFC,True
1078,226,2025-06-05 08:26:32,tarjeta,True
1079,101,2025-07-31 01:16:13,NFC,True
1080,127,2026-03-24 02:40:46,tarjeta,True
1081,104,2025-11-08 23:10:53,tarjeta,True
1082,9,2024-10-30 08:42:59,tarjeta,True
1083,34,2026-04-12 07:04:37,tarjeta,False
1084,215,2025-12-04 14:34:37,QR,True
1085,463,2026-01-04 21:03:07,QR,True
1086,33,2024-06-20 03:37:00,tarjeta,True
1087,168,2025-10-02 13:04:04,QR,True
1088,54,2024-06-19 20:56:32,tarjeta,True
1089,86,2025-10-02 15:35:25,NFC,True
1090,101,2026-03-20 02:23:13,QR,False
1091,82,2026-01-19 17:02:55,tarjeta,False
1092,256,2025-06-19 23:23:41,NFC,True
1093,7,2025-04-24 12:48:45,QR,True
1094,450,2024-12-30 04:16:31,tarjeta,True
1095,45,2026-01-04 21:54:24,tarjeta,False
1096,149,2026-01-24 18:04:15,NFC,True
1097,29,2025-01-19 19:44:10,QR,False
1098,47,2025-10-17 22:01:28,QR,False
1099,111,2024-11-28 21:40:32,NFC,True
1100,131,2026-02-14 06:46:01,NFC,True
1101,101,2025-06-04 09:52:32,tarjeta,True
1102,113,2024-07-30 22:58:27,tarjeta,True
1103,2,2024-09-30 23:29:14,NFC,True
1104,136,2025-04-17 00:02:30,QR,False
1105,160,2025-12-19 16:23:35,QR,True
1106,76,2025-04-01 04:29:17,NFC,True
1107,115,2025-09-29 15:37:31,QR,True
1108,27,2026-02-08 05:02:10,NFC,True
1109,486,2025-01-15 18:08:52,tarjeta,True
1110,51,2024-07-27 22:27:54,tarjeta,False
1111,123,2025-06-19 21:38:10,tarjeta,False
1112,138,2025-12-01 16:30:14,NFC,True
1113,29,2024-06-14 17:55:40,QR,False
1114,142,2025-05-11 10:21:04,QR,True
1115,50,2026-03-05 14:57:02,QR,True
1116,417,2025-04-21 02:49:22,NFC,True
1117,239,2026-01-23 23:36:19,tarjeta,True
1118,150,2025-01-29 16:51:54,NFC,True
1119,75,2025-09-06 12:48:39,tarjeta,True
1120,246,2024-05-04 09:30:33,NFC,True
1121,22,2024-05-16 10:55:43,QR,True
1122,39,2025-10-16 20:07:42,QR,False
1123,79,2025-07-16 09:21:36,tarjeta,True
1124,50,2025-05-12 06:23:43,QR,True
1125,37,2024-06-01 17:18:27,QR,False
1126,130,2025-02-10 21:52:32,NFC,True
1127,103,2025-07-16 13:52:59,QR,True
1128,49,2026-02-14 22:31:25,QR,False
1129,82,2025-08-14 00:16:43,NFC,True
1130,85,2026-04-20 21:21:11,tarjeta,True
1131,40,2024-12-19 21:24:32,NFC,True
1132,101,2025-06-03 07:56:09,NFC,True
1133,55,2025-08-19 02:57:29,tarjeta,True
1134,124,2025-08-23 10:26:59,NFC,True
1135,22,2025-08-24 05:29:46,tarjeta,True
1136,36,2024-05-09 19:59:31,NFC,True
1137,141,2025-04-12 02:48:55,tarjeta,True
1138,473,2024-12-02 20:31:34,QR,False
1139,42,2025-08-21 09:52:23,tarjeta,True
1140,12,2025-06-09 10:20:51,tarjeta,True
1141,104,2026-01-17 03:35:20,NFC,True
1142,109,2025-08-16 22:44:05,NFC,True
1143,66,2025-03-29 04:23:33,NFC,True
1144,51,2025-04-13 09:14:31,QR,True
1145,87,2024-07-29 10:29:31,QR,True
1146,78,2025-08-25 05:50:22,QR,False
1147,75,2025-07-26 07:41:06,QR,False
1148,117,2026-01-20 03:34:33,NFC,True
1149,12,2025-02-22 23:40:06,tarjeta,True
1150,57,2024-10-09 12:27:03,tarjeta,True
1151,41,2025-08-12 13:31:15,NFC,True
1152,63,2025-08-20 10:10:48,tarjeta,True
1153,112,2024-12-25 18:51:58,NFC,True
1154,118,2025-02-23 23:17:14,QR,False
1155,490,2025-08-11 16:17:08,QR,True
1156,204,2024-11-24 09:50:39,tarjeta,True
1157,112,2024-10-17 15:12:51,tarjeta,True
1158,51,2025-02-25 01:14:36,NFC,True
1159,44,2025-11-03 14:02:20,QR,False
1160,274,2025-02-22 12:03:56,tarjeta,True
1161,480,2026-03-26 08:02:15,QR,False
1162,121,2025-09-26 04:08:01,NFC,True
1163,66,2025-12-01 19:30:19,QR,False
1164,17,2024-07-12 10:27:12,QR,True
1165,107,2025-10-29 19:27:11,QR,True
1166,137,2024-07-05 16:49:40,NFC,True
1167,297,2024-11-07 09:01:27,tarjeta,False
1168,34,2025-05-24 14:16:37,tarjeta,False
1169,47,2025-04-15 21:58:41,NFC,True
1170,75,2025-12-18 14:50:07,tarjeta,False
1171,119,2024-06-01 10:34:01,NFC,True
1172,83,2024-05-02 22:27:20,NFC,True
1173,40,2026-04-30 10:02:58,tarjeta,False
1174,120,2024-12-04 13:42:38,tarjeta,True
1175,30,2025-07-01 03:08:43,QR,False
1176,336,2026-03-04 09:33:02,QR,False
1177,27,2025-08-14 23:16:43,NFC,True
1178,443,2024-08-14 16:33:35,QR,False
1179,51,2025-05-09 22:48:16,QR,False
1180,122,2025-06-12 07:24:56,QR,False
1181,111,2026-01-24 01:16:18,QR,True
1182,140,2025-11-22 22:22:09,NFC,True
1183,84,2026-01-21 13:11:18,QR,True
1184,93,2024-08-15 05:59:36,tarjeta,True
1185,84,2025-10-29 20:47:57,tarjeta,False
1186,119,2025-10-24 19:18:24,tarjeta,True
1187,24,2026-03-17 12:56:01,NFC,True
1188,18,2024-10-17 14:27:25,QR,False
1189,14,2025-09-07 10:01:50,tarjeta,True
1190,141,2024-10-26 20:28:44,NFC,True
1191,104,2025-07-22 23:54:27,QR,True
1192,61,2024-12-10 16:08:10,tarjeta,True
1193,33,2024-05-21 00:55:47,tarjeta,False
1194,387,2026-04-25 00:03:11,QR,True
1195,147,2025-05-23 22:38:38,NFC,True
1196,97,2025-12-21 12:52:05,QR,True
1197,45,2026-02-17 03:24:59,QR,True
1198,96,2025-09-06 14:03:46,QR,False
1199,133,2024-10-19 10:06:23,tarjeta,True
1200,101,2024-06-14 11:52:06,NFC,True
1201,71,2025-10-02 00:48:05,NFC,True
1202,258,2025-10-17 00:46:49,tarjeta,False
1203,437,2025-01-22 10:04:59,QR,True
1204,17,2025-08-18 21:29:51,NFC,True
1205,111,2026-01-19 07:16:42,NFC,True
1206,37,2025-11-01 08:36:16,NFC,True
1207,53,2025-05-09 13:05:37,tarjeta,False
1208,113,2025-05-14 23:05:58,tarjeta,False
1209,184,2024-12-29 10:22:55,QR,False
1210,35,2024-11-27 18:59:46,QR,True
1211,105,2025-01-27 06:46:44,QR,False
1212,178,2024-06-02 12:11:26,NFC,True
1213,300,2025-01-06 00:51:11,NFC,True
1214,361,2024-08-22 19:58:21,QR,True
1215,47,2024-07-18 21:15:57,tarjeta,True
1216,121,2025-02-28 07:41:10,QR,True
1217,137,2025-12-23 15:59:31,QR,True
1218,144,2025-09-26 12:00:54,QR,True
1219,134,2025-11-14 18:27:48,NFC,True
1220,376,2024-10-19 21:03:06,QR,True
1221,9,2026-01-22 18:52:45,tarjeta,True
1222,59,2025-05-19 23:05:14,NFC,True
1223,8,2024-05-08 14:44:20,NFC,True
1224,88,2025-06-08 04:42:21,QR,True
1225,137,2025-09-05 09:23:51,NFC,True
1226,59,2025-04-26 16:42:07,NFC,True
1227,57,2024-10-29 16:36:49,NFC,True
1228,110,2025-12-01 18:27:23,QR,False
1229,25,2024-07-13 23:59:47,NFC,True
1230,93,2026-01-31 04:28:34,tarjeta,True
1231,181,2025-11-10 22:44:41,tarjeta,True
1232,467,2025-09-21 14:47:06,QR,False
1233,136,2024-11-21 22:59:55,tarjeta,False
1234,57,2024-11-06 21:38:09,QR,False
1235,92,2025-09-13 21:36:34,NFC,True
1236,105,2024-07-09 12:49:45,NFC,True
1237,93,2024-11-10 07:35:47,tarjeta,True
1238,89,2024-11-15 13:36:16,tarjeta,True
1239,21,2026-02-08 02:58:03,NFC,True
1240,55,2025-06-23 12:18:40,NFC,True
1241,87,2025-06-27 07:14:29,tarjeta,False
1242,127,2024-05-17 23:06:23,tarjeta,True
1243,102,2025-08-12 11:30:36,QR,True
1244,45,2024-09-30 17:47:31,NFC,True
1245,102,2025-11-28 07:54:57,NFC,True
1246,250,2025-10-15 11:06:30,NFC,True
1247,43,2024-07-11 23:07:34,NFC,True
1248,48,2025-09-05 01:28:40,tarjeta,False
1249,110,2024-09-22 10:45:18,tarjeta,True
1250,180,2025-02-13 07:52:33,NFC,True
1251,110,2024-08-12 21:02:18,QR,True
1252,93,2024-10-06 08:23:59,tarjeta,False
1253,33,2026-02-10 12:01:13,NFC,True
1254,54,2024-06-05 00:59:13,QR,True
1255,124,2024-06-28 03:09:50,NFC,True
1256,91,2024-10-17 08:39:06,NFC,True
1257,119,2025-04-08 12:19:40,tarjeta,True
1258,57,2024-08-27 01:57:23,tarjeta,False
1259,125,2024-12-14 02:41:05,QR,False
1260,63,2026-03-23 10:15:13,tarjeta,True
1261,105,2025-11-22 07:32:09,NFC,True
1262,45,2025-01-30 08:10:21,NFC,True
1263,60,2026-03-08 12:15:54,QR,True
1264,500,2026-03-25 03:37:33,tarjeta,True
1265,43,2024-08-03 05:33:14,NFC,True
1266,38,2025-07-17 06:31:48,QR,True
1267,96,2026-04-04 01:06:07,tarjeta,True
1268,241,2025-09-20 23:11:44,QR,True
1269,122,2024-10-28 02:01:28,NFC,True
1270,300,2026-01-23 07:57:35,tarjeta,True
1271,37,2025-08-09 16:19:51,NFC,True
1272,139,2026-01-28 08:33:23,NFC,True
1273,75,2024-12-05 11:50:15,QR,False
1274,67,2025-10-24 09:31:04,tarjeta,False
1275,76,2025-10-18 12:29:25,tarjeta,False
1276,18,2026-02-14 22:55:45,QR,True
1277,360,2025-07-29 17:46:11,tarjeta,False
1278,133,2025-07-30 07:08:30,NFC,True
1279,89,2025-06-01 11:11:22,QR,False
1280,407,2024-12-26 18:09:32,tarjeta,True
1281,83,2025-07-23 00:28:19,NFC,True
1282,427,2025-12-29 13:49:10,tarjeta,False
1283,402,2026-04-16 20:22:58,QR,True
1284,147,2025-09-01 23:48:29,tarjeta,True
1285,280,2025-07-22 05:34:00,QR,True
1286,17,2024-11-05 23:41:52,tarjeta,True
1287,39,2025-04-03 17:20:38,NFC,True
1288,2,2026-02-22 08:01:10,NFC,True
1289,146,2025-05-08 05:27:38,tarjeta,False
1290,356,2025-07-21 06:03:38,NFC,True
1291,15,2024-08-04 01:45:09,NFC,True
1292,79,2025-07-11 12:50:13,QR,False
1293,96,2026-01-26 07:12:42,tarjeta,True
1294,99,2025-04-27 08:43:24,NFC,True
1295,79,2026-01-28 03:29:31,QR,True
1296,396,2024-06-24 18:32:14,NFC,True
1297,117,2024-06-06 12:02:44,NFC,True
1298,23,2026-03-16 22:00:56,NFC,True
1299,33,2026-04-07 14:42:38,tarjeta,True
1300,81,2025-11-10 13:14:15,QR,True
1301,40,2025-04-01 16:12:34,NFC,True
1302,17,2026-03-24 21:43:15,tarjeta,True
1303,143,2024-08-11 09:31:00,NFC,True
1304,73,2025-05-26 09:04:47,QR,True
1305,22,2026-02-13 04:37:01,NFC,True
1306,65,2026-01-12 07:24:10,NFC,True
1307,85,2025-10-10 20:56:26,tarjeta,True
1308,100,2025-01-27 11:06:11,QR,False
1309,37,2026-04-11 15:13:48,NFC,True
1310,144,2024-09-01 04:18:18,tarjeta,True
1311,40,2025-07-14 22:54:41,QR,True
1312,125,2025-07-22 15:18:26,tarjeta,True
1313,383,2025-11-15 01:38:10,NFC,True
1314,358,2024-07-23 20:19:25,NFC,True
1315,39,2024-09-04 16:04:36,QR,True
1316,28,2025-09-29 11:54:57,NFC,True
1317,341,2025-06-05 07:40:39,NFC,True
1318,49,2025-04-24 19:19:29,NFC,True
1319,380,2024-05-19 17:23:14,tarjeta,False
1320,98,2024-12-06 14:06:29,NFC,True
1321,482,2025-12-13 15:27:18,NFC,True
1322,58,2025-12-08 14:40:41,tarjeta,True
1323,43,2026-02-16 07:11:36,tarjeta,False
1324,216,2025-05-18 02:25:09,NFC,True
1325,3,2025-07-18 16:00:11,QR,False
1326,150,2025-04-13 13:26:58,NFC,True
1327,221,2024-07-18 01:42:29,QR,False
1328,142,2025-09-24 21:40:13,tarjeta,True
1329,141,2025-09-03 07:35:39,tarjeta,False
1330,113,2024-05-16 21:31:12,QR,True
1331,395,2025-03-14 13:14:33,tarjeta,False
1332,115,2026-03-08 13:32:35,NFC,True
1333,25,2025-03-16 15:52:35,NFC,True
1334,85,2025-04-28 15:12:40,QR,True
1335,41,2025-06-09 15:07:29,QR,True
1336,60,2025-03-13 20:59:42,QR,True
1337,66,2025-07-19 14:17:36,QR,False
1338,78,2024-11-21 03:49:53,tarjeta,False
1339,438,2024-09-24 02:49:31,QR,False
1340,455,2024-12-16 00:35:26,tarjeta,True
1341,443,2026-01-15 01:59:58,QR,True
1342,2,2025-01-15 12:25:50,tarjeta,False
1343,83,2024-08-25 17:26:18,QR,True
1344,276,2024-06-11 06:19:30,NFC,True
1345,149,2026-04-08 23:13:53,QR,True
1346,38,2025-07-24 17:26:20,NFC,True
1347,31,2025-09-01 07:02:35,tarjeta,False
1348,19,2025-04-09 14:51:16,QR,True
1349,141,2025-10-09 03:26:05,NFC,True
1350,126,2025-08-18 01:03:53,tarjeta,True
1351,101,2024-06-28 11:16:05,NFC,True
1352,87,2025-07-28 15:32:18,tarjeta,False
1353,94,2025-02-09 04:14:56,QR,True
1354,137,2024-12-22 03:33:58,tarjeta,True
1355,68,2025-04-24 14:21:36,NFC,True
1356,146,2024-07-18 23:34:00,tarjeta,True
1357,3,2024-10-07 17:36:01,QR,False
1358,137,2025-08-31 12:58:03,NFC,True
1359,42,2025-02-14 09:45:41,tarjeta,True
1360,491,2025-06-14 22:07:44,tarjeta,True
1361,118,2025-11-19 13:51:56,tarjeta,True
1362,230,2025-04-10 11:05:50,tarjeta,True
1363,249,2024-12-27 20:09:54,tarjeta,False
1364,116,2025-11-12 03:42:58,QR,True
1365,106,2024-08-05 04:15:02,tarjeta,True
1366,33,2026-02-13 17:02:34,QR,True
1367,147,2025-12-06 16:51:11,NFC,True
1368,52,2024-12-10 08:25:20,tarjeta,True
1369,15,2025-04-02 08:13:41,tarjeta,True
1370,441,2024-05-26 16:23:07,tarjeta,False
1371,47,2024-08-25 21:07:55,NFC,True
1372,135,2025-09-18 09:13:44,NFC,True
1373,30,2024-06-29 16:01:51,tarjeta,False
1374,57,2025-01-14 12:15:06,NFC,True
1375,18,2025-05-15 15:42:48,QR,False
1376,150,2025-02-12 14:54:34,NFC,True
1377,14,2025-06-17 05:34:32,NFC,True
1378,33,2026-04-28 02:41:34,tarjeta,True
1379,428,2025-04-30 05:28:06,tarjeta,True
1380,132,2024-05-23 01:13:24,QR,True
1381,16,2025-06-23 13:27:24,tarjeta,False
1382,484,2025-07-02 08:54:55,QR,False
1383,122,2024-12-01 20:19:43,tarjeta,False
1384,23,2025-01-17 12:07:11,NFC,True
1385,104,2025-02-19 21:43:27,NFC,True
1386,108,2025-04-28 11:57:33,tarjeta,True
1387,105,2025-04-23 00:47:49,NFC,True
1388,59,2026-04-13 05:12:08,QR,False
1389,93,2024-09-09 16:48:43,tarjeta,True
1390,350,2025-07-30 02:39:53,tarjeta,False
1391,187,2025-11-07 09:49:05,QR,True
1392,412,2025-07-14 22:32:21,tarjeta,True
1393,55,2025-07-19 09:58:29,NFC,True
1394,39,2025-11-02 00:03:28,tarjeta,False
1395,155,2025-11-18 04:23:58,NFC,True
1396,252,2024-08-05 01:31:15,tarjeta,False
1397,190,2024-11-07 14:55:05,tarjeta,False
1398,117,2025-01-30 03:40:48,tarjeta,True
1399,382,2026-02-12 05:53:53,QR,True
1400,30,2026-01-21 09:51:45,NFC,True
1401,6,2024-07-25 02:26:12,tarjeta,True
1402,126,2024-05-09 03:52:55,QR,True
1403,466,2025-07-10 14:37:28,NFC,True
1404,93,2024-07-07 08:12:12,NFC,True
1405,12,2025-02-28 10:52:10,QR,True
1406,20,2024-10-14 11:30:44,NFC,True
1407,89,2025-03-02 07:50:48,QR,False
1408,138,2025-06-18 16:51:34,NFC,True
1409,328,2024-09-11 20:22:01,NFC,True
1410,75,2024-12-22 15:19:59,QR,True
1411,29,2026-04-16 11:56:49,QR,True
1412,36,2025-07-30 06:12:13,QR,False
1413,95,2026-04-01 17:20:49,QR,True
1414,290,2025-11-12 02:15:08,tarjeta,True
1415,103,2025-10-21 22:53:49,tarjeta,True
1416,50,2024-12-09 13:35:44,QR,False
1417,92,2024-05-22 22:43:48,tarjeta,True
1418,401,2025-11-01 02:03:32,tarjeta,True
1419,17,2025-04-28 08:19:50,QR,False
1420,143,2025-12-16 01:25:13,QR,False
1421,101,2025-10-09 15:34:09,QR,False
1422,62,2025-12-13 22:55:06,QR,True
1423,308,2026-02-21 15:51:15,QR,True
1424,5,2026-04-13 13:30:18,tarjeta,True
1425,6,2024-07-18 02:57:50,NFC,True
1426,318,2025-09-29 02:25:58,QR,False
1427,13,2025-03-18 10:17:43,QR,True
1428,60,2025-03-08 12:10:19,NFC,True
1429,120,2024-09-09 00:28:35,QR,True
1430,62,2025-06-25 02:28:47,tarjeta,True
1431,301,2024-11-18 08:06:15,tarjeta,True
1432,146,2025-06-10 02:30:19,tarjeta,True
1433,148,2024-07-24 20:37:24,NFC,True
1434,68,2024-07-20 20:45:07,NFC,True
1435,23,2024-09-20 13:02:55,NFC,True
1436,81,2025-12-22 08:46:55,tarjeta,True
1437,91,2025-12-21 18:14:57,NFC,True
1438,91,2026-03-19 01:54:57,NFC,True
1439,458,2025-10-27 04:44:10,NFC,True
1440,1,2024-08-03 17:54:24,tarjeta,True
1441,51,2024-11-26 03:37:51,NFC,True
1442,123,2025-10-25 21:30:36,QR,True
1443,91,2026-03-16 00:53:07,NFC,True
1444,282,2025-12-26 11:02:15,QR,False
1445,124,2026-04-16 07:04:25,tarjeta,True
1446,21,2025-01-16 02:40:27,NFC,True
1447,130,2024-10-12 14:31:05,QR,True
1448,400,2024-12-13 22:54:06,QR,False
1449,78,2026-03-29 10:24:36,tarjeta,False
1450,107,2024-10-02 03:37:23,NFC,True
1451,29,2026-03-14 08:02:08,tarjeta,True
1452,86,2024-06-08 12:29:32,tarjeta,False
1453,45,2026-03-09 01:04:07,NFC,True
1454,1,2025-01-17 16:24:22,QR,True
1455,334,2024-12-21 00:09:21,QR,True
1456,18,2025-09-27 02:23:16,QR,False
1457,162,2025-06-13 21:57:17,NFC,True
1458,118,2025-08-25 03:24:00,QR,False
1459,94,2024-11-28 19:01:27,NFC,True
1460,47,2025-02-16 22:41:43,NFC,True
1461,114,2024-11-24 17:44:56,tarjeta,False
1462,19,2025-12-20 10:17:07,NFC,True
1463,53,2024-11-01 21:25:41,QR,False
1464,214,2025-02-15 20:29:43,QR,False
1465,132,2024-08-24 21:48:02,tarjeta,True
1466,141,2025-12-21 04:54:50,tarjeta,True
1467,105,2025-09-16 07:41:59,tarjeta,True
1468,123,2024-08-18 14:06:49,NFC,True
1469,449,2025-08-01 20:20:49,tarjeta,False
1470,47,2025-02-25 01:02:34,NFC,True
1471,72,2025-06-13 09:57:13,NFC,True
1472,123,2025-05-02 11:31:55,tarjeta,False
1473,100,2024-11-21 07:57:47,QR,False
1474,35,2026-04-03 09:07:54,NFC,True
1475,290,2025-01-05 04:58:37,tarjeta,True
1476,89,2025-11-30 00:58:05,QR,True
1477,59,2025-07-27 19:33:17,tarjeta,False
1478,298,2025-01-14 19:41:59,QR,False
1479,125,2026-02-02 23:13:33,tarjeta,False
1480,129,2024-09-04 18:17:30,tarjeta,True
1481,491,2026-04-06 03:22:51,QR,True
1482,49,2025-12-10 21:04:38,QR,True
1483,108,2024-12-25 09:56:01,tarjeta,True
1484,164,2026-02-10 15:13:35,QR,True
1485,131,2026-03-10 22:33:10,QR,True
1486,2,2026-03-05 14:19:48,QR,True
1487,106,2025-12-11 05:48:59,tarjeta,True
1488,135,2025-03-25 00:26:12,QR,False
1489,79,2024-09-14 14:10:07,NFC,True
1490,13,2025-05-23 00:42:52,tarjeta,True
1491,31,2024-07-11 17:26:15,NFC,True
1492,3,2024-11-23 14:12:25,tarjeta,True
1493,98,2025-06-11 01:14:11,tarjeta,True
1494,343,2025-06-22 15:03:57,QR,True
1495,129,2025-01-11 18:09:01,NFC,True
1496,11,2026-04-14 21:39:42,NFC,True
1497,99,2025-03-10 17:11:04,NFC,True
1498,79,2025-02-06 19:24:50,tarjeta,True
1499,64,2026-03-29 21:08:33,QR,True
1500,257,2024-07-30 07:49:49,NFC,True
1501,329,2024-11-21 02:47:11,NFC,True
1502,33,2025-12-09 09:06:36,QR,False
1503,407,2025-04-16 23:36:52,NFC,True
1504,482,2025-09-05 07:44:19,QR,True
1505,59,2026-04-12 15:06:57,QR,True
1506,121,2025-11-26 20:09:20,QR,False
1507,215,2024-09-27 04:54:08,QR,False
1508,9,2025-05-14 13:09:38,NFC,True
1509,84,2026-04-28 03:34:08,tarjeta,True
1510,242,2026-03-15 05:16:58,NFC,True
1511,138,2026-03-05 01:19:29,QR,True
1512,124,2024-10-10 06:56:44,QR,False
1513,109,2024-06-20 02:18:01,tarjeta,True
1514,56,2026-02-13 03:58:14,NFC,True
1515,477,2024-12-07 02:15:57,tarjeta,True
1516,126,2026-04-13 15:38:01,QR,False
1517,36,2025-01-03 19:35:47,NFC,True
1518,82,2026-04-22 15:19:04,NFC,True
1519,456,2025-05-20 22:16:00,NFC,True
1520,147,2024-04-30 08:33:09,QR,False
1521,5,2024-05-25 02:39:00,NFC,True
1522,305,2025-04-12 02:47:56,NFC,True
1523,47,2024-12-23 22:42:51,QR,True
1524,73,2025-02-25 02:05:53,QR,True
1525,118,2025-06-10 05:04:54,NFC,True
1526,114,2025-05-17 05:19:48,NFC,True
1527,124,2025-12-07 18:05:58,NFC,True
1528,495,2026-02-23 00:20:31,tarjeta,True
1529,48,2024-09-08 21:01:14,tarjeta,False
1530,45,2024-12-22 00:07:43,NFC,True
1531,90,2025-08-19 18:33:13,QR,False
1532,29,2025-06-12 19:19:29,QR,True
1533,475,2026-04-10 20:23:37,NFC,True
1534,22,2024-06-05 08:58:48,NFC,True
1535,73,2025-05-24 23:42:23,NFC,True
1536,74,2024-10-08 01:13:32,NFC,True
1537,456,2024-10-23 15:06:52,NFC,True
1538,433,2025-04-14 05:13:28,tarjeta,True
1539,493,2025-11-26 00:44:29,NFC,True
1540,149,2024-10-22 11:45:42,tarjeta,True
1541,49,2025-05-26 21:37:10,NFC,True
1542,9,2025-12-13 17:59:27,QR,True
1543,148,2026-02-18 18:22:27,QR,False
1544,9,2025-12-09 08:10:49,tarjeta,True
1545,88,2025-12-26 12:11:56,tarjeta,True
1546,113,2025-11-12 22:34:21,tarjeta,False
1547,25,2025-04-23 11:45:30,tarjeta,True
1548,120,2025-06-04 19:27:18,QR,False
1549,80,2026-02-09 08:13:15,QR,True
1550,136,2025-05-23 10:47:45,QR,False
1551,32,2025-08-02 20:38:56,tarjeta,True
1552,108,2025-04-06 12:52:40,NFC,True
1553,12,2024-08-31 14:16:38,tarjeta,True
1554,139,2025-04-12 06:55:39,QR,True
1555,1,2024-06-05 09:33:02,QR,True
1556,26,2026-01-09 00:45:49,NFC,True
1557,341,2024-05-07 09:55:36,NFC,True
1558,60,2025-08-27 14:03:23,QR,False
1559,72,2025-11-23 15:21:30,QR,True
1560,25,2024-09-01 23:58:35,tarjeta,True
1561,465,2025-12-31 07:58:32,tarjeta,True
1562,107,2026-02-19 23:13:09,QR,True
1563,93,2025-02-23 08:36:36,tarjeta,False
1564,79,2026-04-06 16:57:14,NFC,True
1565,30,2025-04-23 20:03:16,NFC,True
1566,111,2024-06-27 19:05:38,QR,False
1567,489,2025-10-28 20:50:45,QR,False
1568,412,2025-01-29 18:34:02,QR,True
1569,177,2025-02-17 05:56:33,QR,True
1570,135,2025-10-30 13:36:03,tarjeta,True
1571,82,2026-02-19 01:00:27,tarjeta,True
1572,7,2024-07-29 01:09:15,tarjeta,True
1573,111,2025-10-22 13:09:40,QR,True
1574,17,2024-12-28 22:49:41,NFC,True
1575,83,2024-11-29 10:24:26,QR,False
1576,235,2025-09-14 16:39:57,tarjeta,True
1577,462,2025-09-28 10:29:49,tarjeta,True
1578,117,2025-01-02 11:23:26,tarjeta,True
1579,54,2024-11-10 20:36:56,QR,False
1580,196,2026-02-11 21:10:35,NFC,True
1581,101,2024-05-13 21:34:54,NFC,True
1582,67,2026-02-05 20:02:13,NFC,True
1583,114,2024-07-07 04:25:35,NFC,True
1584,10,2025-04-24 07:12:16,NFC,True
1585,19,2025-05-08 05:57:48,NFC,True
1586,49,2025-08-22 02:22:07,QR,True
1587,58,2025-06-08 21:52:55,NFC,True
1588,41,2024-06-25 00:24:07,NFC,True
1589,245,2025-02-08 14:36:07,QR,False
1590,10,2024-12-14 12:04:08,QR,True
1591,17,2026-04-19 15:09:19,tarjeta,True
1592,108,2025-07-19 20:41:26,tarjeta,True
1593,115,2024-07-25 05:38:28,tarjeta,True
1594,94,2025-07-05 14:14:49,tarjeta,True
1595,280,2025-01-05 16:01:08,tarjeta,True
1596,124,2025-05-31 13:12:24,tarjeta,False
1597,150,2026-02-23 23:07:21,tarjeta,False
1598,106,2024-09-24 04:16:14,tarjeta,False
1599,17,2025-11-18 15:10:13,QR,True
1600,122,2025-03-25 18:12:53,QR,False
1601,92,2024-10-27 13:45:29,tarjeta,False
1602,106,2026-04-20 13:39:28,NFC,True
1603,466,2026-02-15 13:17:15,tarjeta,False
1604,13,2024-11-30 12:38:00,QR,False
1605,147,2024-09-28 18:18:52,QR,True
1606,13,2025-11-08 04:19:04,tarjeta,True
1607,333,2025-04-22 22:21:33,NFC,True
1608,256,2025-06-14 10:15:59,QR,True
1609,136,2025-01-27 16:09:07,tarjeta,False
1610,26,2025-02-22 18:23:48,tarjeta,True
1611,112,2025-04-21 06:33:32,NFC,True
1612,141,2025-04-10 06:29:42,QR,False
1613,83,2025-06-06 18:44:33,tarjeta,True
1614,7,2026-02-11 17:12:03,NFC,True
1615,39,2024-12-14 09:07:13,NFC,True
1616,48,2025-10-23 20:13:24,QR,False
1617,52,2025-07-19 09:07:16,QR,True
1618,143,2026-02-04 10:07:40,NFC,True
1619,414,2026-03-22 02:41:21,QR,False
1620,55,2024-05-09 07:36:55,tarjeta,True
1621,193,2025-07-26 02:45:22,NFC,True
1622,60,2026-03-28 10:52:32,tarjeta,False
1623,406,2024-09-30 06:46:10,QR,True
1624,82,2024-10-28 06:41:34,tarjeta,True
1625,70,2024-11-09 14:36:17,QR,True
1626,133,2024-05-19 13:10:33,QR,True
1627,77,2025-11-20 06:20:36,QR,False
1628,108,2025-05-19 11:14:10,NFC,True
1629,24,2025-11-28 09:02:40,tarjeta,True
1630,83,2024-05-13 16:22:59,tarjeta,True
1631,91,2026-01-16 16:39:30,QR,True
1632,70,2025-06-13 15:03:06,NFC,True
1633,87,2024-07-24 08:40:06,NFC,True
1634,12,2025-07-04 23:29:50,tarjeta,True
1635,119,2026-04-25 13:12:34,tarjeta,True
1636,34,2025-04-09 07:09:14,QR,False
1637,172,2026-04-06 06:02:53,QR,True
1638,57,2025-05-25 02:37:20,NFC,True
1639,44,2025-06-23 07:38:15,QR,False
1640,126,2024-09-11 09:21:28,tarjeta,True
1641,348,2025-09-15 09:16:53,QR,False
1642,169,2025-07-21 14:11:07,tarjeta,True
1643,359,2026-03-31 08:50:10,QR,True
1644,88,2025-11-07 04:19:38,tarjeta,True
1645,52,2025-10-20 09:48:31,tarjeta,True
1646,40,2024-06-23 17:08:44,NFC,True
1647,82,2025-11-28 05:30:39,NFC,True
1648,92,2025-06-04 02:57:44,NFC,True
1649,89,2024-08-22 18:23:52,QR,False
1650,64,2024-09-30 05:48:55,tarjeta,False
1651,197,2025-07-07 13:03:35,QR,True
1652,7,2026-01-07 06:39:27,NFC,True
1653,28,2025-08-07 07:32:37,tarjeta,False
1654,73,2024-07-17 01:34:47,NFC,True
1655,34,2024-12-01 09:46:51,QR,False
1656,62,2025-04-18 23:40:27,tarjeta,True
1657,37,2025-06-12 21:34:25,QR,False
1658,8,2025-12-04 22:50:29,QR,False
1659,32,2025-07-06 10:42:45,NFC,True
1660,43,2024-06-21 21:37:27,QR,True
1661,120,2025-12-01 23:14:25,tarjeta,True
1662,143,2024-05-01 18:14:49,NFC,True
1663,7,2025-07-03 18:40:31,tarjeta,True
1664,126,2024-06-18 05:12:30,QR,False
1665,73,2025-02-27 20:33:44,tarjeta,True
1666,49,2025-09-15 12:23:27,QR,False
1667,74,2025-03-31 21:58:40,QR,True
1668,81,2025-01-24 03:41:45,NFC,True
1669,310,2024-07-20 04:08:01,tarjeta,False
1670,13,2025-08-13 00:04:20,tarjeta,True
1671,140,2024-10-02 11:54:55,NFC,True
1672,119,2024-10-29 00:53:52,QR,True
1673,398,2025-09-22 18:24:29,QR,True
1674,10,2026-02-19 09:14:38,NFC,True
1675,115,2026-02-02 19:33:00,NFC,True
1676,116,2024-09-11 03:15:24,QR,False
1677,95,2024-12-30 21:16:30,tarjeta,True
1678,207,2025-09-23 08:53:45,QR,True
1679,27,2024-07-14 07:56:15,QR,True
1680,132,2025-03-20 11:48:48,NFC,True
1681,168,2025-02-05 19:29:23,QR,True
1682,332,2025-10-17 20:42:47,QR,True
1683,358,2025-03-16 03:12:04,QR,True
1684,79,2025-09-09 11:16:44,QR,False
1685,69,2024-08-25 01:20:27,QR,False
1686,144,2024-08-13 09:03:59,tarjeta,True
1687,318,2025-04-19 02:52:01,QR,True
1688,49,2024-08-07 20:15:57,QR,True
1689,112,2024-09-06 20:21:15,QR,False
1690,24,2024-05-26 10:45:59,QR,False
1691,143,2025-03-15 03:45:38,QR,True
1692,89,2024-11-25 16:37:34,tarjeta,False
1693,67,2025-11-04 01:06:31,tarjeta,False
1694,126,2025-10-27 08:59:45,QR,False
1695,127,2025-03-06 02:14:47,tarjeta,True
1696,130,2024-10-03 09:20:55,tarjeta,True
1697,16,2026-03-20 08:13:29,NFC,True
1698,137,2025-04-04 06:37:46,tarjeta,True
1699,82,2025-08-14 15:28:25,tarjeta,True
1700,42,2024-08-12 17:23:41,tarjeta,False
1701,83,2026-04-04 10:54:29,tarjeta,False
1702,62,2024-11-24 20:10:51,NFC,True
1703,55,2024-07-30 19:42:15,tarjeta,False
1704,168,2024-06-09 03:40:26,QR,False
1705,102,2024-06-20 22:59:01,tarjeta,True
1706,11,2024-11-23 17:10:09,QR,False
1707,105,2025-12-16 08:52:09,QR,True
1708,56,2026-02-12 00:19:38,tarjeta,False
1709,32,2025-10-08 16:57:25,QR,False
1710,152,2025-04-20 09:18:18,QR,False
1711,23,2025-07-20 09:16:16,tarjeta,True
1712,64,2025-02-18 17:47:25,QR,False
1713,168,2025-11-06 05:01:07,tarjeta,True
1714,72,2024-12-21 19:23:52,NFC,True
1715,137,2025-07-27 13:01:22,QR,True
1716,45,2024-05-30 18:21:27,tarjeta,True
1717,117,2025-02-10 19:22:13,tarjeta,True
1718,151,2025-09-12 21:29:44,NFC,True
1719,84,2025-03-25 22:57:32,NFC,True
1720,141,2026-04-24 04:57:22,QR,True
1721,452,2025-05-24 10:58:32,QR,False
1722,112,2024-07-09 08:03:24,QR,True
1723,18,2026-01-06 20:34:44,QR,False
1724,61,2025-12-23 18:38:40,QR,True
1725,143,2024-08-24 02:13:34,NFC,True
1726,56,2025-08-06 09:25:57,tarjeta,True
1727,164,2024-11-08 12:46:33,tarjeta,False
1728,101,2024-08-06 15:03:37,tarjeta,True
1729,207,2026-02-26 07:40:31,tarjeta,False
1730,47,2026-01-26 14:29:25,QR,False
1731,7,2026-04-12 20:37:04,NFC,True
1732,76,2026-04-12 06:10:22,QR,True
1733,99,2026-02-15 06:58:24,NFC,True
1734,67,2025-10-06 16:46:09,tarjeta,False
1735,264,2026-02-01 11:17:20,NFC,True
1736,78,2025-03-26 10:11:30,tarjeta,False
1737,45,2026-04-06 00:47:13,NFC,True
1738,38,2024-06-11 10:29:09,QR,False
1739,32,2024-07-08 22:31:20,tarjeta,True
1740,56,2024-11-10 02:51:47,NFC,True
1741,100,2025-04-25 07:20:53,QR,True
1742,38,2025-12-23 07:39:42,tarjeta,False
1743,19,2025-11-10 11:24:26,NFC,True
1744,113,2025-03-06 09:05:30,QR,True
1745,110,2025-04-13 23:23:30,QR,True
1746,139,2024-08-24 21:26:03,NFC,True
1747,446,2024-12-04 22:04:03,tarjeta,True
1748,19,2025-05-22 18:58:51,QR,True
1749,14,2026-02-22 13:26:43,NFC,True
1750,265,2024-05-18 06:49:02,tarjeta,False
1751,129,2024-12-04 21:58:07,QR,False
1752,36,2026-03-15 13:12:31,tarjeta,True
1753,65,2025-09-17 07:55:27,NFC,True
1754,33,2025-12-26 00:41:10,QR,False
1755,102,2024-07-01 21:06:25,NFC,True
1756,214,2025-03-16 00:58:37,QR,False
1757,35,2025-08-12 13:16:51,NFC,True
1758,10,2025-09-24 03:22:37,QR,False
1759,103,2025-05-27 22:27:22,QR,True
1760,147,2024-08-08 10:27:31,tarjeta,False
1761,128,2024-10-04 21:42:06,NFC,True
1762,342,2024-06-09 05:43:24,tarjeta,True
1763,91,2025-09-03 11:58:20,tarjeta,True
1764,11,2024-09-07 11:15:58,QR,True
1765,95,2025-01-27 17:15:19,QR,False
1766,418,2025-03-03 06:20:43,tarjeta,True
1767,27,2024-08-22 17:29:05,QR,True
1768,76,2024-11-11 06:55:54,tarjeta,True
1769,32,2025-01-08 20:04:48,tarjeta,True
1770,85,2024-12-18 03:51:34,tarjeta,True
1771,50,2025-05-15 01:44:26,QR,False
1772,58,2025-01-01 13:10:29,NFC,True
1773,98,2024-12-09 07:23:54,NFC,True
1774,404,2024-06-25 21:16:04,NFC,True
1775,123,2025-03-21 07:56:03,tarjeta,True
1776,13,2025-06-20 13:50:39,QR,True
1777,46,2024-10-29 06:53:18,NFC,True
1778,94,2025-07-22 19:42:30,NFC,True
1779,110,2025-07-04 00:03:01,tarjeta,False
1780,120,2025-11-27 18:28:37,NFC,True
1781,368,2024-08-22 02:01:30,QR,True
1782,93,2025-07-14 09:56:53,tarjeta,True
1783,96,2026-04-04 03:23:52,tarjeta,False
1784,141,2025-12-02 18:40:08,tarjeta,False
1785,270,2025-08-03 11:32:20,QR,False
1786,35,2025-03-31 19:46:38,NFC,True
1787,94,2025-10-16 21:23:17,NFC,True
1788,115,2026-03-19 08:57:29,NFC,True
1789,123,2024-11-05 22:16:54,NFC,True
1790,381,2025-06-27 22:51:16,tarjeta,False
1791,117,2025-11-12 09:42:09,NFC,True
1792,21,2025-10-15 15:39:56,QR,True
1793,138,2024-12-05 07:53:34,NFC,True
1794,374,2024-05-19 10:56:42,QR,True
1795,70,2024-07-28 19:39:05,tarjeta,False
1796,22,2025-09-22 22:08:08,QR,True
1797,296,2025-10-06 13:42:03,NFC,True
1798,202,2024-06-26 01:32:27,tarjeta,True
1799,273,2025-10-09 07:21:17,NFC,True
1800,72,2025-11-29 00:10:37,QR,False
1801,482,2024-12-07 02:56:51,QR,True
1802,50,2025-05-23 19:08:11,tarjeta,False
1803,76,2024-07-30 08:35:12,tarjeta,True
1804,53,2024-08-29 06:06:57,QR,False
1805,325,2026-04-10 22:56:46,NFC,True
1806,6,2024-07-28 02:48:42,QR,False
1807,405,2024-11-25 14:27:39,NFC,True
1808,9,2025-08-02 17:23:10,tarjeta,True
1809,79,2026-04-07 09:27:31,tarjeta,True
1810,137,2024-05-01 17:51:47,QR,False
1811,7,2025-08-20 16:23:46,QR,True
1812,96,2025-09-24 09:26:15,QR,False
1813,87,2026-04-22 17:53:34,QR,False
1814,261,2025-10-18 19:09:43,tarjeta,True
1815,1,2025-04-07 22:33:49,QR,False
1816,80,2024-09-07 13:24:04,tarjeta,False
1817,86,2026-03-18 13:45:14,NFC,True
1818,37,2024-05-23 01:07:04,NFC,True
1819,27,2024-05-15 17:25:14,tarjeta,True
1820,44,2024-12-29 21:30:00,QR,True
1821,490,2026-01-03 19:15:09,NFC,True
1822,89,2025-08-07 15:52:04,NFC,True
1823,89,2025-11-22 02:33:00,NFC,True
1824,111,2024-07-17 07:44:07,QR,True
1825,498,2024-09-28 08:24:54,tarjeta,True
1826,90,2024-05-15 09:51:26,tarjeta,True
1827,146,2026-04-14 10:35:53,NFC,True
1828,46,2025-08-23 07:18:53,NFC,True
1829,33,2024-07-23 20:49:23,QR,True
1830,83,2026-01-28 17:04:50,NFC,True
1831,29,2025-09-03 08:21:08,tarjeta,True
1832,85,2026-03-28 02:40:57,tarjeta,True
1833,67,2025-08-18 13:22:38,NFC,True
1834,137,2025-08-12 08:17:32,NFC,True
1835,256,2025-05-10 18:02:37,QR,True
1836,143,2024-12-15 03:12:14,QR,True
1837,363,2024-09-20 17:19:28,tarjeta,True
1838,144,2025-02-08 00:34:32,QR,False
1839,20,2024-05-22 06:32:55,QR,True
1840,101,2025-04-08 11:40:11,NFC,True
1841,10,2025-02-06 22:29:43,NFC,True
1842,79,2025-05-04 21:47:35,QR,False
1843,86,2024-07-25 12:14:15,tarjeta,True
1844,93,2025-01-09 16:30:57,NFC,True
1845,291,2026-02-15 20:09:54,tarjeta,True
1846,460,2025-02-19 05:51:37,QR,True
1847,57,2025-08-24 06:33:08,NFC,True
1848,14,2025-02-05 02:54:45,tarjeta,True
1849,8,2025-12-26 10:24:31,NFC,True
1850,49,2024-06-05 18:16:09,NFC,True
1851,129,2024-08-08 00:18:06,NFC,True
1852,70,2025-11-02 23:58:37,QR,True
1853,282,2026-01-12 13:28:41,QR,True
1854,48,2025-08-19 08:45:00,NFC,True
1855,121,2025-07-08 20:42:22,NFC,True
1856,77,2024-07-14 13:16:52,tarjeta,False
1857,43,2024-09-02 04:12:04,QR,True
1858,74,2024-12-21 05:12:48,NFC,True
1859,43,2025-11-04 00:45:47,NFC,True
1860,24,2025-03-10 19:42:24,NFC,True
1861,103,2026-04-14 13:04:54,QR,True
1862,142,2025-06-22 15:38:51,QR,False
1863,482,2024-10-18 01:11:28,NFC,True
1864,8,2026-04-02 14:00:39,NFC,True
1865,146,2024-05-19 11:32:34,NFC,True
1866,33,2025-04-05 02:31:41,tarjeta,False
1867,148,2025-02-09 15:55:31,NFC,True
1868,65,2025-02-12 01:01:34,tarjeta,True
1869,108,2026-01-16 10:17:28,NFC,True
1870,124,2025-04-06 08:46:31,QR,False
1871,74,2025-07-11 04:35:11,tarjeta,True
1872,84,2024-06-04 20:26:41,QR,True
1873,261,2024-08-04 15:13:23,QR,True
1874,50,2025-06-05 18:26:32,tarjeta,True
1875,48,2025-01-19 17:07:59,NFC,True
1876,81,2025-08-10 23:42:25,tarjeta,False
1877,372,2024-10-01 16:57:15,tarjeta,False
1878,163,2024-08-12 01:33:45,tarjeta,True
1879,490,2024-11-30 19:41:23,NFC,True
1880,113,2024-06-02 06:49:28,NFC,True
1881,123,2024-09-29 15:47:06,tarjeta,True
1882,56,2024-09-13 21:11:24,QR,False
1883,362,2025-03-11 14:07:53,NFC,True
1884,198,2025-07-02 19:44:38,NFC,True
1885,38,2026-02-23 02:52:53,NFC,True
1886,123,2025-05-29 01:11:57,QR,False
1887,97,2024-11-16 11:59:25,QR,True
1888,100,2026-04-14 17:01:54,tarjeta,True
1889,14,2024-05-16 00:22:40,QR,True
1890,131,2026-01-14 06:37:16,NFC,True
1891,131,2025-09-03 14:14:16,tarjeta,True
1892,257,2025-06-12 08:51:41,tarjeta,True
1893,194,2026-01-04 11:36:24,QR,True
1894,112,2025-02-21 10:21:03,NFC,True
1895,11,2025-03-09 04:45:44,tarjeta,True
1896,32,2024-09-21 04:59:52,tarjeta,True
1897,53,2024-06-13 11:58:16,tarjeta,False
1898,90,2026-03-24 10:07:16,NFC,True
1899,142,2025-03-10 06:57:21,tarjeta,False
1900,457,2024-05-06 22:27:55,QR,False
1901,80,2026-01-22 19:34:54,QR,False
1902,1,2026-04-20 08:03:04,tarjeta,False
1903,361,2024-10-16 15:37:00,tarjeta,True
1904,31,2024-06-29 17:57:35,NFC,True
1905,53,2025-08-12 03:42:29,tarjeta,False
1906,320,2025-12-26 00:54:24,tarjeta,True
1907,94,2025-02-08 20:03:45,tarjeta,True
1908,392,2026-01-13 15:57:45,tarjeta,True
1909,257,2025-11-05 09:20:06,NFC,True
1910,27,2024-10-27 06:42:14,tarjeta,False
1911,9,2024-12-13 17:30:30,QR,False
1912,121,2025-10-23 17:13:56,QR,False
1913,112,2024-12-21 16:40:41,QR,True
1914,75,2026-02-13 21:00:55,tarjeta,False
1915,128,2025-12-30 11:57:30,NFC,True
1916,9,2024-05-14 01:05:33,tarjeta,True
1917,415,2025-11-26 21:43:43,QR,True
1918,66,2024-07-12 11:40:23,QR,True
1919,98,2025-11-14 20:03:39,tarjeta,False
1920,70,2025-05-20 12:15:07,tarjeta,True
1921,140,2025-01-01 19:46:03,QR,True
1922,108,2024-06-21 19:24:49,QR,True
1923,84,2026-01-09 04:06:22,NFC,True
1924,79,2025-02-28 19:40:42,QR,False
1925,53,2025-01-08 23:59:56,QR,True
1926,87,2025-07-22 06:25:22,QR,True
1927,345,2025-01-23 13:00:17,QR,True
1928,101,2025-11-06 15:29:33,QR,True
1929,198,2025-02-22 02:27:56,tarjeta,True
1930,5,2024-10-20 07:19:19,tarjeta,False
1931,4,2025-02-17 05:18:00,QR,True
1932,133,2025-09-12 04:03:59,NFC,True
1933,10,2026-04-27 03:38:19,tarjeta,True
1934,135,2024-08-14 21:15:38,tarjeta,True
1935,264,2026-01-27 01:37:31,tarjeta,True
1936,90,2025-03-21 19:33:58,tarjeta,True
1937,201,2025-09-10 08:43:42,NFC,True
1938,84,2026-02-16 06:56:47,QR,True
1939,24,2024-10-13 03:35:53,QR,False
1940,146,2025-01-31 14:11:11,NFC,True
1941,91,2026-03-31 09:01:29,NFC,True
1942,452,2025-08-27 22:10:35,QR,True
1943,111,2025-01-15 05:28:07,NFC,True
1944,39,2026-02-25 22:00:01,QR,True
1945,171,2025-01-09 13:52:11,QR,True
1946,54,2024-05-14 05:48:15,NFC,True
1947,34,2024-07-20 03:54:32,NFC,True
1948,49,2024-05-24 15:16:50,QR,False
1949,18,2024-08-01 13:40:22,NFC,True
1950,122,2026-04-21 03:48:52,tarjeta,True
1951,77,2025-10-18 11:07:49,QR,False
1952,437,2025-05-26 20:39:07,NFC,True
1953,125,2025-01-07 16:26:47,NFC,True
1954,2,2025-06-22 22:08:58,NFC,True
1955,460,2025-04-03 00:44:55,QR,False
1956,139,2024-09-27 12:43:12,NFC,True
1957,16,2026-01-10 06:29:00,NFC,True
1958,48,2024-09-05 04:50:27,QR,False
1959,57,2024-10-30 22:18:16,tarjeta,False
1960,44,2025-01-03 10:53:17,tarjeta,True
1961,76,2024-04-30 10:39:36,NFC,True
1962,23,2024-08-28 16:33:15,NFC,True
1963,494,2025-10-27 19:09:48,tarjeta,True
1964,133,2026-04-03 00:12:24,tarjeta,False
1965,33,2025-03-03 01:01:50,NFC,True
1966,114,2025-06-14 00:49:34,tarjeta,False
1967,133,2024-10-22 09:14:12,QR,True
1968,61,2026-01-31 08:38:57,tarjeta,True
1969,147,2024-12-08 18:31:36,tarjeta,False
1970,99,2025-03-22 21:43:57,NFC,True
1971,104,2025-01-24 05:43:05,QR,False
1972,7,2024-05-09 02:08:59,NFC,True
1973,74,2024-07-06 04:41:32,NFC,True
1974,134,2025-01-14 21:00:28,NFC,True
1975,468,2025-02-15 02:27:58,NFC,True
1976,46,2024-10-03 02:14:31,tarjeta,True
1977,136,2024-07-26 11:15:22,QR,True
1978,416,2025-10-24 19:39:40,QR,False
1979,57,2025-03-31 13:40:04,tarjeta,False
1980,91,2025-05-07 14:35:34,NFC,True
1981,71,2024-10-31 10:56:39,NFC,True
1982,51,2026-04-13 11:42:34,QR,False
1983,101,2025-05-13 18:59:27,NFC,True
1984,66,2024-12-30 08:34:09,tarjeta,True
1985,30,2024-11-29 20:55:53,QR,True
1986,21,2024-08-31 15:47:30,QR,False
1987,207,2025-01-15 02:46:44,QR,False
1988,17,2025-09-27 05:42:40,QR,False
1989,55,2025-10-11 17:36:11,tarjeta,True
1990,61,2026-04-22 10:21:59,NFC,True
1991,34,2024-07-01 18:54:16,QR,False
1992,139,2026-02-26 11:03:39,NFC,True
1993,126,2024-07-17 22:30:51,tarjeta,True
1994,41,2024-07-20 04:59:00,tarjeta,False
1995,106,2024-05-28 16:42:44,tarjeta,False
1996,108,2025-11-06 17:14:39,NFC,True
1997,73,2025-09-01 03:13:12,NFC,True
1998,95,2026-02-26 16:27:34,QR,True
1999,21,2026-01-25 15:03:14,NFC,True
2000,61,2025-01-24 11:21:46,tarjeta,True
2001,26,2025-10-12 15:51:24,NFC,True
2002,145,2024-06-17 07:36:22,QR,True
2003,93,2025-07-18 23:17:54,QR,True
2004,91,2024-12-22 17:22:34,QR,True
2005,18,2024-06-06 11:29:12,tarjeta,False
2006,11,2026-02-08 02:39:46,QR,True
2007,81,2025-07-22 16:23:03,NFC,True
2008,95,2025-03-05 22:44:09,QR,False
2009,36,2026-04-01 22:30:03,QR,False
2010,373,2024-07-21 06:02:33,NFC,True
2011,117,2025-06-07 09:26:00,QR,False
2012,111,2024-05-29 04:12:34,tarjeta,True
2013,98,2024-11-21 08:59:42,tarjeta,True
2014,448,2025-01-09 00:09:05,NFC,True
2015,82,2024-12-15 03:37:56,NFC,True
2016,135,2025-07-27 06:38:49,QR,False
2017,76,2024-12-06 19:12:30,tarjeta,True
2018,97,2024-06-20 03:10:28,tarjeta,False
2019,324,2025-03-06 21:41:30,tarjeta,False
2020,68,2024-08-17 08:00:50,tarjeta,True
2021,81,2024-07-21 15:15:21,QR,True
2022,449,2026-02-18 20:39:36,QR,True
2023,28,2024-09-06 14:58:39,tarjeta,True
2024,61,2025-08-07 13:03:22,QR,True
2025,421,2024-05-05 12:01:29,NFC,True
2026,281,2025-05-04 15:15:53,NFC,True
2027,149,2024-12-09 06:36:09,QR,True
2028,86,2026-01-26 00:44:29,NFC,True
2029,87,2024-12-18 03:31:49,tarjeta,True
2030,39,2026-02-28 01:16:53,QR,True
2031,127,2026-01-14 15:00:38,NFC,True
2032,110,2025-12-15 05:12:38,tarjeta,True
2033,322,2025-06-04 08:42:17,NFC,True
2034,100,2026-04-21 19:58:50,NFC,True
2035,110,2024-09-17 14:42:20,NFC,True
2036,101,2025-09-18 16:26:28,tarjeta,True
2037,59,2025-05-08 18:22:50,QR,False
2038,106,2025-06-08 16:25:17,tarjeta,True
2039,392,2024-09-11 02:57:32,NFC,True
2040,3,2025-11-22 18:29:37,QR,True
2041,366,2024-11-03 10:33:26,QR,False
2042,94,2024-10-30 05:38:22,NFC,True
2043,97,2024-08-12 05:06:47,tarjeta,True
2044,139,2024-06-17 12:58:13,tarjeta,True
2045,261,2025-09-09 03:28:37,QR,True
2046,49,2024-09-24 10:23:02,NFC,True
2047,140,2025-03-06 16:58:01,tarjeta,True
2048,97,2025-11-17 08:20:56,QR,True
2049,148,2025-03-14 05:33:43,tarjeta,False
2050,49,2024-11-01 17:22:19,tarjeta,True
2051,5,2024-11-26 16:41:48,NFC,True
2052,285,2024-08-27 02:35:34,QR,True
2053,130,2026-04-07 04:11:14,QR,False
2054,97,2025-01-08 11:55:33,QR,True
2055,60,2024-12-16 05:46:33,QR,False
2056,340,2024-12-29 22:00:31,NFC,True
2057,26,2025-06-03 16:43:26,tarjeta,True
2058,177,2025-09-16 17:14:17,QR,True
2059,434,2024-12-24 15:25:32,QR,False
2060,2,2026-02-04 19:57:18,tarjeta,False
2061,2,2026-01-27 12:40:07,NFC,True
2062,103,2025-04-30 02:34:25,tarjeta,True
2063,114,2024-09-07 11:18:03,QR,False
2064,58,2026-04-01 11:20:20,QR,True
2065,73,2024-08-13 06:26:06,NFC,True
2066,467,2025-06-24 20:42:51,NFC,True
2067,275,2026-01-23 02:12:03,tarjeta,True
2068,1,2025-12-04 11:09:33,tarjeta,True
2069,37,2025-02-20 00:43:36,tarjeta,True
2070,134,2025-09-01 09:50:17,QR,False
2071,62,2025-07-27 20:52:12,QR,False
2072,55,2026-04-24 23:13:20,NFC,True
2073,144,2024-06-02 22:42:02,NFC,True
2074,5,2024-05-09 19:12:45,tarjeta,False
2075,64,2024-05-29 00:36:08,QR,True
2076,239,2025-04-05 20:25:35,tarjeta,True
2077,20,2024-05-18 13:52:37,QR,True
2078,496,2026-04-13 20:00:50,NFC,True
2079,86,2026-01-20 09:08:32,QR,False
2080,25,2024-09-13 22:31:02,NFC,True
2081,119,2025-07-29 13:53:20,tarjeta,True
2082,16,2024-09-27 21:05:43,NFC,True
2083,52,2025-06-08 10:51:41,NFC,True
2084,96,2025-09-10 22:11:31,NFC,True
2085,80,2024-12-19 17:27:15,QR,False
2086,413,2024-08-04 14:57:49,tarjeta,False
2087,291,2026-01-26 07:01:01,NFC,True
2088,53,2024-08-04 10:00:48,tarjeta,True
2089,114,2025-12-07 15:20:42,QR,True
2090,30,2025-09-24 07:30:39,QR,False
2091,82,2025-03-16 18:17:25,NFC,True
2092,106,2025-07-02 21:25:45,QR,True
2093,414,2026-01-10 18:26:27,NFC,True
2094,91,2024-12-01 00:27:48,NFC,True
2095,108,2024-11-02 03:00:03,NFC,True
2096,141,2024-11-30 19:12:09,NFC,True
2097,3,2025-07-16 22:21:21,tarjeta,True
2098,195,2026-01-30 11:04:23,tarjeta,True
2099,184,2025-06-28 14:37:20,QR,True
2100,51,2025-06-30 09:43:52,tarjeta,True
2101,141,2025-03-24 09:19:57,QR,True
2102,126,2025-08-30 21:14:20,QR,True
2103,138,2024-08-17 18:39:01,tarjeta,True
2104,21,2025-08-22 11:39:16,QR,True
2105,74,2026-02-14 08:24:57,QR,False
2106,167,2025-01-26 17:48:18,tarjeta,False
2107,50,2025-12-09 01:38:15,QR,False
2108,124,2024-12-31 08:27:55,tarjeta,True
2109,13,2025-11-24 21:15:26,QR,True
2110,73,2024-09-02 18:14:26,tarjeta,True
2111,437,2025-01-08 14:09:10,tarjeta,False
2112,28,2025-11-30 11:28:47,QR,False
2113,69,2025-01-25 18:49:17,NFC,True
2114,99,2025-11-04 03:34:54,QR,False
2115,98,2024-11-05 22:57:35,tarjeta,True
2116,97,2026-03-06 16:23:24,NFC,True
2117,61,2025-02-26 05:23:01,QR,True
2118,455,2026-03-07 22:11:29,tarjeta,True
2119,72,2024-07-14 05:22:37,NFC,True
2120,70,2025-06-09 10:25:01,QR,True
2121,9,2024-06-26 13:37:03,tarjeta,True
2122,93,2025-10-26 05:58:45,NFC,True
2123,134,2025-02-23 16:41:37,QR,False
2124,40,2025-12-28 08:09:26,tarjeta,True
2125,13,2025-07-25 16:54:18,NFC,True
2126,92,2025-12-03 22:21:00,NFC,True
2127,65,2024-11-16 16:08:12,tarjeta,True
2128,392,2025-02-15 05:18:07,QR,False
2129,45,2024-08-06 06:12:07,NFC,True
2130,119,2025-03-20 08:08:18,NFC,True
2131,435,2025-05-31 20:41:19,QR,True
2132,40,2024-12-02 03:23:59,QR,True
2133,36,2025-09-09 14:39:17,QR,False
2134,61,2025-04-30 06:48:10,tarjeta,False
2135,425,2024-04-30 09:10:37,QR,False
2136,33,2025-08-02 18:07:02,QR,False
2137,42,2024-08-03 11:21:13,tarjeta,False
2138,66,2026-04-07 16:01:53,tarjeta,True
2139,48,2026-01-01 13:50:42,NFC,True
2140,463,2024-05-22 03:18:26,QR,True
2141,18,2024-10-22 15:57:17,tarjeta,True
2142,72,2024-12-21 16:25:46,tarjeta,False
2143,32,2025-02-28 17:04:33,NFC,True
2144,154,2024-10-06 15:06:58,QR,True
2145,39,2026-02-07 19:47:50,NFC,True
2146,24,2024-10-28 10:55:22,NFC,True
2147,16,2025-03-26 14:55:55,NFC,True
2148,12,2026-03-11 20:39:42,tarjeta,True
2149,3,2024-09-03 01:07:01,QR,False
2150,145,2025-11-22 11:34:59,tarjeta,False
2151,50,2024-07-09 23:14:17,NFC,True
2152,100,2024-05-21 06:03:07,QR,True
2153,32,2026-04-25 22:35:16,QR,False
2154,381,2024-07-09 05:27:13,QR,False
2155,236,2025-01-07 21:15:00,NFC,True
2156,23,2024-08-06 07:22:00,QR,False
2157,144,2026-01-19 20:47:38,NFC,True
2158,23,2025-07-05 10:16:50,tarjeta,True
2159,108,2025-02-19 04:34:57,NFC,True
2160,30,2025-10-05 21:16:01,NFC,True
2161,67,2026-02-05 16:12:54,QR,True
2162,15,2026-03-06 09:32:57,NFC,True
2163,108,2025-12-20 15:03:35,tarjeta,True
2164,117,2026-03-02 16:31:50,NFC,True
2165,69,2024-09-17 20:33:02,tarjeta,True
2166,21,2026-04-15 04:51:49,tarjeta,False
2167,143,2025-05-01 09:24:28,NFC,True
2168,156,2024-06-30 00:27:08,QR,True
2169,126,2025-02-19 13:38:57,NFC,True
2170,334,2025-06-14 17:25:21,QR,True
2171,132,2024-08-29 04:46:08,QR,True
2172,84,2025-05-15 04:30:04,NFC,True
2173,130,2026-02-10 02:44:56,tarjeta,True
2174,27,2024-05-01 06:27:19,NFC,True
2175,174,2025-08-29 16:29:16,tarjeta,True
2176,10,2025-12-08 16:03:39,QR,True
2177,59,2026-03-13 12:38:00,NFC,True
2178,418,2026-04-21 15:46:02,tarjeta,False
2179,2,2026-01-21 15:39:49,tarjeta,True
2180,111,2025-08-22 22:25:10,tarjeta,True
2181,326,2025-11-01 00:05:53,tarjeta,True
2182,107,2024-07-01 20:07:48,QR,True
2183,10,2026-02-12 07:32:53,NFC,True
2184,146,2025-03-10 03:10:33,tarjeta,False
2185,107,2025-10-14 21:13:13,QR,True
2186,8,2026-03-15 08:10:27,QR,True
2187,94,2025-07-28 15:32:23,QR,True
2188,131,2025-05-14 01:30:31,NFC,True
2189,413,2024-06-15 21:50:15,QR,True
2190,86,2025-08-03 20:16:33,tarjeta,False
2191,67,2025-12-28 04:49:01,tarjeta,True
2192,107,2025-01-29 10:07:43,QR,True
2193,107,2025-05-09 23:25:31,QR,False
2194,127,2025-05-21 02:40:09,NFC,True
2195,223,2024-05-05 23:18:43,QR,False
2196,109,2024-09-19 17:22:30,QR,True
2197,261,2026-02-14 12:28:20,QR,False
2198,106,2025-05-27 03:51:01,tarjeta,True
2199,58,2025-12-21 19:40:25,QR,True
2200,361,2025-07-27 02:09:21,NFC,True
2201,27,2025-12-01 06:50:33,tarjeta,False
2202,306,2025-10-24 17:58:42,tarjeta,True
2203,46,2026-02-21 09:03:22,tarjeta,True
2204,84,2024-11-23 23:04:10,NFC,True
2205,410,2025-08-04 12:24:22,tarjeta,True
2206,225,2024-11-11 07:44:48,tarjeta,True
2207,29,2024-07-23 11:52:46,NFC,True
2208,19,2024-10-18 14:52:51,NFC,True
2209,62,2025-08-13 20:37:56,QR,False
2210,82,2024-08-04 18:29:27,QR,False
2211,142,2025-10-05 02:40:26,tarjeta,True
2212,117,2025-02-18 18:31:58,NFC,True
2213,11,2024-11-26 03:57:40,NFC,True
2214,428,2025-08-26 06:05:23,tarjeta,False
2215,136,2025-07-28 02:21:14,NFC,True
2216,75,2026-03-31 05:05:09,NFC,True
2217,29,2026-04-12 13:26:52,QR,False
2218,69,2025-06-18 21:14:16,tarjeta,True
2219,37,2025-02-25 20:44:24,NFC,True
2220,19,2025-07-21 15:24:41,tarjeta,True
2221,54,2026-03-18 17:28:46,tarjeta,True
2222,72,2025-05-17 16:40:06,QR,True
2223,122,2026-04-09 07:04:26,NFC,True
2224,498,2026-03-22 13:31:34,QR,True
2225,85,2024-08-09 12:28:54,NFC,True
2226,180,2025-08-30 14:56:21,NFC,True
2227,391,2024-08-14 01:55:32,tarjeta,False
2228,59,2024-08-07 13:51:41,NFC,True
2229,67,2026-04-13 15:45:11,NFC,True
2230,109,2025-06-14 10:49:48,NFC,True
2231,97,2025-08-30 23:05:42,tarjeta,True
2232,57,2024-12-29 03:44:17,tarjeta,True
2233,61,2025-12-19 16:59:58,NFC,True
2234,42,2024-08-26 10:05:49,NFC,True
2235,3,2024-08-20 13:59:04,QR,False
2236,62,2026-01-02 04:28:40,QR,False
2237,75,2025-10-05 05:59:15,QR,True
2238,26,2026-03-01 07:10:43,QR,False
2239,43,2025-03-31 08:31:12,tarjeta,True
2240,15,2025-05-03 23:40:24,QR,True
2241,147,2025-05-11 11:47:30,NFC,True
2242,7,2025-07-13 20:36:46,NFC,True
2243,19,2024-08-14 10:00:27,NFC,True
2244,395,2025-03-21 07:14:53,NFC,True
2245,38,2026-02-23 23:56:35,QR,False
2246,83,2025-01-29 12:39:12,tarjeta,True
2247,141,2025-08-10 15:55:23,NFC,True
2248,137,2025-08-11 18:10:01,QR,False
2249,135,2026-04-24 06:59:44,tarjeta,True
2250,113,2024-09-23 08:16:01,QR,False
2251,87,2025-11-28 22:13:54,NFC,True
2252,75,2026-04-05 22:22:07,NFC,True
2253,30,2025-09-21 06:45:53,QR,False
2254,44,2025-02-23 03:07:30,NFC,True
2255,76,2025-09-05 17:27:13,NFC,True
2256,11,2025-05-14 08:48:51,NFC,True
2257,1,2025-02-25 15:48:08,tarjeta,False
2258,139,2025-06-19 03:34:43,QR,True
2259,145,2025-12-09 04:40:14,QR,True
2260,114,2024-07-29 13:36:02,QR,True
2261,107,2025-02-19 13:29:32,NFC,True
2262,46,2024-11-18 09:00:44,QR,True
2263,92,2025-02-13 21:36:33,tarjeta,False
2264,51,2025-03-24 07:05:28,QR,False
2265,3,2026-02-14 08:13:06,QR,False
2266,140,2024-12-01 03:10:11,tarjeta,True
2267,290,2024-12-15 08:49:31,tarjeta,True
2268,451,2025-03-12 03:19:10,tarjeta,False
2269,418,2024-07-14 15:22:37,NFC,True
2270,42,2024-11-28 09:33:41,tarjeta,True
2271,21,2024-12-14 02:42:56,tarjeta,True
2272,394,2025-09-07 05:42:04,QR,True
2273,2,2025-09-18 17:16:59,QR,True
2274,72,2026-03-27 11:53:51,tarjeta,True
2275,40,2025-03-20 00:32:35,tarjeta,True
2276,35,2024-09-26 09:07:31,QR,False
2277,86,2024-06-29 13:38:00,NFC,True
2278,88,2024-06-13 00:48:07,QR,False
2279,197,2024-07-23 22:06:23,tarjeta,False
2280,17,2025-10-20 08:04:02,NFC,True
2281,26,2025-01-22 16:35:20,tarjeta,True
2282,54,2025-05-08 18:04:18,QR,False
2283,484,2025-09-19 02:03:52,QR,True
2284,256,2025-11-27 20:53:13,QR,True
2285,118,2025-03-28 02:40:22,QR,True
2286,89,2024-09-15 23:29:12,NFC,True
2287,91,2026-04-04 06:08:01,NFC,True
2288,66,2025-03-31 14:22:11,NFC,True
2289,42,2026-03-11 03:41:02,QR,False
2290,234,2024-12-15 06:11:24,NFC,True
2291,193,2024-09-12 14:46:17,QR,False
2292,121,2026-03-08 09:09:46,QR,False
2293,50,2024-12-31 08:20:15,NFC,True
2294,69,2024-08-20 04:50:08,NFC,True
2295,54,2025-03-29 05:17:49,QR,True
2296,125,2024-12-04 09:47:18,QR,False
2297,117,2025-11-08 02:44:30,QR,True
2298,105,2026-01-29 09:58:40,NFC,True
2299,10,2026-03-01 17:26:27,tarjeta,True
2300,92,2025-09-16 21:43:59,NFC,True
2301,37,2025-01-09 20:30:04,tarjeta,False
2302,2,2024-08-24 13:55:19,QR,True
2303,144,2024-07-08 18:21:58,QR,True
2304,121,2026-01-17 01:57:41,QR,True
2305,97,2025-03-06 20:12:38,tarjeta,False
2306,110,2024-11-30 09:06:48,QR,True
2307,27,2024-11-05 20:47:04,QR,False
2308,149,2024-06-30 04:04:46,QR,True
2309,350,2024-08-14 16:11:55,QR,False
2310,3,2025-12-08 13:02:10,tarjeta,True
2311,104,2025-05-05 02:02:13,QR,False
2312,31,2025-02-17 23:05:42,tarjeta,True
2313,118,2025-09-30 04:36:41,NFC,True
2314,103,2025-11-13 14:18:46,QR,False
2315,465,2026-03-31 21:43:30,QR,False
2316,127,2026-01-08 02:59:08,tarjeta,True
2317,171,2024-09-04 12:50:48,tarjeta,True
2318,119,2025-09-26 13:41:22,tarjeta,True
2319,9,2025-01-31 08:13:50,QR,True
2320,227,2025-03-01 15:46:17,QR,True
2321,16,2024-11-11 18:44:41,NFC,True
2322,129,2025-12-14 20:10:55,QR,False
2323,31,2024-12-25 22:37:45,QR,False
2324,49,2025-03-22 09:48:11,NFC,True
2325,37,2024-06-07 10:47:44,tarjeta,True
2326,14,2025-12-18 07:35:03,QR,True
2327,172,2024-05-02 13:37:23,NFC,True
2328,29,2025-11-20 08:31:26,NFC,True
2329,76,2025-03-04 04:25:35,NFC,True
2330,60,2025-07-25 08:27:08,NFC,True
2331,125,2025-10-25 09:44:38,tarjeta,True
2332,414,2025-05-21 21:54:25,QR,True
2333,21,2024-06-10 22:28:55,QR,True
2334,132,2026-04-15 07:25:22,tarjeta,False
2335,112,2025-10-09 00:32:08,QR,True
2336,16,2026-03-30 13:55:57,tarjeta,True
2337,262,2024-07-20 11:25:33,tarjeta,True
2338,5,2024-10-07 07:28:48,QR,True
2339,131,2024-12-03 12:08:36,QR,False
2340,90,2026-04-18 02:30:41,tarjeta,True
2341,41,2026-02-06 08:51:07,QR,False
2342,103,2024-07-08 16:49:27,QR,False
2343,191,2024-09-21 07:15:42,QR,True
2344,150,2025-01-26 07:07:26,NFC,True
2345,2,2025-03-17 15:56:50,NFC,True
2346,27,2025-08-14 16:41:24,QR,True
2347,70,2025-11-29 20:11:29,NFC,True
2348,24,2025-08-16 01:25:19,NFC,True
2349,3,2024-07-05 11:34:39,NFC,True
2350,52,2026-04-29 17:59:37,tarjeta,False
2351,74,2025-05-02 18:43:50,NFC,True
2352,33,2024-10-08 05:22:28,QR,False
2353,96,2024-08-20 02:40:50,NFC,True
2354,124,2025-06-02 07:37:08,tarjeta,False
2355,47,2024-12-26 10:23:42,QR,True
2356,94,2024-12-02 12:20:18,QR,True
2357,137,2024-05-14 00:39:46,NFC,True
2358,220,2025-04-17 04:13:04,NFC,True
2359,46,2024-06-15 21:05:24,tarjeta,True
2360,299,2024-11-22 23:28:04,tarjeta,True
2361,269,2024-06-17 20:35:34,tarjeta,True
2362,142,2025-09-12 23:41:53,QR,False
2363,86,2025-06-27 11:40:21,NFC,True
2364,104,2024-09-11 08:48:42,NFC,True
2365,119,2025-02-20 20:20:16,tarjeta,False
2366,116,2024-08-01 12:43:58,tarjeta,True
2367,79,2025-04-06 16:41:30,QR,False
2368,146,2025-07-19 06:56:08,QR,True
2369,94,2025-09-24 12:04:45,NFC,True
2370,50,2026-04-30 13:46:29,QR,True
2371,33,2025-08-23 05:01:48,NFC,True
2372,127,2025-06-27 18:19:04,tarjeta,True
2373,51,2024-07-27 21:28:46,tarjeta,True
2374,12,2025-08-30 09:07:13,tarjeta,True
2375,144,2026-01-26 10:41:49,QR,False
2376,68,2025-12-06 20:16:17,tarjeta,True
2377,134,2024-12-07 00:26:44,NFC,True
2378,241,2026-02-24 11:54:44,QR,False
2379,71,2025-04-13 18:22:40,tarjeta,True
2380,59,2024-12-03 02:57:47,NFC,True
2381,131,2025-03-28 20:12:37,QR,True
2382,9,2026-01-28 22:30:20,NFC,True
2383,140,2026-04-30 03:35:31,QR,True
2384,88,2024-05-01 02:18:56,tarjeta,True
2385,120,2024-10-19 00:20:52,NFC,True
2386,2,2024-12-20 09:49:14,tarjeta,True
2387,31,2024-05-04 07:22:31,NFC,True
2388,197,2025-08-11 03:25:11,tarjeta,True
2389,115,2025-09-25 08:52:49,NFC,True
2390,297,2025-11-05 02:33:52,QR,False
2391,109,2025-01-25 15:28:15,QR,True
2392,465,2025-10-29 03:25:58,tarjeta,True
2393,82,2025-12-12 01:55:01,QR,False
2394,28,2024-12-10 14:21:33,tarjeta,False
2395,10,2024-10-20 21:22:25,QR,True
2396,20,2025-08-16 22:53:21,QR,False
2397,100,2024-05-31 06:52:21,tarjeta,True
2398,100,2026-02-27 00:49:31,NFC,True
2399,64,2025-01-14 17:46:22,QR,False
2400,25,2025-08-14 18:52:24,NFC,True
2401,344,2024-10-21 07:36:34,QR,False
2402,150,2024-07-18 20:35:17,QR,False
2403,126,2025-07-11 07:09:54,QR,False
2404,46,2024-12-24 20:47:37,QR,False
2405,25,2026-03-26 06:38:02,NFC,True
2406,126,2024-05-31 09:37:44,QR,True
2407,2,2024-12-20 22:22:36,tarjeta,True
2408,69,2024-11-18 18:20:47,QR,True
2409,7,2025-09-14 05:25:22,NFC,True
2410,90,2025-10-22 09:43:34,tarjeta,True
2411,60,2024-06-11 12:05:09,tarjeta,True
2412,149,2025-07-17 15:16:56,QR,False
2413,132,2024-09-21 18:01:24,NFC,True
2414,83,2026-03-28 19:22:35,NFC,True
2415,2,2024-11-02 00:09:08,QR,True
2416,40,2024-09-07 16:00:24,tarjeta,True
2417,311,2025-06-02 00:13:39,QR,True
2418,487,2026-03-17 02:36:04,tarjeta,True
2419,33,2025-09-29 01:37:13,tarjeta,True
2420,136,2025-07-08 12:06:35,QR,True
2421,45,2026-01-19 14:34:27,NFC,True
2422,244,2025-10-12 17:55:49,tarjeta,False
2423,15,2025-06-25 01:31:43,NFC,True
2424,337,2025-11-07 22:32:48,tarjeta,True
2425,36,2024-12-18 11:01:39,tarjeta,True
2426,69,2025-08-15 08:38:26,QR,True
2427,272,2024-11-26 19:33:21,tarjeta,False
2428,110,2025-08-22 08:29:40,tarjeta,True
2429,11,2025-06-16 04:46:02,NFC,True
2430,45,2024-07-17 23:01:31,QR,True
2431,93,2024-09-20 02:31:00,NFC,True
2432,35,2025-11-11 11:13:40,QR,True
2433,38,2025-04-02 05:03:55,QR,True
2434,21,2024-12-15 21:10:28,NFC,True
2435,129,2025-12-06 10:27:18,QR,False
2436,112,2026-02-22 14:58:09,NFC,True
2437,69,2024-10-16 11:12:39,tarjeta,False
2438,52,2024-10-17 14:56:26,NFC,True
2439,445,2025-09-05 16:15:33,tarjeta,False
2440,211,2025-09-15 02:03:51,tarjeta,True
2441,97,2025-10-09 13:10:19,NFC,True
2442,167,2025-07-25 04:24:29,QR,True
2443,125,2025-04-04 19:01:34,tarjeta,True
2444,456,2024-10-31 03:49:59,QR,True
2445,86,2024-08-21 08:18:55,tarjeta,True
2446,42,2025-11-17 13:24:47,NFC,True
2447,430,2024-06-02 04:53:43,QR,False
2448,2,2025-09-29 03:38:26,NFC,True
2449,143,2024-11-16 10:22:08,QR,True
2450,62,2026-03-20 09:21:17,NFC,True
2451,462,2025-01-30 00:21:18,tarjeta,True
2452,26,2025-02-21 17:16:15,tarjeta,True
2453,83,2024-10-17 15:57:16,NFC,True
2454,112,2025-01-12 12:38:36,tarjeta,True
2455,44,2025-11-20 20:14:51,NFC,True
2456,135,2024-12-02 04:38:19,NFC,True
2457,15,2024-08-13 23:11:31,QR,False
2458,16,2024-07-12 02:17:43,tarjeta,False
2459,27,2024-12-05 12:37:25,tarjeta,False
2460,98,2024-06-17 18:42:13,tarjeta,False
2461,103,2025-06-01 00:51:06,QR,True
2462,33,2025-02-15 09:48:10,NFC,True
2463,67,2025-01-01 18:56:21,NFC,True
2464,168,2025-02-13 20:15:22,NFC,True
2465,292,2025-08-21 09:52:30,tarjeta,False
2466,72,2024-05-18 02:18:29,NFC,True
2467,7,2025-01-04 09:49:07,tarjeta,True
2468,54,2025-09-13 06:09:27,tarjeta,True
2469,122,2024-10-07 02:14:39,QR,False
2470,326,2024-11-14 20:56:59,tarjeta,False
2471,108,2026-03-21 07:34:30,QR,False
2472,101,2024-11-12 10:09:06,QR,True
2473,136,2025-02-25 22:59:28,tarjeta,True
2474,173,2026-01-04 02:26:14,tarjeta,True
2475,100,2025-10-02 16:32:22,NFC,True
2476,142,2025-06-09 10:05:20,NFC,True
2477,140,2025-10-01 11:38:29,tarjeta,True
2478,127,2026-02-23 04:51:26,QR,True
2479,126,2025-09-12 11:03:04,QR,False
2480,3,2024-12-03 07:48:33,tarjeta,True
2481,85,2025-07-09 21:03:52,NFC,True
2482,13,2026-01-23 04:13:09,tarjeta,True
2483,22,2024-07-31 22:45:59,tarjeta,True
2484,271,2024-11-02 08:59:05,QR,False
2485,105,2025-10-24 05:42:34,tarjeta,True
2486,150,2024-09-18 00:22:48,NFC,True
2487,126,2024-08-11 22:08:08,tarjeta,False
2488,116,2025-09-20 14:28:04,QR,True
2489,51,2025-09-28 14:37:22,QR,True
2490,111,2024-05-02 17:36:43,QR,True
2491,93,2025-04-14 20:32:39,tarjeta,True
2492,356,2024-07-28 20:23:27,NFC,True
2493,30,2025-08-20 17:17:09,QR,True
2494,144,2024-09-11 02:02:09,NFC,True
2495,105,2025-05-03 06:15:49,tarjeta,True
2496,33,2024-10-31 07:42:36,QR,True
2497,80,2026-01-08 19:23:46,tarjeta,True
2498,89,2025-04-07 14:18:14,QR,False
2499,18,2025-10-19 21:29:07,NFC,True
2500,343,2025-09-17 02:12:45,NFC,True
