id,monto,fecha,hora,es_fraudulenta
1,2364.54,2024-09-17,13:34:38,False
2,4388.85,2025-03-07,05:58:34,False
3,3508.38,2024-09-09,23:27:56,False
4,1295.79,2024-08-08,17:05:33,False
5,4245.27,2026-02-18,03:05:34,False
6,2739.01,2025-09-15,22:33:06,False
7,1263.21,2024-11-27,21:46:40,False
8,582.6,2024-11-15,22:40:23,False
9,228.43,2025-01-19,12:17:24,False
10,2256.82,2024-12-22,23:46:47,False
11,1375.49,2026-01-21,05:04:24,True
12,3186.73,2025-03-31,00:02:01,False
13,3938.57,2024-10-28,23:18:49,False
14,1536.44,2024-07-15,13:24:51,False
15,3412.6,2025-06-08,01:53:37,False
16,14338.6,2024-12-18,20:16:37,True
17,3387.86,2025-09-21,10:34:35,False
18,3152.82,2025-08-20,01:06:17,False
19,2850.93,2024-12-30,01:33:51,False
20,12029.97,2024-12-20,13:35:19,True
21,6410.77,2024-12-11,03:00:46,True
22,814.03,2024-04-30,07:41:03,False
23,2895.26,2024-07-13,22:00:49,False
24,224.58,2026-04-19,16:42:41,False
25,717.32,2025-01-13,23:54:04,False
26,5513.04,2025-07-15,01:46:12,True
27,2627.11,2025-03-26,17:30:41,False
28,2256.1,2025-05-28,03:28:31,False
29,1335.26,2025-07-31,06:51:02,False
30,3829.78,2024-05-14,07:39:33,False
31,1431.8,2025-10-23,14:38:58,False
32,908.56,2025-12-31,15:48:47,False
33,1516.97,2024-11-29,14:33:17,False
34,2058.34,2024-08-15,05:25:09,False
35,968.19,2024-06-28,08:41:05,False
36,17.65,2025-07-25,10:21:11,False
37,161.45,2025-07-24,22:18:55,False
38,3317.67,2025-06-13,22:01:19,False
39,774.72,2024-07-06,03:27:31,False
40,18111.18,2026-01-14,08:32:43,True
41,12460.83,2025-01-14,02:56:12,True
42,1909.91,2025-03-22,23:48:52,False
43,3027.0,2025-07-06,02:41:46,True
44,13735.99,2025-10-26,02:18:56,True
45,3111.27,2025-08-11,09:17:12,False
46,18286.02,2024-08-06,04:46:16,True
47,506.95,2025-09-17,04:08:31,True
48,1493.11,2024-06-05,10:20:41,False
49,3590.76,2024-05-11,22:34:44,False
50,4156.44,2025-01-24,08:06:10,False
51,179.46,2026-03-12,17:38:22,False
52,807.47,2024-08-10,15:28:31,False
53,4294.52,2024-10-02,14:06:43,False
54,3690.85,2025-05-30,18:50:40,False
55,3434.48,2024-11-29,09:07:54,False
56,603.97,2025-06-23,11:58:06,False
57,3524.61,2024-11-16,06:08:03,False
58,578.28,2024-11-23,12:39:21,False
59,907.37,2024-08-22,22:51:35,False
60,3943.94,2024-08-12,09:39:41,False
61,2054.41,2025-06-26,01:37:51,False
62,3018.92,2024-11-06,21:32:49,False
63,3185.18,2026-04-18,01:50:00,False
64,966.01,2025-02-27,22:41:02,False
65,8233.03,2024-06-09,03:07:19,True
66,288.49,2024-06-10,11:37:33,False
67,622.16,2025-10-30,15:09:11,False
68,3443.73,2025-01-12,10:00:59,False
69,3028.76,2025-01-30,16:15:59,False
70,4316.9,2024-09-14,06:16:11,False
71,2285.73,2026-03-12,08:52:29,False
72,2311.45,2025-05-16,05:43:21,False
73,3600.09,2025-07-08,08:55:20,True
74,1127.22,2025-11-13,17:03:56,False
75,3052.94,2025-09-01,03:54:21,False
76,1341.41,2025-06-28,18:19:56,False
77,744.6,2024-05-14,21:28:18,False
78,17546.0,2025-10-11,01:28:10,True
79,854.87,2024-08-06,07:30:52,False
80,3613.49,2024-06-20,13:18:20,False
81,2720.46,2025-04-18,21:09:48,False
82,2822.34,2026-02-07,23:20:34,False
83,2195.4,2024-10-03,00:53:23,False
84,1794.57,2024-05-17,00:38:40,False
85,1972.29,2025-02-19,18:23:26,False
86,7622.72,2025-02-19,04:42:33,True
87,4804.37,2025-05-03,07:33:16,True
88,211.63,2024-08-17,18:23:56,False
89,533.41,2024-09-07,10:29:28,False
90,2006.86,2025-09-06,22:35:22,False
91,3861.07,2025-03-05,18:02:28,True
92,3061.05,2026-03-30,15:49:58,False
93,1718.31,2024-08-29,01:44:11,False
94,15777.36,2024-12-04,00:55:49,True
95,1396.83,2024-07-02,00:23:39,True
96,300.28,2026-02-05,20:02:12,False
97,2926.58,2025-10-28,12:22:54,False
98,2456.98,2024-07-19,00:52:30,False
99,4935.6,2026-01-03,16:59:30,False
100,3269.62,2025-03-09,10:50:21,False
101,4148.92,2024-09-29,12:09:42,False
102,857.93,2024-06-04,19:38:07,False
103,2439.86,2024-07-12,11:31:35,False
104,4657.79,2025-11-22,08:41:29,True
105,3768.47,2025-06-24,13:20:54,False
106,183.02,2024-10-02,02:15:44,True
107,3904.83,2025-09-15,01:37:32,False
108,2571.54,2025-05-05,06:07:00,False
109,4622.69,2024-07-08,07:23:44,True
110,1786.25,2025-07-18,03:03:26,True
111,202.68,2024-06-16,18:17:55,False
112,3931.84,2024-08-23,21:32:22,False
113,3734.94,2024-08-01,10:06:20,False
114,4060.48,2024-08-29,00:28:33,True
115,3324.97,2026-04-29,06:09:42,False
116,1561.36,2025-02-22,15:35:00,False
117,2999.7,2026-04-12,16:29:51,False
118,1523.53,2025-07-04,23:05:21,False
119,3664.47,2024-10-24,12:00:16,False
120,3167.08,2026-03-29,07:32:53,False
121,1700.53,2025-11-15,17:09:31,False
122,3793.63,2025-12-04,23:17:39,False
123,908.63,2024-10-14,00:23:29,False
124,3554.74,2024-08-05,15:28:03,False
125,5780.32,2026-04-28,22:02:07,True
126,2215.25,2025-10-15,12:49:34,False
127,1990.94,2024-08-15,20:00:31,False
128,648.65,2025-03-24,02:38:08,False
129,4103.95,2025-04-22,05:21:49,False
130,3352.54,2024-06-25,11:54:58,False
131,405.74,2024-07-30,22:31:45,False
132,2010.29,2026-03-12,05:30:33,False
133,911.55,2024-08-28,03:40:56,True
134,1558.34,2024-06-10,05:56:22,False
135,1405.25,2024-06-15,19:48:15,False
136,3499.84,2026-03-10,23:30:38,False
137,4142.95,2024-10-11,02:25:25,True
138,4174.81,2024-06-12,13:23:48,False
139,852.79,2024-07-31,21:40:20,True
140,4838.26,2024-12-24,21:23:44,True
141,4544.66,2025-06-17,22:10:14,False
142,300.48,2025-05-17,08:12:11,False
143,1924.94,2024-09-07,05:52:14,False
144,19903.98,2026-01-26,01:56:22,True
145,12620.94,2025-05-14,03:07:40,True
146,18236.81,2025-01-10,00:48:52,True
147,1611.64,2024-06-13,07:40:23,False
148,847.22,2025-04-14,10:07:07,False
149,3289.9,2025-11-02,23:43:55,False
150,15188.14,2024-12-23,23:21:27,True
151,3952.59,2025-01-13,12:34:53,False
152,1358.64,2025-05-29,16:48:18,False
153,3018.99,2025-11-20,01:51:42,False
154,2024.84,2026-01-07,10:53:38,False
155,312.43,2024-07-28,12:35:43,False
156,359.96,2025-07-31,05:25:51,False
157,4580.96,2025-07-25,09:50:17,True
158,13376.66,2026-02-20,08:00:55,True
159,736.6,2025-05-14,20:20:14,False
160,15794.9,2024-09-01,16:19:46,True
161,2448.8,2026-04-04,12:45:17,False
162,3975.47,2024-09-15,06:30:41,False
163,1053.27,2025-04-03,06:44:07,False
164,3659.75,2025-01-14,13:03:48,False
165,7948.22,2026-04-06,10:09:35,True
166,1957.81,2025-09-18,22:33:10,False
167,936.73,2025-11-17,21:04:24,False
168,691.75,2024-10-30,03:52:01,False
169,18613.68,2024-09-19,04:59:36,True
170,419.54,2026-04-02,22:12:42,False
171,4419.01,2025-07-18,18:58:27,False
172,850.6,2025-10-15,20:20:21,False
173,1831.16,2024-12-29,13:11:50,False
174,921.73,2025-01-02,02:10:22,False
175,2719.15,2026-01-14,20:56:30,False
176,4611.24,2026-02-24,08:38:12,False
177,3037.92,2025-06-10,20:18:47,False
178,6125.97,2026-03-06,01:19:45,True
179,763.12,2026-04-23,10:34:57,False
180,3732.72,2025-12-17,03:12:27,False
181,2560.1,2024-12-06,06:24:41,False
182,4800.81,2024-11-16,16:38:25,True
183,1251.29,2024-11-25,11:43:12,False
184,807.95,2024-07-21,23:35:16,False
185,1732.26,2025-04-19,11:19:42,False
186,98.74,2024-06-23,00:04:49,False
187,2352.91,2024-05-14,17:39:05,False
188,1109.42,2025-09-12,20:20:09,False
189,3345.4,2024-12-03,20:22:50,False
190,3517.16,2024-06-14,08:31:50,False
191,928.35,2025-12-27,18:46:54,False
192,73.49,2025-03-05,02:10:56,False
193,17050.39,2025-04-07,01:12:54,True
194,16925.83,2026-04-06,16:31:36,True
195,1187.69,2025-11-28,04:58:43,False
196,4234.03,2024-10-22,08:01:33,False
197,3166.84,2025-04-08,08:25:50,False
198,2241.68,2024-05-18,08:56:53,False
199,1251.37,2026-03-20,16:45:42,False
200,629.49,2024-07-15,11:27:31,False
201,8768.41,2026-01-25,13:34:08,True
202,2822.46,2024-09-29,01:31:05,False
203,1038.07,2025-03-11,09:57:49,False
204,366.32,2024-06-17,22:09:01,False
205,4567.01,2024-09-30,17:41:55,True
206,4532.47,2024-08-16,09:42:09,False
207,4851.58,2024-05-03,07:56:57,False
208,3099.83,2024-05-19,22:23:38,True
209,3185.59,2024-10-05,18:53:21,False
210,2915.64,2026-03-09,07:26:35,False
211,1400.94,2026-03-07,12:57:25,False
212,3429.26,2025-08-15,17:08:33,False
213,2054.99,2024-06-05,23:02:53,False
214,3715.86,2024-10-26,13:33:10,False
215,1829.12,2026-03-19,19:19:36,False
216,3618.07,2025-08-09,10:26:00,False
217,1209.44,2025-11-05,12:57:23,False
218,3076.6,2025-07-15,03:46:05,False
219,4545.03,2025-06-27,13:46:04,False
220,3818.14,2025-04-17,23:30:10,False
221,4944.81,2024-12-28,13:46:56,False
222,2140.72,2026-04-10,11:21:04,False
223,2030.31,2026-01-06,05:20:07,True
224,2884.23,2025-11-27,18:57:44,False
225,2119.91,2024-05-05,04:14:14,False
226,3697.91,2024-06-10,10:56:36,False
227,334.05,2025-07-12,21:45:44,False
228,4292.66,2024-05-03,17:12:32,False
229,394.5,2026-03-09,10:11:36,False
230,1421.59,2026-04-11,20:36:10,False
231,4033.33,2025-09-18,05:44:50,False
232,704.32,2024-10-12,16:02:17,False
233,15040.08,2024-09-19,01:01:56,True
234,1719.45,2025-02-12,21:33:39,False
235,3880.64,2024-08-18,13:53:07,False
236,4211.19,2025-04-26,21:23:04,False
237,4316.16,2024-09-17,07:29:50,True
238,4788.24,2025-06-14,15:58:25,False
239,2371.19,2025-10-16,18:17:22,False
240,4774.94,2024-10-20,22:20:42,False
241,3349.37,2024-12-31,05:41:51,False
242,3044.53,2026-03-12,01:31:20,False
243,2653.08,2025-01-02,14:42:30,False
244,10480.03,2024-10-09,03:14:25,True
245,355.63,2025-04-13,10:44:14,False
246,9168.31,2026-03-05,09:24:03,True
247,2473.72,2025-12-28,11:59:19,False
248,943.07,2024-11-03,09:51:03,False
249,507.21,2026-03-26,10:12:42,False
250,4949.75,2025-11-22,10:20:55,True
251,3374.45,2025-08-30,01:25:51,False
252,3422.78,2025-08-04,22:29:19,False
253,681.67,2025-02-01,01:03:03,False
254,4030.84,2026-02-24,11:23:35,True
255,1122.93,2025-01-03,21:16:57,False
256,865.91,2025-02-12,15:04:31,False
257,3665.24,2026-01-09,07:39:32,False
258,5668.79,2025-05-08,12:15:11,True
259,2514.36,2025-04-16,06:45:04,False
260,1655.53,2024-12-10,09:53:46,False
261,3976.81,2026-04-25,03:00:11,True
262,1933.23,2025-05-22,23:03:47,False
263,8233.47,2024-11-10,03:22:47,True
264,1988.35,2025-11-02,02:45:51,True
265,2704.51,2025-07-21,19:02:01,False
266,2356.83,2025-10-11,17:42:03,False
267,1225.28,2025-11-13,14:57:50,False
268,1437.73,2025-10-25,19:19:14,False
269,4335.84,2025-09-05,16:24:58,False
270,914.85,2024-06-29,15:12:52,False
271,5813.4,2026-02-07,02:12:45,True
272,8216.62,2024-11-27,03:59:22,True
273,139.63,2025-08-26,02:46:27,True
274,3978.44,2025-04-18,13:10:40,False
275,4290.04,2024-12-10,02:35:29,True
276,3849.11,2024-10-12,21:33:13,False
277,19697.84,2025-07-03,01:04:23,True
278,4748.13,2025-06-14,21:09:13,True
279,3290.26,2025-01-03,09:07:12,False
280,3659.99,2024-11-14,05:11:20,False
281,3722.75,2025-02-07,08:22:29,False
282,4199.91,2025-03-19,22:54:11,False
283,1414.41,2025-08-24,00:50:12,False
284,3502.77,2024-09-21,09:28:40,False
285,3059.61,2025-06-12,20:11:17,False
286,863.93,2024-10-06,19:35:37,False
287,4597.31,2025-11-13,07:53:00,False
288,2607.25,2025-05-09,05:04:53,False
289,1621.82,2024-07-05,05:31:35,False
290,3899.27,2025-11-10,17:11:27,False
291,1804.98,2025-08-19,06:57:30,False
292,1206.78,2025-02-04,07:15:47,False
293,3431.7,2025-07-24,12:26:45,False
294,512.53,2026-01-05,10:02:48,False
295,3537.64,2025-03-06,20:10:27,False
296,170.16,2025-05-14,19:05:57,False
297,603.37,2025-08-07,10:02:51,False
298,18053.63,2025-08-12,15:29:37,True
299,2952.9,2025-04-22,16:34:55,False
300,257.38,2026-03-29,07:09:47,False
301,2098.36,2025-04-10,04:02:29,False
302,413.26,2024-10-27,10:41:24,False
303,872.6,2025-11-01,13:40:07,False
304,2463.63,2024-08-14,13:56:50,False
305,115.45,2024-12-06,12:17:56,False
306,3615.29,2024-08-26,13:22:23,False
307,3992.61,2024-10-15,03:16:10,False
308,2184.7,2025-01-26,23:37:17,False
309,4526.49,2025-06-01,01:31:47,False
310,3403.39,2025-07-02,02:45:23,True
311,2801.05,2025-04-15,05:07:57,False
312,918.69,2025-11-13,22:04:06,False
313,120.22,2024-07-11,06:49:51,False
314,2274.45,2025-08-13,15:38:44,False
315,2396.52,2025-11-05,04:12:05,False
316,2790.16,2025-01-21,19:58:28,False
317,4208.26,2025-12-02,08:39:21,False
318,3880.82,2025-07-10,23:09:46,False
319,831.73,2024-09-03,18:08:16,False
320,1725.62,2025-12-04,07:17:33,False
321,6827.65,2025-08-01,17:46:18,True
322,4073.34,2026-03-09,02:09:29,True
323,3198.29,2024-05-08,16:59:15,False
324,1024.96,2025-01-23,13:24:52,False
325,200.32,2024-05-07,19:25:29,False
326,2548.21,2025-10-27,03:51:03,False
327,2711.32,2026-02-02,05:52:05,False
328,3617.87,2026-03-26,05:54:40,False
329,8060.56,2025-06-18,08:19:05,True
330,13820.15,2024-11-06,21:30:56,True
331,11299.83,2024-07-01,17:52:53,True
332,897.83,2024-11-24,08:16:26,False
333,3910.23,2025-03-29,06:26:48,False
334,7693.78,2025-01-30,02:56:19,True
335,4785.35,2026-03-06,01:43:45,False
336,2975.82,2026-03-31,22:41:55,False
337,4775.07,2024-07-06,22:17:11,False
338,4047.5,2025-06-30,13:37:02,False
339,4207.86,2025-02-16,10:28:41,True
340,3070.13,2024-08-17,02:45:10,False
341,3000.45,2025-05-06,07:32:47,False
342,1299.8,2025-05-02,13:58:42,False
343,459.39,2026-02-22,10:02:01,False
344,2604.36,2026-03-04,04:18:42,True
345,718.03,2025-06-17,22:51:19,False
346,465.64,2026-03-15,06:58:10,False
347,1115.39,2025-09-22,07:05:43,False
348,2414.12,2026-02-13,12:46:49,False
349,2544.92,2024-12-12,10:18:30,False
350,4207.4,2025-03-20,04:47:20,False
351,1808.62,2026-02-16,08:41:50,False
352,1766.97,2024-12-22,07:24:13,False
353,4355.67,2026-01-13,02:47:03,False
354,2153.77,2024-10-04,15:21:25,False
355,1701.74,2024-06-23,02:29:29,True
356,2956.41,2024-12-05,03:59:08,False
357,877.87,2026-03-18,11:48:02,False
358,3255.3,2025-06-12,20:07:43,False
359,891.22,2025-06-04,19:31:45,False
360,1719.96,2025-03-11,17:06:33,False
361,3113.78,2025-01-23,19:47:09,False
362,743.75,2025-11-26,06:49:28,False
363,2947.92,2024-09-17,20:30:26,False
364,13942.97,2024-05-13,23:50:02,True
365,277.97,2025-08-30,10:12:51,False
366,15097.74,2025-04-23,01:27:02,True
367,262.65,2025-05-30,02:15:59,True
368,1259.72,2026-01-25,13:12:27,False
369,2745.79,2024-12-15,00:46:43,False
370,1752.12,2024-06-27,19:07:48,False
371,4377.91,2025-05-06,10:36:32,False
372,486.95,2025-04-25,08:44:13,False
373,3156.91,2025-10-02,10:38:00,False
374,1929.81,2025-09-14,16:22:29,False
375,28.72,2024-07-02,17:01:38,False
376,4270.99,2025-06-04,00:19:45,False
377,599.65,2025-11-12,07:46:18,False
378,1204.16,2024-10-20,03:20:50,False
379,1896.29,2025-12-24,08:43:08,False
380,2619.54,2025-02-05,16:21:07,False
381,3751.71,2025-07-26,12:48:14,False
382,4110.11,2025-04-07,11:55:00,False
383,4233.89,2024-07-13,04:34:22,True
384,4243.07,2024-08-20,14:39:42,False
385,1629.12,2025-01-06,15:55:22,True
386,3934.85,2025-06-21,17:24:41,False
387,16626.59,2025-11-28,02:52:19,True
388,3071.34,2024-05-01,09:15:59,False
389,323.72,2025-02-15,14:08:46,False
390,1421.35,2025-07-22,20:59:02,False
391,1050.23,2025-10-28,20:42:08,False
392,1549.12,2025-12-18,19:15:20,False
393,340.97,2025-08-01,12:11:29,False
394,2954.94,2025-08-28,05:34:48,False
395,2344.14,2026-03-19,15:14:06,False
396,1806.78,2025-02-12,16:35:35,False
397,2331.61,2025-07-19,04:43:14,False
398,3817.15,2025-02-07,10:00:09,False
399,3868.3,2025-12-23,08:24:59,False
400,2276.37,2025-12-17,16:13:51,True
401,1834.89,2025-02-12,17:34:58,False
402,1580.16,2025-06-24,09:28:23,False
403,1913.84,2024-05-27,10:40:08,False
404,1139.71,2026-04-28,17:44:15,False
405,527.22,2025-01-03,17:34:37,False
406,3253.95,2024-11-19,23:40:56,False
407,3585.49,2024-08-07,08:06:13,False
408,2556.51,2025-09-10,04:39:10,False
409,1289.09,2024-09-02,13:19:20,False
410,4960.79,2025-03-03,04:11:35,False
411,3716.41,2024-05-29,10:00:51,False
412,800.62,2025-10-31,13:56:32,False
413,221.09,2024-08-20,14:39:17,False
414,1412.61,2024-07-09,07:41:26,False
415,655.63,2024-07-06,20:48:22,False
416,2617.06,2024-11-28,00:55:45,True
417,901.06,2025-02-17,02:53:31,False
418,4423.59,2026-01-16,02:56:52,True
419,4647.91,2026-04-13,21:17:05,False
420,2848.61,2025-01-02,11:38:18,False
421,1607.55,2026-02-06,18:11:37,False
422,6118.07,2025-03-02,19:27:23,True
423,2710.36,2025-03-12,17:20:39,False
424,937.46,2025-12-01,12:45:15,False
425,3244.94,2024-11-30,20:13:43,False
426,2461.76,2025-11-23,19:05:56,False
427,413.12,2024-08-16,04:24:23,False
428,2302.72,2025-04-22,17:36:01,False
429,3424.96,2025-06-02,00:48:36,True
430,125.11,2024-10-06,13:36:16,False
431,4494.41,2024-08-11,14:52:02,True
432,3405.08,2024-08-18,06:30:28,False
433,2221.3,2025-12-05,10:21:46,False
434,12996.17,2025-05-31,02:59:25,True
435,4360.12,2024-07-18,10:01:41,False
436,12.14,2024-10-01,03:01:50,False
437,246.04,2024-10-30,05:10:57,False
438,4321.51,2025-08-28,10:32:32,False
439,4289.41,2025-12-23,02:31:44,True
440,1325.45,2025-11-09,12:47:23,False
441,681.76,2025-01-02,13:37:22,False
442,2905.24,2025-07-07,19:21:47,False
443,3446.29,2024-09-10,05:55:39,False
444,3930.64,2026-02-19,07:35:17,False
445,1147.47,2025-05-17,14:12:20,False
446,4696.06,2025-10-25,09:35:15,False
447,2397.25,2026-04-28,15:58:29,False
448,585.55,2025-08-21,23:01:14,False
449,81.17,2025-02-13,05:08:49,False
450,4342.81,2024-10-03,10:39:29,False
451,4961.32,2024-07-02,05:02:07,False
452,3190.02,2025-03-18,18:07:16,False
453,2796.75,2025-08-30,18:49:10,False
454,4804.48,2025-12-02,10:25:43,False
455,10105.74,2024-11-29,01:45:44,True
456,8128.99,2024-06-16,16:57:51,True
457,1627.42,2025-03-16,15:18:48,True
458,15402.32,2024-06-03,09:28:54,True
459,2348.33,2024-07-20,10:40:08,False
460,3514.15,2025-05-16,18:56:25,False
461,3958.77,2024-10-28,08:47:50,False
462,820.71,2026-04-26,01:33:32,False
463,2904.64,2025-11-24,17:51:00,False
464,13976.18,2025-10-02,03:03:17,True
465,4972.17,2025-10-10,00:38:03,False
466,10208.43,2024-07-15,12:23:01,True
467,1673.74,2025-04-19,02:19:37,False
468,2836.4,2025-03-06,16:33:17,False
469,3833.32,2024-04-30,17:43:59,False
470,2033.23,2025-04-18,05:02:20,False
471,2889.3,2025-02-02,12:31:55,False
472,2558.07,2025-01-09,00:04:07,False
473,4218.39,2026-02-21,20:37:55,False
474,2295.13,2025-05-28,11:53:08,False
475,9803.61,2025-06-26,00:46:37,True
476,463.73,2025-05-15,10:21:34,False
477,968.95,2025-09-27,22:22:39,False
478,3690.41,2024-10-31,18:58:25,False
479,1018.45,2025-03-05,07:15:11,False
480,1955.56,2024-06-23,15:27:55,False
481,4815.31,2026-02-18,11:29:49,True
482,3006.15,2025-07-18,15:58:06,False
483,4480.74,2025-02-27,09:29:46,False
484,3848.79,2025-08-31,00:22:02,False
485,610.52,2024-08-01,16:11:35,False
486,330.38,2024-08-08,09:02:36,False
487,1076.0,2024-11-15,23:16:30,False
488,1122.33,2026-02-11,02:53:39,False
489,2344.47,2024-10-24,21:48:38,False
490,5197.8,2025-05-15,11:33:10,True
491,2058.88,2025-06-02,08:19:52,False
492,4328.39,2025-05-26,04:22:40,True
493,679.8,2025-03-16,05:46:08,False
494,1554.57,2024-05-12,11:58:41,False
495,2730.82,2026-01-24,17:16:03,False
496,9674.45,2026-01-07,17:02:49,True
497,1756.02,2026-03-02,20:29:06,False
498,3636.98,2025-06-02,23:43:12,False
499,2327.59,2025-08-13,15:23:03,False
500,2832.54,2025-02-15,14:31:37,False
501,1704.47,2025-09-22,02:57:34,False
502,2493.44,2026-02-05,19:12:45,False
503,7588.47,2024-06-26,10:04:35,True
504,1862.11,2026-01-10,15:10:26,False
505,3216.64,2025-10-23,10:14:46,False
506,3937.52,2025-06-14,07:04:56,False
507,3882.95,2025-05-06,20:08:41,False
508,3643.92,2025-06-07,22:23:43,False
509,3461.94,2024-06-22,09:10:01,False
510,3592.66,2024-07-12,22:24:31,False
511,4667.99,2025-12-20,14:40:16,False
512,1963.93,2026-02-07,08:13:59,False
513,17377.39,2024-09-17,15:56:59,True
514,1978.34,2025-12-17,08:39:33,False
515,4625.96,2025-07-17,15:07:59,False
516,2747.89,2025-08-01,15:11:45,False
517,1208.41,2026-04-01,09:19:10,False
518,13405.59,2024-08-20,03:22:40,True
519,4227.72,2025-10-04,18:19:18,True
520,3484.3,2025-11-27,19:08:28,False
521,672.41,2024-05-20,15:28:09,False
522,4295.48,2024-11-12,10:50:49,True
523,3763.4,2025-02-06,06:11:37,False
524,2665.51,2025-12-29,20:27:23,False
525,1596.01,2024-12-02,03:12:59,False
526,176.86,2025-03-23,19:34:27,False
527,2110.56,2025-01-04,12:27:28,False
528,748.83,2024-09-28,16:43:17,False
529,9478.24,2025-12-09,03:48:00,True
530,2035.72,2025-06-15,12:24:54,False
531,583.76,2024-10-13,09:05:25,False
532,926.6,2025-08-11,14:40:59,False
533,16563.95,2025-07-16,08:16:23,True
534,4535.45,2024-07-04,18:46:18,True
535,3476.32,2025-12-15,22:05:54,False
536,60.39,2025-04-25,04:00:09,False
537,986.06,2024-05-13,23:12:46,False
538,11446.62,2025-05-07,02:33:38,True
539,13997.33,2025-02-27,13:48:09,True
540,8865.88,2024-09-01,03:18:44,True
541,2761.57,2024-06-06,06:33:28,False
542,1517.07,2024-12-23,18:50:06,False
543,1836.74,2025-04-30,15:48:47,False
544,4344.52,2024-08-20,04:37:25,False
545,1301.03,2025-12-22,21:07:58,False
546,1594.31,2025-10-30,08:12:28,False
547,2376.59,2026-03-27,03:46:37,False
548,1462.6,2025-09-23,19:05:07,False
549,431.97,2025-04-17,15:34:21,False
550,428.61,2025-09-18,16:56:31,False
551,2673.61,2024-10-13,03:22:46,False
552,4142.35,2025-09-04,03:19:50,True
553,1533.73,2025-01-19,19:39:57,False
554,591.44,2025-05-17,09:50:40,False
555,1805.12,2026-01-02,07:14:45,False
556,1202.55,2025-10-15,10:23:31,False
557,2114.39,2026-04-20,08:54:03,False
558,211.99,2024-12-28,03:24:30,False
559,2239.2,2024-12-04,12:08:33,False
560,1352.0,2025-11-08,07:49:07,False
561,37.2,2024-09-13,12:57:03,False
562,2720.1,2026-03-07,17:09:45,False
563,3197.99,2025-12-27,02:00:19,True
564,964.76,2026-04-01,15:02:44,False
565,2107.13,2026-03-01,18:54:28,False
566,4116.09,2024-05-12,18:50:49,False
567,3312.77,2025-01-20,04:50:22,True
568,1016.95,2024-09-24,01:31:25,False
569,185.43,2025-06-01,00:19:43,False
570,4479.97,2025-04-29,01:32:31,False
571,732.61,2026-01-16,00:41:05,False
572,3272.49,2024-06-23,10:03:18,False
573,10074.1,2025-08-30,04:29:41,True
574,1554.69,2026-01-08,20:52:20,False
575,194.89,2026-03-23,18:57:36,False
576,2766.99,2025-06-27,14:11:36,False
577,2205.45,2026-04-12,14:59:42,False
578,1592.6,2024-08-08,04:37:03,False
579,4414.22,2025-11-06,17:49:02,False
580,500.71,2026-02-19,18:35:08,False
581,2872.19,2026-02-20,11:35:01,False
582,1980.97,2026-03-17,23:22:04,False
583,1943.98,2024-05-30,16:50:35,False
584,3288.07,2025-02-09,07:57:55,False
585,12842.61,2025-07-19,04:33:36,True
586,3181.68,2024-08-22,21:20:36,False
587,352.01,2025-06-24,13:23:58,False
588,3480.53,2026-04-08,18:29:51,False
589,11285.52,2024-05-09,03:48:05,True
590,17992.64,2025-02-16,17:03:57,True
591,1340.59,2026-01-25,12:24:41,False
592,14199.09,2026-02-03,10:07:13,True
593,3887.27,2026-01-03,23:36:55,False
594,2735.1,2026-04-10,21:47:46,False
595,1196.19,2025-08-23,04:46:14,False
596,2405.41,2025-11-17,23:39:11,False
597,1503.04,2024-10-03,16:26:20,False
598,2792.35,2025-09-11,09:26:23,False
599,325.61,2024-08-21,17:31:02,False
600,2216.82,2025-09-17,05:19:16,False
601,4828.32,2025-02-19,20:56:50,True
602,2883.78,2025-08-22,17:13:34,False
603,17902.92,2025-02-02,11:42:19,True
604,4433.7,2025-07-21,13:27:34,False
605,1468.8,2025-01-07,07:52:16,False
606,3134.86,2026-01-01,19:07:53,False
607,4164.65,2025-04-11,06:50:45,True
608,345.18,2024-09-12,19:04:47,False
609,362.17,2024-08-13,13:48:06,False
610,4373.56,2025-11-23,22:35:40,False
611,1773.38,2025-11-29,18:23:53,False
612,3996.46,2025-08-25,16:59:52,False
613,667.32,2026-03-04,00:31:14,False
614,182.52,2024-10-10,04:33:24,False
615,18379.71,2025-09-18,22:21:02,True
616,14059.05,2025-07-06,19:35:13,True
617,2617.54,2024-09-20,14:45:45,False
618,4778.39,2025-10-04,12:46:59,True
619,1964.65,2025-01-05,13:55:39,False
620,2143.15,2025-12-17,01:05:39,False
621,3966.33,2025-05-01,12:39:54,False
622,4703.04,2025-05-23,16:12:55,False
623,1400.88,2025-09-21,15:35:15,False
624,3643.61,2025-11-06,19:34:04,False
625,4438.83,2024-09-01,04:29:48,False
626,2939.46,2025-05-17,14:45:24,False
627,2159.21,2025-10-05,09:41:01,False
628,4295.89,2024-10-08,20:55:26,True
629,3798.7,2025-02-17,10:04:23,False
630,1058.59,2025-09-18,21:17:43,False
631,42.49,2024-09-07,06:32:43,False
632,3782.99,2024-06-26,18:53:01,False
633,10199.25,2024-07-15,16:21:19,True
634,4805.87,2025-04-14,23:29:25,True
635,882.48,2026-04-16,09:03:04,False
636,3837.0,2024-10-05,03:30:55,False
637,1781.87,2024-09-29,04:16:39,False
638,619.54,2024-07-24,18:28:29,False
639,3157.28,2025-08-24,08:49:54,False
640,2372.47,2024-09-23,10:52:41,False
641,2124.16,2025-02-08,16:04:48,False
642,2705.98,2024-09-13,01:29:35,False
643,2142.35,2025-01-15,02:03:17,True
644,271.96,2024-11-05,17:24:34,False
645,3862.75,2024-11-27,00:59:49,False
646,2107.1,2024-07-04,00:37:10,True
647,3598.06,2025-02-23,21:39:36,False
648,3015.87,2026-03-07,13:12:35,False
649,344.83,2025-07-26,18:37:05,False
650,14411.38,2024-05-03,09:12:04,True
651,3198.28,2025-10-06,21:40:35,False
652,1001.45,2025-02-20,17:08:01,False
653,2811.86,2024-06-01,17:38:06,False
654,1239.0,2025-08-20,03:49:17,False
655,967.71,2025-06-02,19:50:35,False
656,4129.65,2025-04-25,15:15:42,False
657,999.77,2026-01-25,19:43:50,False
658,2102.65,2024-12-06,05:20:03,False
659,2023.91,2025-05-20,12:25:19,False
660,3756.87,2025-01-11,03:51:42,False
661,999.14,2024-12-31,06:36:49,False
662,864.52,2024-09-11,22:36:50,False
663,2578.95,2024-07-17,12:22:34,False
664,1316.12,2024-09-30,02:15:31,False
665,11968.77,2024-07-08,02:24:48,True
666,3192.94,2025-03-29,09:56:31,True
667,2108.45,2025-08-22,21:19:05,False
668,788.0,2025-12-21,21:09:20,False
669,2339.73,2024-05-08,21:54:22,False
670,1093.05,2025-12-21,12:38:00,False
671,2796.76,2025-10-29,23:05:26,False
672,3797.04,2025-03-25,12:16:13,False
673,881.41,2025-08-09,19:41:01,False
674,2592.14,2026-02-07,18:44:19,False
675,18062.38,2025-09-14,23:11:13,True
676,16175.34,2024-05-07,09:11:08,True
677,4563.27,2024-09-16,01:39:26,False
678,3386.75,2024-05-13,17:30:50,False
679,3068.51,2025-04-17,05:25:06,False
680,3851.54,2025-02-05,14:11:16,False
681,4063.23,2024-12-19,09:57:14,True
682,1136.66,2024-12-26,11:08:13,False
683,2764.84,2025-09-25,13:52:42,False
684,1262.72,2024-09-07,15:15:53,False
685,4535.88,2025-10-31,13:06:14,False
686,3138.82,2025-02-09,09:21:18,False
687,754.03,2024-11-09,07:50:01,False
688,2372.41,2026-04-27,18:18:21,False
689,1886.97,2024-07-18,13:14:40,False
690,913.41,2024-05-16,19:16:33,False
691,3780.83,2025-05-04,19:49:20,False
692,17767.31,2024-12-11,02:21:01,True
693,1996.69,2024-06-15,18:31:21,False
694,3856.04,2024-10-06,10:19:54,False
695,4508.28,2025-09-26,12:00:32,False
696,3992.32,2024-08-01,21:29:39,False
697,1041.39,2024-06-05,03:06:21,True
698,4763.32,2025-02-21,19:09:28,False
699,3962.15,2025-09-19,07:00:37,False
700,4169.21,2025-05-08,14:01:50,False
701,1361.25,2026-01-18,08:41:44,False
702,3109.69,2026-03-20,07:42:02,False
703,1008.12,2024-05-01,12:50:50,False
704,3380.4,2026-02-08,11:53:25,False
705,3625.61,2024-10-22,04:25:34,False
706,2547.35,2024-10-13,11:19:02,False
707,14370.29,2025-03-16,20:25:21,True
708,1712.7,2025-04-24,09:44:44,False
709,4166.89,2025-07-03,22:38:59,True
710,3188.87,2025-03-29,00:02:21,True
711,3795.91,2025-05-27,11:31:16,False
712,1653.23,2026-03-04,14:16:43,False
713,324.05,2025-03-18,18:17:43,False
714,535.11,2024-11-12,21:56:22,False
715,8333.93,2026-01-13,07:11:54,True
716,273.06,2024-06-20,13:12:07,False
717,136.26,2024-12-06,17:05:34,False
718,2701.27,2025-06-08,00:19:21,False
719,3906.18,2024-10-08,23:56:05,False
720,881.06,2026-04-20,00:47:09,False
721,371.56,2024-06-16,01:37:15,False
722,4790.37,2024-06-29,20:22:52,True
723,82.65,2025-06-14,04:26:05,False
724,2168.11,2025-09-08,14:37:09,False
725,1809.35,2025-05-09,15:27:27,False
726,4756.95,2025-07-29,04:22:57,False
727,1463.07,2024-07-07,06:02:57,False
728,108.94,2026-01-29,02:17:53,False
729,165.59,2026-04-17,15:06:52,False
730,884.37,2025-08-13,02:01:27,True
731,4125.6,2024-09-18,23:29:05,False
732,1645.14,2026-01-11,19:13:41,False
733,1340.79,2025-09-09,11:06:55,False
734,1268.97,2024-10-17,22:55:51,False
735,129.84,2024-10-04,07:01:10,False
736,4781.56,2024-06-10,06:59:26,False
737,3265.17,2025-08-26,10:29:31,False
738,455.37,2024-05-02,21:13:17,False
739,3212.06,2024-06-05,15:20:56,False
740,5843.96,2024-05-10,20:58:13,True
741,2855.95,2025-12-09,10:36:40,False
742,167.11,2026-03-01,04:48:31,False
743,2771.85,2025-10-18,12:18:58,False
744,29.48,2025-09-18,22:27:05,False
745,1474.91,2024-10-16,21:10:17,False
746,4233.11,2024-06-29,11:40:41,True
747,2445.67,2025-09-23,07:26:11,False
748,2870.55,2025-06-22,23:16:18,False
749,2101.71,2026-02-04,07:26:18,False
750,1180.15,2025-11-29,03:01:41,False
751,586.13,2025-05-03,08:14:58,False
752,3353.96,2024-07-15,09:53:14,False
753,459.49,2025-03-05,01:15:33,False
754,3668.34,2024-10-22,13:05:51,False
755,2048.88,2024-06-23,02:10:15,False
756,2460.08,2025-02-05,20:46:53,False
757,2919.31,2024-12-24,21:39:12,False
758,897.24,2024-05-31,06:07:29,False
759,3305.26,2026-04-12,23:50:27,False
760,3927.43,2025-04-16,15:20:04,False
761,3801.22,2025-01-25,22:19:36,False
762,3627.51,2025-11-05,07:12:49,False
763,1303.9,2024-07-28,21:40:51,False
764,1801.29,2026-01-26,22:37:44,False
765,3534.47,2025-07-25,18:34:18,False
766,512.98,2025-04-30,19:54:42,False
767,1868.27,2025-03-06,01:14:48,False
768,3895.53,2025-03-09,20:11:08,False
769,2722.08,2024-11-17,06:02:22,False
770,230.53,2025-02-22,15:47:32,False
771,2351.8,2024-06-29,23:31:57,False
772,3858.71,2025-08-29,20:29:46,False
773,1376.17,2026-02-05,07:09:04,False
774,996.91,2025-03-24,01:37:38,False
775,2171.86,2024-09-20,15:23:43,False
776,1835.05,2025-01-04,20:56:56,False
777,297.76,2026-03-20,07:20:57,False
778,4976.09,2025-03-24,02:06:52,True
779,2263.94,2025-02-28,18:03:14,False
780,2960.43,2026-02-18,09:13:13,False
781,3485.98,2024-12-29,05:44:32,False
782,808.89,2024-11-04,04:38:20,False
783,140.44,2025-11-20,20:45:48,False
784,2274.1,2025-07-13,02:06:36,False
785,1211.05,2025-09-22,17:10:19,False
786,2614.31,2025-06-17,02:50:21,False
787,3896.14,2024-06-07,10:43:44,False
788,4291.92,2025-12-27,10:45:00,False
789,1962.08,2025-08-19,15:23:13,False
790,7111.69,2025-01-07,01:47:56,True
791,1065.79,2025-06-29,08:20:03,False
792,1059.39,2024-08-30,01:26:48,True
793,1822.86,2025-06-27,13:32:52,False
794,212.75,2024-11-12,12:39:24,False
795,1436.83,2025-12-22,06:20:43,False
796,1125.71,2025-01-19,05:09:58,False
797,371.93,2025-07-21,20:30:53,False
798,3512.78,2026-02-24,11:11:52,False
799,1233.82,2025-05-18,07:30:37,False
800,1483.42,2025-06-01,15:35:28,False
801,1136.73,2024-12-24,22:44:38,False
802,2982.57,2025-05-13,03:43:33,False
803,1578.58,2025-02-16,15:31:00,False
804,237.76,2024-05-19,02:23:01,False
805,2542.1,2024-05-05,03:55:53,False
806,2809.24,2025-12-27,09:51:04,False
807,2339.47,2024-06-11,17:43:49,False
808,3398.61,2025-11-04,10:41:47,False
809,1738.79,2024-09-16,06:23:46,False
810,2083.23,2024-06-09,07:21:18,False
811,4582.44,2026-04-02,13:16:19,False
812,178.19,2024-10-23,04:54:52,True
813,3192.47,2025-01-05,03:56:12,False
814,4879.23,2024-06-17,06:09:11,False
815,1815.2,2025-05-09,19:34:48,False
816,1676.33,2024-11-13,16:56:57,False
817,508.87,2024-07-08,01:44:36,False
818,1044.16,2025-08-09,09:37:55,False
819,3365.33,2024-10-27,00:01:34,False
820,3850.96,2025-10-08,05:35:50,False
821,1286.21,2024-07-28,10:56:29,False
822,801.63,2025-09-12,19:22:28,False
823,3485.69,2024-07-02,23:11:12,False
824,3976.79,2026-04-06,17:49:28,False
825,1684.73,2024-11-09,11:42:33,False
826,3076.74,2024-07-19,01:36:55,False
827,1160.0,2024-05-02,00:25:14,False
828,3065.44,2024-10-05,01:16:21,False
829,1225.86,2025-08-01,06:26:04,False
830,1407.25,2025-08-13,09:05:59,False
831,3130.02,2025-03-22,11:50:30,False
832,4528.13,2025-08-24,09:38:56,False
833,4585.95,2024-08-16,16:46:04,False
834,4043.83,2024-08-21,02:46:24,True
835,1756.88,2024-05-23,13:03:03,False
836,1248.6,2025-05-25,04:39:55,False
837,3607.66,2024-11-08,07:17:50,False
838,1435.01,2025-09-14,23:43:23,False
839,2966.64,2024-12-16,13:32:47,False
840,1785.86,2026-04-25,23:49:11,False
841,8211.21,2026-02-13,01:52:09,True
842,1249.92,2024-10-08,21:10:04,False
843,3002.76,2024-07-31,19:33:10,False
844,1140.63,2025-10-23,02:57:25,False
845,1841.35,2025-02-18,15:54:36,False
846,4780.96,2024-08-18,13:49:53,True
847,532.04,2024-08-23,22:36:28,False
848,11026.3,2025-04-22,18:18:58,True
849,522.43,2025-03-14,09:58:54,False
850,217.25,2025-08-23,03:16:25,True
851,1195.98,2025-07-30,20:42:42,False
852,4141.77,2025-10-27,22:11:26,True
853,2517.66,2024-08-30,16:21:58,False
854,2705.54,2024-07-20,03:12:48,False
855,4080.23,2025-03-03,21:22:46,False
856,703.66,2025-10-29,11:28:34,False
857,4519.75,2025-07-25,06:15:25,True
858,3640.72,2026-03-13,01:30:32,False
859,2010.77,2026-03-13,02:42:49,False
860,3253.27,2025-01-06,02:08:37,False
861,85.61,2024-12-25,17:30:24,False
862,2414.53,2026-01-25,16:00:37,False
863,3828.52,2024-08-20,20:01:18,False
864,3652.72,2024-09-17,12:26:27,False
865,3221.94,2024-11-27,12:19:21,False
866,922.24,2024-12-06,23:31:46,False
867,4979.34,2025-08-16,02:06:13,False
868,6498.35,2025-04-20,23:51:28,True
869,2684.04,2024-05-16,16:18:31,False
870,2503.62,2024-07-29,16:22:37,False
871,1448.27,2026-03-12,19:39:08,False
872,68.55,2025-04-27,07:02:42,False
873,4690.7,2025-01-07,11:10:13,True
874,985.2,2026-04-26,07:44:05,False
875,2079.07,2024-05-19,00:34:43,False
876,3087.79,2026-01-12,13:04:44,False
877,214.18,2025-05-20,07:12:07,False
878,2391.05,2025-04-11,15:02:56,False
879,381.38,2024-06-11,21:43:34,False
880,1390.29,2025-05-26,18:42:08,False
881,460.4,2024-06-24,00:38:09,False
882,4929.12,2024-07-08,14:16:05,False
883,2226.34,2026-03-13,19:42:35,False
884,3707.16,2025-04-08,18:04:38,False
885,3070.48,2025-10-24,14:51:54,False
886,4111.11,2025-06-23,02:38:37,True
887,2774.8,2025-08-30,06:13:35,False
888,11887.8,2025-07-08,05:46:24,True
889,129.15,2025-10-16,08:34:01,False
890,980.58,2024-06-20,05:54:07,False
891,3310.37,2024-12-26,19:22:07,False
892,740.04,2025-06-07,09:01:54,False
893,1819.13,2025-12-12,20:41:21,False
894,1926.82,2026-01-16,09:25:31,False
895,1669.04,2025-01-25,09:31:25,False
896,4424.42,2024-09-05,07:10:12,True
897,1296.83,2025-05-03,15:48:27,False
898,2309.93,2025-06-10,20:46:18,False
899,3863.53,2025-02-19,00:39:59,False
900,3557.75,2024-06-26,21:28:52,False
901,2270.9,2025-02-16,09:19:46,False
902,3395.43,2025-12-26,08:35:03,False
903,674.25,2025-09-10,21:10:39,False
904,789.71,2025-08-03,02:23:44,False
905,2913.23,2025-10-09,03:50:16,False
906,4614.38,2025-11-11,23:23:22,False
907,1248.2,2026-02-22,14:12:06,False
908,84.37,2024-11-29,09:43:45,False
909,3289.82,2026-01-05,02:30:42,False
910,4967.39,2024-07-15,08:09:23,False
911,3118.35,2025-11-15,14:55:29,False
912,1276.66,2024-08-28,04:52:46,False
913,3939.64,2025-06-26,10:51:18,False
914,371.02,2025-07-12,20:06:46,False
915,1839.97,2025-12-14,14:08:58,False
916,1223.18,2024-09-08,04:01:26,False
917,594.46,2024-09-03,15:29:00,False
918,3490.12,2024-06-15,03:31:22,False
919,1776.48,2024-10-19,04:30:21,False
920,3083.31,2026-04-02,10:13:20,False
921,302.66,2024-11-02,23:35:39,False
922,366.82,2025-09-30,17:23:40,False
923,1031.68,2024-09-01,05:40:27,False
924,4755.85,2025-11-23,08:35:46,False
925,4749.33,2024-12-08,21:08:45,False
926,2564.79,2026-02-07,22:49:44,False
927,1786.59,2025-09-10,22:19:34,False
928,2322.31,2024-06-05,23:38:54,False
929,4849.69,2024-11-30,07:36:43,True
930,1930.08,2025-04-15,06:30:23,False
931,3682.51,2024-09-14,05:55:01,False
932,3857.23,2025-10-21,20:50:27,False
933,1535.73,2025-04-03,06:39:06,False
934,3812.04,2025-10-04,20:42:41,False
935,2184.07,2024-10-09,18:20:32,False
936,19310.56,2026-02-19,00:13:16,True
937,2219.84,2025-03-07,00:27:38,False
938,1238.92,2024-12-01,14:25:01,False
939,529.5,2025-08-25,02:48:40,False
940,3673.38,2025-01-14,11:21:16,False
941,1557.78,2026-01-04,09:15:04,False
942,1469.66,2024-04-29,04:03:28,False
943,462.48,2024-07-21,21:34:57,False
944,3499.67,2025-05-12,05:27:29,False
945,210.46,2025-05-12,13:35:16,False
946,2068.39,2026-01-12,10:26:48,False
947,4916.78,2024-07-07,15:18:50,True
948,1073.75,2026-02-14,05:16:39,False
949,3077.17,2026-03-31,07:02:37,False
950,4049.79,2024-09-23,15:19:23,False
951,2986.79,2025-02-14,06:38:59,False
952,4089.57,2024-08-29,05:38:24,False
953,3116.54,2024-09-09,12:48:31,False
954,2524.05,2024-12-18,09:05:17,False
955,2492.61,2025-05-14,19:41:59,False
956,750.45,2025-07-25,15:32:39,False
957,4869.67,2026-04-27,22:47:29,False
958,3703.85,2026-02-07,08:52:57,False
959,2130.82,2025-11-11,14:46:04,False
960,2739.36,2025-06-02,13:07:37,False
961,2582.79,2024-06-22,13:23:38,False
962,3284.69,2026-03-15,04:15:31,False
963,15239.59,2024-09-01,03:55:01,True
964,2928.67,2025-03-20,14:23:42,False
965,521.07,2025-07-27,14:01:15,False
966,3421.65,2024-06-01,02:18:35,False
967,1460.8,2026-01-01,04:34:44,False
968,1397.59,2024-10-16,11:44:44,False
969,6057.32,2024-06-15,06:55:12,True
970,2006.07,2025-01-21,10:49:59,False
971,906.35,2025-10-25,22:09:28,False
972,2953.31,2024-05-01,23:32:57,False
973,206.92,2024-09-21,01:40:31,False
974,1634.1,2026-02-09,14:27:59,False
975,1616.54,2024-12-20,09:05:39,False
976,3931.24,2025-03-15,04:19:29,False
977,1755.62,2026-01-02,01:47:59,True
978,725.31,2025-06-09,01:41:54,False
979,2587.53,2025-09-27,20:45:17,False
980,3754.11,2024-09-23,21:40:10,True
981,4700.3,2025-07-27,01:56:59,False
982,3771.01,2026-04-19,08:42:05,False
983,1210.41,2026-01-24,14:14:15,False
984,2939.75,2025-12-29,07:00:41,False
985,14433.49,2025-05-03,01:19:32,True
986,4573.08,2025-09-25,18:18:20,False
987,159.01,2025-04-02,20:31:48,False
988,1713.57,2024-09-25,09:27:28,False
989,435.56,2026-01-09,17:59:06,False
990,3742.01,2024-10-14,20:51:52,False
991,897.04,2025-11-26,11:34:00,False
992,582.63,2025-04-02,02:00:51,False
993,3179.22,2025-04-03,03:08:12,False
994,1382.05,2024-09-05,02:12:55,False
995,684.46,2025-10-10,03:46:38,True
996,1180.23,2024-10-03,09:04:40,False
997,1908.36,2025-04-12,03:36:40,True
998,571.28,2024-05-29,19:01:11,False
999,12876.26,2025-03-02,23:34:36,True
1000,2970.37,2025-05-16,23:27:46,False
1001,1841.71,2025-11-04,09:56:41,False
1002,829.61,2025-06-27,00:37:02,True
1003,15615.75,2024-11-29,02:52:27,True
1004,277.36,2025-02-05,16:23:29,False
1005,16473.94,2025-12-31,03:42:45,True
1006,795.98,2025-07-30,04:16:34,False
1007,3253.0,2025-01-16,09:41:51,False
1008,1123.6,2025-12-07,12:57:16,False
1009,10287.02,2024-06-21,05:02:00,True
1010,1089.84,2025-09-23,15:20:18,False
1011,15387.2,2025-05-03,00:03:32,True
1012,271.61,2025-04-30,13:33:07,False
1013,1202.93,2026-01-01,09:33:54,True
1014,127.39,2025-02-15,20:14:11,False
1015,34.58,2025-12-13,09:12:32,False
1016,1482.05,2025-12-20,12:28:29,False
1017,4628.24,2024-11-20,18:02:26,False
1018,814.71,2024-11-03,17:43:29,False
1019,1277.3,2024-09-26,09:44:02,False
1020,4276.82,2024-05-07,08:35:44,False
1021,11062.62,2026-04-02,06:39:24,True
1022,3013.04,2024-06-23,21:52:38,False
1023,423.49,2024-05-21,17:30:49,False
1024,3692.85,2025-09-20,07:03:27,False
1025,865.18,2025-09-24,14:47:08,False
1026,777.43,2025-05-17,19:57:01,False
1027,2680.0,2025-10-31,04:42:09,True
1028,3031.05,2025-08-04,07:44:19,False
1029,3576.16,2025-03-13,18:39:46,False
1030,450.94,2025-04-20,14:26:21,False
1031,1671.75,2026-03-18,04:26:31,True
1032,4885.04,2026-03-28,05:55:58,False
1033,1838.05,2024-10-21,15:54:35,False
1034,199.51,2025-01-17,18:14:52,False
1035,3047.52,2025-06-16,13:18:15,False
1036,20.93,2025-03-23,02:25:21,False
1037,1394.68,2024-09-09,02:20:00,False
1038,883.7,2025-11-25,08:27:50,False
1039,2340.03,2024-05-06,05:03:55,False
1040,1673.79,2026-03-06,21:46:38,False
1041,366.74,2025-01-29,09:59:47,False
1042,1964.15,2025-08-06,20:35:22,False
1043,1239.25,2025-10-17,22:36:55,False
1044,1434.47,2025-10-24,07:38:46,False
1045,3166.94,2024-06-20,01:52:19,False
1046,3243.99,2025-02-17,00:16:59,False
1047,2482.47,2024-12-24,00:50:06,True
1048,1346.04,2024-09-11,15:00:36,False
1049,15929.64,2025-01-14,02:58:06,True
1050,3212.93,2025-07-12,12:40:10,False
1051,3720.78,2024-09-01,16:17:31,False
1052,15326.84,2025-11-13,04:54:20,True
1053,1930.06,2025-12-20,01:58:54,False
1054,2954.83,2026-03-21,23:53:07,False
1055,2209.66,2025-06-14,09:16:29,True
1056,4577.48,2024-09-17,01:37:01,False
1057,3842.03,2025-08-02,10:07:49,False
1058,3153.84,2024-05-23,02:22:56,False
1059,254.58,2025-07-12,00:58:14,False
1060,4485.64,2024-06-23,03:30:08,False
1061,3330.83,2024-09-19,01:51:37,False
1062,3213.29,2025-02-28,14:58:56,False
1063,3184.72,2024-06-16,01:09:04,False
1064,9430.81,2026-02-18,19:27:15,True
1065,3863.19,2026-01-12,18:33:19,False
1066,184.89,2025-04-26,15:23:02,False
1067,898.51,2024-10-22,04:00:46,False
1068,1504.52,2024-11-05,11:32:16,False
1069,3217.94,2024-08-11,08:18:25,False
1070,3742.43,2025-06-18,05:13:04,False
1071,4149.47,2025-09-04,02:59:07,False
1072,286.51,2025-03-30,18:13:50,False
1073,1679.29,2024-07-12,02:18:07,False
1074,765.04,2024-06-07,00:03:20,False
1075,2381.32,2025-11-14,01:39:08,False
1076,1246.18,2026-04-03,06:06:15,False
1077,91.33,2024-08-29,02:41:08,False
1078,6580.44,2024-12-16,07:12:27,True
1079,2561.27,2025-11-04,16:11:13,False
1080,2569.56,2024-10-16,00:55:00,False
1081,4664.87,2025-06-10,10:49:17,False
1082,1478.23,2025-07-07,16:56:32,False
1083,4241.75,2025-08-08,07:41:56,False
1084,584.15,2025-09-25,15:07:23,False
1085,3984.53,2025-02-07,13:03:44,False
1086,127.41,2026-02-17,06:29:00,False
1087,2766.79,2024-07-31,18:40:40,False
1088,3738.96,2025-05-04,22:58:28,False
1089,3563.46,2026-04-02,01:10:32,False
1090,2064.25,2026-04-25,07:08:47,False
1091,1631.11,2024-10-09,08:32:49,False
1092,1745.8,2024-11-20,15:31:02,False
1093,4107.22,2024-05-07,04:09:15,True
1094,2040.68,2025-04-24,18:01:49,False
1095,1459.89,2024-10-15,21:40:33,False
1096,4661.42,2025-06-04,20:55:30,True
1097,4896.96,2024-06-27,23:26:28,True
1098,4480.47,2025-11-17,06:50:52,False
1099,3625.14,2025-03-06,02:36:26,False
1100,1219.14,2025-05-26,02:42:13,False
1101,315.5,2025-01-07,10:04:25,False
1102,1220.14,2025-06-25,21:38:20,False
1103,12686.92,2025-02-01,04:35:47,True
1104,847.05,2026-03-28,06:51:06,False
1105,2752.63,2024-09-24,14:39:36,False
1106,3085.45,2025-09-05,17:36:33,False
1107,2580.9,2025-11-27,21:35:42,False
1108,3390.95,2024-06-26,06:26:17,False
1109,4022.41,2025-03-03,11:38:42,False
1110,159.28,2024-08-21,11:36:58,True
1111,970.06,2024-08-15,19:54:02,False
1112,3439.83,2024-10-09,18:12:51,False
1113,4427.09,2024-12-15,11:12:20,True
1114,409.19,2025-05-19,14:40:25,False
1115,19108.36,2025-12-11,03:27:54,True
1116,1209.99,2025-04-26,01:54:30,False
1117,179.15,2025-06-01,13:19:38,False
1118,2606.52,2025-11-14,11:46:28,False
1119,1612.24,2026-04-16,16:52:35,False
1120,4842.92,2024-06-06,20:33:58,False
1121,1561.92,2024-05-23,20:20:14,False
1122,962.93,2024-10-31,13:54:46,False
1123,3404.25,2025-09-19,04:12:37,True
1124,793.17,2025-04-25,03:23:38,False
1125,537.17,2024-09-02,13:59:16,False
1126,3599.88,2025-09-30,06:05:11,False
1127,911.65,2025-05-04,23:05:55,False
1128,853.01,2025-05-16,16:48:03,False
1129,2908.46,2024-09-24,20:26:07,False
1130,1003.73,2024-12-28,11:57:27,False
1131,1394.41,2026-04-17,23:13:02,False
1132,3136.95,2025-01-17,13:11:37,False
1133,4394.64,2025-03-12,07:54:02,False
1134,4783.74,2026-03-05,14:37:29,False
1135,15275.89,2024-12-03,03:05:19,True
1136,152.48,2026-01-08,09:22:22,False
1137,1598.26,2025-10-22,23:22:12,False
1138,4339.41,2025-11-05,06:15:47,False
1139,3400.19,2025-01-25,14:46:53,False
1140,6484.57,2025-09-12,00:36:08,True
1141,2352.5,2025-05-19,19:46:11,False
1142,16924.39,2025-01-20,17:02:55,True
1143,1169.67,2024-07-26,14:07:10,False
1144,819.37,2025-07-18,17:57:26,False
1145,625.69,2025-04-25,03:11:52,False
1146,723.09,2025-01-21,10:08:25,False
1147,777.87,2024-05-17,00:34:23,False
1148,4491.12,2025-11-04,09:38:52,False
1149,189.71,2025-03-14,11:43:16,False
1150,10432.17,2024-09-15,17:43:26,True
1151,519.79,2025-05-28,12:49:58,False
1152,2786.04,2025-08-30,14:38:38,False
1153,3075.62,2025-12-20,10:54:10,False
1154,376.88,2025-03-25,15:14:48,False
1155,975.43,2026-04-15,07:18:56,False
1156,2143.79,2025-08-25,04:47:32,False
1157,3862.03,2025-11-06,10:09:22,False
1158,3672.73,2025-11-23,05:18:03,False
1159,3950.06,2024-07-07,15:13:37,False
1160,16773.74,2024-10-04,00:08:19,True
1161,1479.44,2025-08-12,14:28:44,False
1162,1411.14,2025-02-12,19:31:02,False
1163,1225.96,2024-09-25,04:31:02,False
1164,1856.64,2025-11-02,08:15:40,False
1165,4383.99,2025-07-29,08:58:02,True
1166,1156.46,2026-03-11,07:03:16,False
1167,420.19,2025-11-12,10:54:12,False
1168,2969.54,2025-02-14,10:57:28,False
1169,2264.96,2025-04-28,23:31:05,False
1170,1910.03,2026-02-23,04:10:46,False
1171,1461.13,2024-05-13,17:32:18,False
1172,4006.24,2024-11-07,01:34:01,False
1173,2196.47,2024-06-24,10:44:28,False
1174,2420.39,2024-08-13,09:08:10,False
1175,2732.27,2024-06-08,23:35:13,False
1176,3209.71,2026-02-28,22:39:44,False
1177,4562.79,2024-11-26,21:29:15,False
1178,2542.62,2024-09-24,17:31:46,False
1179,4062.92,2026-01-02,12:33:37,False
1180,91.05,2024-05-23,20:44:35,False
1181,2173.58,2025-04-23,11:42:00,False
1182,301.3,2026-03-15,19:25:18,False
1183,894.17,2024-05-23,01:29:30,False
1184,4876.35,2024-12-05,01:32:47,False
1185,1178.45,2025-11-12,11:08:06,False
1186,2058.5,2025-05-08,03:04:44,False
1187,49.47,2026-02-02,17:58:06,False
1188,2100.4,2025-02-06,23:06:59,False
1189,5924.01,2026-04-12,15:55:54,True
1190,2629.34,2024-04-30,16:52:33,False
1191,3128.85,2025-10-19,15:02:11,False
1192,2609.55,2024-05-20,15:40:00,False
1193,287.4,2026-03-20,20:12:38,False
1194,716.0,2025-11-16,06:07:19,False
1195,710.57,2026-01-24,14:48:28,False
1196,4136.16,2025-06-17,09:29:56,False
1197,1077.72,2026-02-08,12:48:28,False
1198,436.53,2024-06-30,16:56:06,False
1199,3287.61,2025-03-09,00:43:33,False
1200,167.32,2024-07-24,07:48:07,False
1201,1835.47,2024-12-28,02:57:35,False
1202,1863.6,2024-06-03,22:01:19,False
1203,2078.16,2025-11-01,16:14:17,False
1204,10175.85,2025-07-16,17:06:11,True
1205,12704.1,2025-06-27,09:22:38,True
1206,2387.72,2024-12-02,09:52:40,False
1207,2610.1,2024-07-20,20:34:47,False
1208,4952.6,2026-03-10,08:20:42,True
1209,4500.63,2025-09-13,01:49:15,False
1210,5838.98,2025-01-28,18:33:31,True
1211,4527.33,2024-10-30,09:11:06,False
1212,2774.98,2024-10-13,13:50:02,False
1213,3731.57,2024-05-30,20:05:50,False
1214,92.05,2025-04-28,11:14:16,False
1215,1312.25,2025-03-23,17:59:59,False
1216,4836.32,2025-09-07,07:14:45,True
1217,2812.36,2024-12-08,15:52:17,False
1218,2389.04,2025-11-16,06:06:59,False
1219,3234.01,2025-06-10,07:32:50,False
1220,1584.41,2025-07-23,06:09:56,False
1221,2441.1,2026-02-26,15:59:15,False
1222,2479.46,2025-06-03,06:58:25,False
1223,3920.58,2026-04-18,21:02:46,False
1224,3212.73,2024-11-23,23:42:46,False
1225,2964.57,2025-01-28,18:17:23,False
1226,323.45,2025-02-05,12:53:14,False
1227,506.42,2024-08-03,18:11:37,False
1228,3523.11,2025-05-21,05:51:38,False
1229,4766.73,2024-12-17,14:30:43,True
1230,120.75,2024-07-26,04:35:44,False
1231,1999.49,2025-01-02,02:30:46,True
1232,485.47,2025-06-08,00:27:45,False
1233,2239.34,2024-12-16,01:33:53,False
1234,1599.26,2025-01-12,19:51:44,False
1235,145.51,2024-05-24,14:28:48,False
1236,1296.18,2024-11-06,17:40:24,False
1237,3541.25,2025-02-26,03:52:56,False
1238,3588.84,2025-07-17,13:09:44,False
1239,14379.07,2024-09-06,15:44:02,True
1240,3254.67,2025-10-29,02:42:16,False
1241,1202.26,2026-02-24,15:23:49,False
1242,37.14,2024-05-01,02:47:54,False
1243,1700.58,2025-08-26,23:37:20,False
1244,2803.3,2025-11-14,06:44:51,False
1245,4916.41,2026-04-06,03:59:12,False
1246,4311.54,2025-09-02,20:59:22,False
1247,228.03,2025-02-09,13:19:24,False
1248,4858.67,2025-05-08,14:00:16,False
1249,382.4,2024-05-30,09:42:28,True
1250,4803.3,2025-11-14,10:56:19,False
1251,4183.38,2024-05-27,15:34:05,True
1252,831.5,2026-01-14,13:42:10,False
1253,3905.97,2024-10-01,02:14:49,False
1254,4663.23,2025-10-16,23:49:23,False
1255,3652.74,2025-11-17,07:25:44,False
1256,9526.03,2024-12-27,02:05:31,True
1257,2269.64,2025-03-17,00:57:50,True
1258,9878.95,2025-03-30,02:20:27,True
1259,1236.09,2025-10-26,05:53:02,False
1260,606.8,2026-01-16,21:18:25,False
1261,2533.97,2024-05-14,17:38:56,False
1262,218.08,2026-01-03,10:51:02,False
1263,1334.4,2025-07-11,21:31:17,False
1264,5296.69,2025-08-16,18:24:07,True
1265,4308.95,2025-01-13,01:20:06,False
1266,1744.55,2025-02-15,15:58:27,False
1267,2188.54,2025-02-20,16:56:26,False
1268,2005.77,2024-11-30,07:51:18,False
1269,10789.86,2025-04-02,04:38:17,True
1270,4258.35,2025-09-23,05:31:24,False
1271,3480.23,2025-07-01,09:46:18,False
1272,11828.99,2024-07-20,16:48:34,True
1273,2654.28,2025-10-14,00:00:15,True
1274,869.92,2025-05-30,09:16:36,False
1275,4783.41,2025-03-27,22:32:31,False
1276,1143.51,2025-12-24,08:02:22,False
1277,4973.01,2024-08-19,04:30:48,True
1278,3562.1,2024-08-10,11:20:22,False
1279,2756.53,2025-04-07,15:51:56,False
1280,455.6,2025-05-29,08:12:18,False
1281,16215.31,2024-07-04,00:33:22,True
1282,4695.34,2025-11-06,22:05:54,True
1283,4554.89,2025-03-02,08:33:05,False
1284,3530.5,2026-04-16,20:46:59,False
1285,2741.01,2025-07-29,04:55:44,False
1286,2674.95,2024-08-04,07:32:35,False
1287,809.5,2026-04-11,16:40:23,False
1288,3165.75,2024-06-10,20:54:09,False
1289,1266.6,2025-02-25,02:34:53,False
1290,136.56,2026-01-27,17:52:59,False
1291,3188.75,2025-12-24,19:53:45,False
1292,4137.94,2025-07-22,14:39:42,False
1293,2403.63,2026-01-23,17:57:31,True
1294,1086.05,2026-03-07,19:22:11,False
1295,4730.2,2024-11-16,16:51:49,False
1296,1044.54,2025-09-04,13:47:06,False
1297,1278.05,2025-05-15,22:38:07,False
1298,1244.15,2025-01-30,08:49:51,False
1299,3271.12,2024-09-08,04:36:28,False
1300,911.74,2025-03-21,09:01:16,False
1301,3509.91,2025-11-21,10:31:22,False
1302,4908.47,2025-01-07,08:52:58,False
1303,1052.15,2026-01-12,10:08:05,False
1304,8903.41,2024-10-02,16:35:08,True
1305,1177.73,2024-10-26,14:36:40,False
1306,1277.64,2024-06-08,05:06:01,False
1307,1625.1,2025-11-18,20:18:40,False
1308,602.4,2025-03-25,15:16:08,False
1309,885.41,2025-02-10,06:13:33,False
1310,1460.41,2025-09-27,20:13:53,False
1311,673.43,2024-11-23,04:47:25,True
1312,72.24,2026-02-26,19:37:47,False
1313,484.29,2025-01-21,00:29:49,False
1314,3183.3,2026-04-20,00:34:43,True
1315,544.97,2024-08-31,13:50:36,False
1316,9573.43,2026-03-02,19:14:49,True
1317,3463.88,2025-09-26,00:06:55,False
1318,3029.26,2025-12-28,19:06:23,False
1319,12830.0,2024-05-18,04:06:11,True
1320,2794.75,2024-06-12,06:08:55,False
1321,76.75,2025-07-11,06:01:14,False
1322,1614.88,2024-06-02,02:26:39,False
1323,4084.28,2026-02-27,11:45:51,False
1324,3207.87,2024-12-09,21:23:08,False
1325,232.83,2026-03-03,21:34:47,False
1326,806.71,2024-08-07,09:17:54,True
1327,4580.14,2025-02-02,22:44:08,False
1328,1563.48,2024-09-06,01:10:17,False
1329,3723.97,2026-01-31,08:53:23,False
1330,853.19,2025-03-06,09:12:26,False
1331,4503.39,2025-12-05,12:41:34,True
1332,41.11,2024-08-04,14:39:24,False
1333,1216.84,2026-01-30,21:11:24,False
1334,2824.55,2025-09-27,17:56:20,False
1335,4353.14,2024-05-16,13:09:51,True
1336,554.26,2024-08-16,02:22:17,False
1337,2172.74,2024-04-29,19:13:06,False
1338,1012.28,2025-07-20,16:43:18,False
1339,2662.74,2025-05-14,17:01:24,False
1340,3523.85,2025-01-28,10:45:53,False
1341,475.9,2024-10-28,22:40:14,False
1342,4163.99,2024-06-27,22:23:29,False
1343,250.05,2025-02-16,09:51:04,False
1344,3045.34,2026-03-18,10:08:16,False
1345,3268.2,2025-05-18,18:46:31,False
1346,8066.78,2024-06-29,02:02:53,True
1347,527.3,2025-03-12,17:48:29,False
1348,703.8,2025-07-21,08:49:06,False
1349,4743.62,2024-05-17,16:21:14,False
1350,4254.53,2025-02-19,12:04:15,True
1351,1358.38,2024-06-26,15:28:17,False
1352,3717.34,2024-10-07,22:53:01,False
1353,3043.64,2025-10-20,14:17:56,False
1354,2033.34,2025-09-29,07:49:03,False
1355,216.04,2024-08-01,02:54:35,False
1356,3861.27,2026-02-01,22:34:03,False
1357,1301.97,2025-06-13,05:17:22,False
1358,240.42,2025-08-12,20:32:28,False
1359,2260.33,2024-11-13,16:03:45,False
1360,1691.97,2025-01-16,12:52:59,False
1361,3944.38,2025-10-26,11:01:02,False
1362,19201.1,2025-10-07,00:20:01,True
1363,528.37,2026-02-04,21:35:33,False
1364,1311.21,2025-02-20,05:10:18,False
1365,3936.41,2025-02-28,10:41:04,False
1366,3413.71,2024-08-16,11:24:23,True
1367,69.57,2025-05-09,05:53:26,False
1368,11680.32,2025-06-10,16:35:18,True
1369,2441.44,2024-12-24,14:13:36,True
1370,11177.8,2024-09-02,00:28:29,True
1371,3082.04,2025-09-15,21:45:09,False
1372,163.76,2025-02-22,04:11:40,False
1373,2353.95,2025-01-02,15:32:59,False
1374,4358.57,2025-04-29,18:56:27,True
1375,248.21,2026-04-11,15:06:28,False
1376,2485.96,2025-12-18,16:45:21,False
1377,3352.51,2024-11-23,15:18:09,False
1378,2912.26,2024-09-12,09:12:50,False
1379,4759.27,2024-10-19,14:54:29,True
1380,4857.44,2024-10-08,23:58:52,True
1381,2712.43,2025-11-07,22:06:07,False
1382,669.91,2026-02-15,18:37:24,False
1383,390.78,2024-11-25,23:50:10,False
1384,1285.27,2024-07-12,15:23:46,False
1385,4970.29,2025-09-08,18:58:25,True
1386,3348.57,2025-07-31,10:25:56,False
1387,778.01,2025-03-29,18:08:16,False
1388,2424.67,2024-08-29,21:03:49,False
1389,1058.39,2024-11-09,20:04:39,False
1390,1690.12,2026-01-30,20:38:54,False
1391,1006.4,2024-05-09,07:02:30,False
1392,3377.36,2025-04-20,04:08:55,False
1393,1444.98,2025-07-10,03:35:25,False
1394,4086.7,2026-04-25,16:36:44,False
1395,1984.36,2024-08-28,05:54:35,False
1396,12780.46,2025-05-14,06:32:32,True
1397,3529.62,2025-08-18,12:58:44,False
1398,4089.98,2025-10-11,12:10:10,False
1399,831.86,2024-11-12,21:50:40,False
1400,665.52,2024-07-27,21:08:08,False
1401,1055.03,2024-05-10,22:39:17,False
1402,4827.7,2025-10-30,08:21:29,False
1403,2262.12,2025-10-26,19:49:13,False
1404,3765.23,2025-05-24,01:30:24,False
1405,2567.24,2024-10-18,15:55:19,False
1406,3393.67,2024-07-26,08:51:45,False
1407,4504.14,2024-11-06,00:43:12,True
1408,13105.29,2025-09-30,07:09:51,True
1409,4280.19,2024-10-10,07:43:54,True
1410,9383.8,2024-10-13,03:21:42,True
1411,3663.02,2025-12-26,07:58:08,False
1412,2593.75,2024-06-11,15:29:08,False
1413,1549.71,2025-11-26,03:29:21,False
1414,3115.28,2025-02-18,13:27:26,False
1415,2661.78,2026-04-04,17:46:52,False
1416,2219.76,2024-07-31,22:43:22,False
1417,571.31,2024-08-30,05:08:46,False
1418,3290.85,2024-12-20,01:48:39,False
1419,15410.98,2025-11-24,03:27:01,True
1420,3791.51,2025-09-12,03:18:07,False
1421,2101.01,2025-01-07,23:02:24,False
1422,383.07,2024-06-01,23:53:39,False
1423,1351.29,2025-10-31,02:44:52,True
1424,267.52,2025-05-16,17:00:14,False
1425,176.46,2025-08-28,19:01:33,False
1426,15245.0,2024-07-09,02:05:34,True
1427,1779.67,2026-01-23,11:42:58,False
1428,727.0,2024-10-25,19:27:48,False
1429,1488.81,2026-03-15,18:56:06,False
1430,3207.61,2026-03-25,03:41:56,False
1431,821.15,2024-09-07,23:32:48,False
1432,2651.65,2025-08-02,21:58:19,False
1433,4177.0,2025-01-23,00:19:54,True
1434,783.43,2024-08-08,06:56:28,False
1435,1855.8,2026-02-12,22:05:05,False
1436,2950.26,2024-12-01,06:08:39,False
1437,2642.38,2024-11-10,11:11:41,False
1438,1396.59,2026-01-10,12:43:08,False
1439,1856.01,2024-07-07,20:30:38,False
1440,44.01,2025-04-05,18:58:48,False
1441,3015.58,2025-10-07,16:18:46,False
1442,1034.05,2025-09-06,19:08:05,False
1443,2957.24,2025-05-10,13:00:20,False
1444,2759.62,2025-02-05,15:43:37,False
1445,1001.13,2025-08-24,04:18:55,False
1446,790.44,2026-04-27,02:16:50,True
1447,1251.6,2024-11-24,06:35:10,False
1448,1930.02,2024-10-15,12:04:52,False
1449,1125.5,2024-10-25,02:51:45,True
1450,1374.05,2024-05-24,09:48:34,False
1451,3225.6,2026-02-17,11:40:21,False
1452,1763.49,2025-05-27,17:44:51,False
1453,4058.49,2025-04-05,11:38:57,False
1454,503.61,2024-11-20,19:51:38,False
1455,1373.82,2024-07-10,22:52:11,False
1456,3810.76,2025-06-05,23:42:46,False
1457,168.74,2026-04-08,09:05:07,False
1458,4377.44,2025-02-19,15:02:55,False
1459,4908.45,2025-08-25,21:30:37,False
1460,2185.09,2026-03-26,01:12:38,False
1461,668.95,2025-04-04,18:30:29,False
1462,4119.24,2024-06-07,14:27:16,False
1463,1893.26,2025-11-01,17:19:21,False
1464,63.21,2024-06-07,12:09:56,False
1465,3260.25,2026-02-19,10:25:58,False
1466,1711.01,2025-07-19,21:01:15,False
1467,2251.19,2025-11-19,09:32:04,True
1468,3621.36,2025-07-26,16:37:02,False
1469,3329.89,2026-02-03,19:58:40,False
1470,3325.28,2025-06-27,06:17:11,False
1471,2608.16,2024-09-16,12:38:28,False
1472,2365.18,2024-12-23,02:57:04,False
1473,1408.24,2025-07-30,17:54:11,False
1474,1600.6,2024-07-25,02:07:57,False
1475,1974.58,2024-10-28,06:12:15,False
1476,11042.74,2024-05-04,22:08:58,True
1477,3329.3,2025-04-02,06:55:21,False
1478,1700.95,2026-03-06,13:07:00,False
1479,1016.84,2024-04-29,23:34:54,False
1480,4551.02,2025-08-27,15:42:15,False
1481,19752.15,2025-01-01,16:46:50,True
1482,2111.7,2024-10-14,16:55:39,False
1483,4034.88,2025-07-30,07:46:59,False
1484,3620.04,2024-07-04,04:11:26,False
1485,1164.88,2024-11-05,01:10:05,True
1486,3413.22,2025-04-22,02:36:56,True
1487,264.9,2024-07-28,09:38:34,False
1488,2867.07,2026-04-09,10:24:23,False
1489,649.43,2026-02-27,13:11:14,False
1490,1491.35,2024-12-29,17:17:42,False
1491,3756.18,2025-02-02,16:02:04,True
1492,4429.93,2025-12-09,02:33:27,True
1493,200.03,2024-08-22,12:35:33,False
1494,3284.37,2024-07-02,07:32:28,False
1495,18418.13,2025-09-13,06:45:24,True
1496,1564.94,2026-01-24,04:30:04,True
1497,1035.99,2025-02-01,15:37:21,False
1498,55.38,2026-04-02,13:16:37,False
1499,827.92,2025-01-12,07:36:17,False
1500,1250.74,2026-03-26,16:15:57,False
1501,786.61,2025-10-30,13:26:33,False
1502,11858.27,2025-03-01,14:09:52,True
1503,3986.29,2025-09-09,09:11:52,False
1504,2855.82,2025-11-10,00:14:44,False
1505,3759.5,2026-04-12,16:22:14,False
1506,3878.25,2024-12-16,16:48:21,False
1507,511.03,2025-01-06,20:53:19,False
1508,670.71,2024-08-10,13:55:10,False
1509,8839.12,2025-09-18,04:45:05,True
1510,3985.32,2025-09-11,23:46:09,False
1511,966.51,2025-09-15,23:29:56,False
1512,4481.22,2026-02-11,03:26:08,False
1513,4325.14,2024-09-12,10:24:50,False
1514,9180.61,2026-01-12,11:20:21,True
1515,707.96,2025-05-31,02:37:11,False
1516,4459.99,2026-04-02,06:25:16,True
1517,895.45,2024-12-18,08:03:31,False
1518,1796.91,2025-05-01,10:48:27,False
1519,4772.42,2025-05-30,14:05:39,False
1520,3297.79,2025-12-04,23:05:28,False
1521,2870.23,2025-01-04,19:47:53,False
1522,2291.65,2024-10-02,09:28:27,False
1523,600.37,2024-05-22,22:10:01,False
1524,213.38,2026-01-30,03:23:10,True
1525,4835.75,2026-04-11,10:07:35,False
1526,2512.87,2024-07-01,10:18:38,False
1527,1554.31,2025-06-06,17:06:05,False
1528,911.18,2025-09-06,11:02:29,False
1529,2602.68,2025-07-11,00:40:30,False
1530,4020.21,2024-11-29,20:09:07,True
1531,1318.95,2024-12-02,15:43:43,False
1532,4386.99,2025-06-17,07:50:50,False
1533,3465.21,2024-06-11,20:20:09,False
1534,4996.97,2025-07-06,03:08:46,False
1535,3638.81,2024-08-08,06:37:03,False
1536,2164.59,2024-05-25,02:47:36,False
1537,3452.11,2025-04-03,08:37:22,False
1538,1332.51,2024-08-11,02:14:51,False
1539,2521.55,2026-03-01,23:31:51,False
1540,4919.74,2025-01-23,06:06:30,False
1541,2987.46,2025-10-29,01:16:11,True
1542,1847.16,2026-04-19,17:54:35,False
1543,1052.51,2025-09-24,04:29:25,True
1544,3870.13,2025-07-29,21:41:43,False
1545,2120.58,2025-04-19,23:39:01,False
1546,3382.16,2025-10-28,09:44:47,False
1547,17107.01,2025-04-02,11:00:13,True
1548,1170.75,2025-03-19,08:30:21,False
1549,2526.54,2026-03-23,15:04:34,False
1550,1005.35,2025-04-11,07:46:47,False
1551,2650.91,2026-02-03,08:04:59,False
1552,2445.59,2025-11-30,16:47:22,False
1553,3659.57,2025-09-11,01:24:14,False
1554,1734.25,2026-02-24,09:42:01,False
1555,4129.68,2025-05-08,21:26:35,False
1556,2128.58,2026-04-21,13:25:54,False
1557,708.17,2024-08-09,14:01:53,False
1558,390.95,2024-06-25,02:46:14,False
1559,3299.52,2025-08-10,19:22:12,False
1560,62.21,2024-12-18,10:15:55,False
1561,1982.94,2026-01-14,04:47:56,False
1562,1814.89,2025-07-05,16:34:35,False
1563,2469.46,2025-03-05,21:26:06,False
1564,2086.67,2025-08-30,00:54:32,False
1565,4942.96,2025-03-22,19:02:21,False
1566,259.23,2025-06-06,21:13:05,False
1567,2887.61,2025-08-14,03:48:24,True
1568,2326.81,2024-06-01,23:41:08,False
1569,3679.45,2024-05-30,22:10:24,False
1570,1865.95,2024-09-17,00:25:00,False
1571,1707.99,2025-08-01,02:37:17,True
1572,2295.31,2025-04-25,17:47:17,False
1573,16267.95,2024-10-09,23:12:29,True
1574,2400.79,2024-07-17,01:03:05,False
1575,992.3,2024-08-21,16:32:05,False
1576,3216.19,2025-07-22,14:55:19,False
1577,2340.82,2024-06-07,17:57:18,False
1578,651.47,2024-08-08,21:48:36,False
1579,1117.99,2025-01-03,00:28:46,True
1580,2314.83,2025-01-10,08:36:02,False
1581,12936.97,2025-09-06,03:01:38,True
1582,312.64,2024-05-28,15:46:15,False
1583,2228.38,2024-10-09,12:51:20,False
1584,3433.33,2026-03-31,00:32:54,False
1585,2492.35,2025-08-18,14:50:08,False
1586,1067.77,2025-11-26,01:37:21,True
1587,835.98,2026-03-31,14:12:04,False
1588,4495.9,2025-08-30,17:41:06,False
1589,3153.13,2025-03-26,05:38:21,False
1590,1920.22,2026-03-22,19:48:32,True
1591,3250.59,2025-07-19,15:50:48,False
1592,4476.39,2025-01-31,19:41:04,True
1593,279.26,2024-09-09,23:21:06,False
1594,11270.56,2024-08-01,00:35:42,True
1595,3706.55,2025-05-06,01:09:09,False
1596,17183.34,2025-05-01,08:32:02,True
1597,2524.79,2025-05-06,19:42:36,False
1598,3174.41,2025-12-19,14:57:08,False
1599,4595.51,2025-05-04,17:23:18,True
1600,4823.49,2026-04-19,17:23:54,False
1601,4533.32,2025-09-26,09:34:43,False
1602,4979.59,2024-07-29,21:29:50,True
1603,2231.51,2026-04-09,20:41:56,False
1604,887.1,2025-09-01,22:45:20,False
1605,1020.0,2024-09-25,05:38:17,False
1606,4577.72,2025-10-13,09:25:03,True
1607,2572.07,2025-01-17,09:09:07,False
1608,2317.27,2025-10-18,10:45:04,False
1609,3863.79,2025-10-02,07:25:33,False
1610,3188.69,2025-11-17,23:04:00,False
1611,15626.13,2024-05-31,22:23:28,True
1612,2373.2,2024-07-14,19:42:42,False
1613,267.41,2025-10-03,14:16:03,False
1614,3991.88,2025-03-28,00:07:35,False
1615,706.54,2025-05-29,06:29:12,False
1616,2033.17,2024-07-11,09:19:31,False
1617,372.66,2025-08-25,19:48:35,False
1618,3513.52,2024-08-22,11:44:43,False
1619,3382.78,2025-12-20,18:15:56,False
1620,3615.97,2024-05-11,16:44:18,False
1621,2956.58,2025-11-01,00:09:34,True
1622,2934.14,2026-04-04,04:22:10,False
1623,3028.67,2025-06-23,06:59:18,False
1624,2047.54,2025-03-03,14:56:16,False
1625,1380.64,2025-11-06,08:29:16,False
1626,1991.6,2026-03-22,04:17:47,False
1627,2980.76,2024-09-12,07:19:26,False
1628,596.6,2024-04-29,15:35:22,False
1629,4435.93,2025-06-20,09:18:24,False
1630,1781.58,2025-09-01,19:18:33,False
1631,3657.18,2026-03-18,17:58:22,False
1632,4337.53,2025-12-17,22:28:00,True
1633,4299.72,2025-03-05,08:37:14,False
1634,3730.71,2025-02-07,15:33:40,False
1635,2816.15,2025-04-21,16:48:47,False
1636,8225.68,2024-09-18,04:04:07,True
1637,1840.03,2025-12-17,00:20:14,True
1638,1792.84,2025-07-24,03:02:35,False
1639,665.81,2024-07-25,07:51:47,False
1640,2727.24,2026-04-07,15:18:37,False
1641,4776.15,2025-03-06,18:28:38,False
1642,1876.88,2025-02-02,03:12:10,False
1643,3975.64,2025-02-20,22:31:12,False
1644,2533.64,2025-10-29,15:33:30,False
1645,1982.93,2024-09-12,09:11:12,False
1646,241.34,2025-03-07,07:01:11,False
1647,3324.5,2025-12-31,14:32:38,False
1648,3682.0,2025-10-06,10:16:12,False
1649,938.05,2025-05-22,20:08:59,False
1650,1969.72,2025-02-18,22:29:32,False
1651,1654.7,2025-08-27,23:09:12,False
1652,6130.53,2026-03-23,16:33:54,True
1653,3949.98,2026-03-13,02:08:29,False
1654,1492.14,2025-04-22,15:07:47,False
1655,828.02,2025-12-31,17:02:23,False
1656,1052.78,2024-07-22,23:41:10,False
1657,3523.37,2025-07-06,16:11:53,False
1658,1026.08,2025-07-23,08:10:47,False
1659,1381.3,2024-09-07,23:20:09,False
1660,2385.84,2024-08-15,21:30:35,False
1661,1431.86,2026-03-23,15:02:50,False
1662,3778.01,2025-12-15,14:37:13,False
1663,3299.39,2025-12-30,03:45:12,False
1664,67.94,2024-05-27,19:51:40,False
1665,9452.17,2025-08-13,04:31:24,True
1666,4277.62,2024-12-28,01:51:36,True
1667,4983.03,2025-02-25,01:53:20,True
1668,2038.2,2024-07-24,11:58:39,False
1669,5699.73,2025-03-13,03:05:49,True
1670,2321.43,2025-01-11,12:21:38,False
1671,1462.72,2024-07-24,18:49:27,False
1672,366.36,2026-03-06,14:17:57,False
1673,2792.33,2026-04-05,08:38:04,False
1674,2961.27,2025-03-21,16:26:57,False
1675,1782.04,2025-02-16,02:40:17,False
1676,894.35,2025-12-20,21:31:14,False
1677,2191.13,2024-06-23,00:17:51,False
1678,3960.59,2025-05-04,04:57:23,True
1679,4017.66,2025-06-11,03:34:17,True
1680,15063.85,2024-06-16,19:10:54,True
1681,3240.63,2025-08-14,04:12:30,False
1682,3703.2,2025-12-15,01:29:28,False
1683,4638.38,2025-09-22,12:37:30,False
1684,7128.42,2025-04-08,02:51:33,True
1685,2610.16,2025-06-15,23:50:53,False
1686,2877.18,2025-01-08,09:21:46,False
1687,3707.71,2025-03-11,16:21:27,False
1688,464.8,2025-11-06,02:37:44,True
1689,2838.08,2024-10-11,10:54:34,False
1690,1876.75,2025-11-22,22:07:13,False
1691,1443.78,2025-01-19,17:34:25,False
1692,3772.42,2024-06-09,14:16:15,False
1693,2838.6,2025-08-20,05:08:43,False
1694,288.1,2024-06-02,02:07:40,False
1695,311.33,2024-11-10,06:57:39,True
1696,4960.48,2025-03-03,06:09:51,False
1697,3419.08,2025-07-14,17:17:05,False
1698,3292.88,2024-06-07,19:48:36,False
1699,3455.56,2024-09-14,16:41:58,False
1700,1318.78,2026-03-17,16:19:22,False
1701,1387.41,2024-09-08,04:25:22,False
1702,329.27,2026-02-19,18:50:59,False
1703,717.86,2025-08-09,23:24:13,False
1704,2288.24,2024-07-02,04:13:25,True
1705,3482.8,2025-09-12,09:14:34,False
1706,1250.68,2025-04-20,15:03:53,False
1707,17986.82,2025-01-11,20:40:08,True
1708,4679.18,2025-05-04,17:52:11,False
1709,656.43,2026-02-02,17:50:13,False
1710,3567.17,2024-12-07,23:28:00,False
1711,1212.28,2024-05-31,15:34:47,False
1712,1293.51,2024-11-07,21:20:23,False
1713,17907.05,2024-11-24,11:19:00,True
1714,434.57,2026-01-11,22:15:55,False
1715,4152.5,2024-09-26,23:46:26,False
1716,3524.68,2024-12-14,20:27:53,False
1717,4880.67,2024-10-22,17:52:47,False
1718,12888.19,2025-03-14,00:11:43,True
1719,1545.37,2024-08-09,15:37:50,False
1720,3649.58,2024-11-23,14:47:29,False
1721,2770.78,2025-07-21,03:12:11,False
1722,594.01,2024-11-09,10:34:13,False
1723,4014.63,2024-11-24,14:57:53,False
1724,4899.42,2025-12-19,03:28:43,False
1725,4500.9,2025-12-22,06:43:21,True
1726,17300.71,2026-03-21,06:08:12,True
1727,3882.89,2025-07-23,15:17:15,False
1728,964.96,2025-06-18,14:19:44,False
1729,2498.2,2025-06-21,06:06:33,False
1730,2449.16,2025-09-03,14:24:28,False
1731,1335.94,2025-12-18,16:13:22,False
1732,2150.02,2024-09-13,19:27:30,False
1733,3941.23,2024-05-31,21:17:45,False
1734,1850.77,2024-12-02,21:24:45,False
1735,781.35,2024-08-30,00:03:55,True
1736,3051.22,2025-03-22,12:01:06,False
1737,3606.14,2024-09-16,07:31:02,False
1738,1346.4,2025-07-02,21:25:25,False
1739,2766.48,2026-02-19,00:31:17,False
1740,3718.38,2025-09-22,12:56:54,True
1741,3578.61,2026-01-05,11:51:58,False
1742,3481.71,2024-11-21,15:53:48,False
1743,1740.58,2025-10-27,15:01:17,False
1744,2136.78,2026-04-02,17:46:37,False
1745,1388.06,2025-01-04,04:46:02,False
1746,4270.99,2025-07-17,10:03:28,False
1747,429.39,2026-04-22,09:34:08,False
1748,946.97,2026-01-26,18:28:27,False
1749,4060.17,2025-08-21,02:43:34,False
1750,4978.48,2026-03-10,22:17:43,True
1751,3312.01,2024-12-05,23:07:42,False
1752,3260.22,2024-07-13,23:56:59,False
1753,3585.38,2026-02-27,16:00:22,False
1754,821.64,2024-05-28,11:06:05,False
1755,317.0,2024-09-10,12:43:10,False
1756,3093.29,2024-07-07,20:47:27,False
1757,2646.38,2025-07-03,11:03:25,False
1758,3677.96,2026-03-26,04:02:24,False
1759,17572.32,2025-10-31,03:14:47,True
1760,1665.49,2025-02-24,11:43:35,False
1761,99.48,2024-08-21,07:32:17,False
1762,457.31,2026-04-05,00:54:34,False
1763,2809.3,2026-04-12,13:21:59,False
1764,807.22,2025-08-01,13:39:28,False
1765,16015.13,2024-06-25,07:21:55,True
1766,2756.23,2024-11-27,22:38:03,False
1767,69.66,2024-08-06,00:46:13,False
1768,690.6,2025-04-21,09:19:20,False
1769,765.0,2025-12-02,20:31:43,False
1770,1063.08,2024-12-31,03:34:56,False
1771,9864.96,2025-09-26,04:45:46,True
1772,1128.73,2025-01-04,08:47:21,False
1773,2862.77,2024-09-03,19:44:25,False
1774,2671.46,2026-04-19,08:10:27,False
1775,476.53,2026-04-17,05:51:46,False
1776,3346.71,2024-06-29,05:52:43,False
1777,4795.2,2025-08-20,17:10:06,False
1778,4092.66,2025-09-06,20:21:17,True
1779,548.24,2024-08-07,10:23:06,False
1780,3758.21,2025-03-30,08:32:21,False
1781,4228.89,2025-02-08,06:52:05,True
1782,2192.34,2026-02-16,14:09:19,False
1783,3380.28,2024-07-23,09:48:01,False
1784,1996.3,2024-08-01,21:07:36,False
1785,16044.06,2025-02-07,03:24:04,True
1786,2279.36,2026-04-10,09:38:01,False
1787,4459.76,2025-01-05,14:21:42,True
1788,247.51,2024-06-23,18:05:05,False
1789,1708.51,2024-12-07,20:40:17,False
1790,3938.78,2025-12-11,09:09:00,False
1791,1518.09,2025-01-05,07:38:09,False
1792,2860.56,2024-09-11,08:39:03,False
1793,3622.06,2024-05-09,03:38:47,False
1794,3041.25,2024-06-06,03:35:25,False
1795,4085.61,2026-02-01,12:17:58,False
1796,254.99,2024-12-24,23:11:01,False
1797,3929.58,2025-05-02,10:14:11,False
1798,3314.97,2025-04-11,21:20:48,False
1799,460.51,2025-02-23,06:13:49,False
1800,3130.59,2024-10-19,07:48:52,True
1801,100.45,2025-05-07,18:25:56,False
1802,4567.65,2026-03-13,01:06:02,True
1803,2465.58,2024-10-31,08:48:10,False
1804,17662.17,2025-03-01,04:20:28,True
1805,1982.51,2025-11-13,18:39:45,False
1806,107.77,2024-06-30,21:12:33,False
1807,2643.14,2024-10-03,09:52:57,False
1808,3947.93,2025-01-16,13:10:13,False
1809,4966.76,2025-03-15,18:17:45,False
1810,1500.5,2025-01-19,16:47:37,False
1811,1383.22,2025-12-11,22:10:00,False
1812,2750.37,2025-12-13,07:23:49,False
1813,3195.04,2024-11-29,15:54:36,False
1814,2332.01,2026-01-29,08:47:49,False
1815,4097.8,2024-06-17,22:27:12,True
1816,1564.22,2026-03-30,23:35:12,False
1817,493.82,2026-03-04,14:28:15,False
1818,2178.03,2024-08-07,22:02:05,False
1819,1681.3,2025-06-24,03:32:45,True
1820,3138.01,2026-02-02,21:51:13,False
1821,2605.0,2025-08-28,13:51:33,False
1822,460.84,2024-05-08,12:19:35,False
1823,2697.87,2024-10-17,03:38:05,False
1824,2696.15,2025-07-25,12:14:41,False
1825,343.17,2025-10-25,13:47:15,False
1826,182.34,2025-02-10,04:46:57,False
1827,2297.78,2026-02-22,13:32:54,False
1828,4278.27,2024-08-08,05:17:21,True
1829,1575.26,2024-05-14,08:20:02,False
1830,993.05,2025-07-18,08:53:03,False
1831,792.52,2024-11-05,15:29:47,False
1832,2602.01,2024-12-10,21:43:08,False
1833,1905.43,2025-05-20,21:45:45,False
1834,1565.75,2024-07-19,05:56:05,False
1835,4438.0,2025-04-24,02:44:15,False
1836,3674.35,2025-03-15,15:26:54,False
1837,514.92,2024-05-31,23:39:34,False
1838,8920.88,2025-03-05,02:35:44,True
1839,17495.58,2024-07-11,15:26:09,True
1840,3968.11,2025-06-14,21:07:47,False
1841,2009.82,2025-01-06,09:07:09,False
1842,2533.64,2024-09-10,07:42:59,False
1843,2612.32,2026-04-16,09:04:36,False
1844,3715.07,2025-08-07,15:38:09,False
1845,2188.34,2026-04-12,22:40:50,False
1846,3844.94,2024-11-19,01:50:12,False
1847,4214.06,2025-12-13,15:17:57,False
1848,2731.27,2025-06-29,07:17:21,False
1849,15355.22,2026-02-22,10:19:38,True
1850,1523.92,2025-12-07,13:00:16,False
1851,352.88,2025-12-17,15:18:23,False
1852,1099.02,2025-03-01,18:55:38,False
1853,797.4,2024-12-26,11:50:02,False
1854,2318.79,2025-03-27,11:50:45,False
1855,3691.19,2025-10-19,15:14:33,False
1856,1007.84,2024-05-21,12:06:03,False
1857,1399.82,2024-08-11,03:31:11,False
1858,2262.77,2024-05-30,12:14:43,False
1859,3024.83,2025-02-22,09:39:32,False
1860,3405.68,2025-01-11,04:44:44,False
1861,3303.0,2025-12-31,08:29:10,False
1862,3137.08,2025-04-09,22:08:13,False
1863,2965.16,2026-04-03,09:39:12,False
1864,4894.89,2024-06-30,04:12:13,True
1865,2431.42,2024-12-19,15:34:10,False
1866,4747.99,2025-12-22,13:43:13,False
1867,21.53,2025-12-01,18:07:28,False
1868,4727.38,2026-01-31,00:42:07,False
1869,4493.71,2026-01-31,18:32:00,True
1870,1890.4,2025-10-31,19:16:45,False
1871,160.53,2026-01-22,09:56:14,False
1872,2322.04,2024-06-05,01:18:41,False
1873,2892.41,2025-08-12,01:04:46,True
1874,1544.41,2024-11-09,04:02:02,False
1875,509.53,2025-09-16,00:11:47,False
1876,682.08,2025-02-23,22:26:26,False
1877,1047.11,2025-08-30,19:07:00,False
1878,4304.6,2026-03-11,20:25:49,False
1879,2299.78,2025-07-03,23:04:16,False
1880,1595.91,2026-03-09,21:44:06,False
1881,17769.76,2025-02-08,05:47:36,True
1882,12018.94,2025-03-05,11:55:25,True
1883,2225.47,2024-11-19,06:49:05,False
1884,3733.17,2026-03-11,13:14:19,False
1885,7215.2,2024-05-11,10:06:29,True
1886,3021.9,2025-11-08,23:33:22,False
1887,176.39,2025-03-26,23:32:40,False
1888,338.77,2025-02-12,04:00:18,True
1889,365.01,2025-04-21,07:06:42,False
1890,4872.13,2025-10-03,12:10:51,False
1891,325.72,2025-05-28,01:26:06,True
1892,2614.42,2024-05-24,09:33:19,False
1893,4732.69,2025-08-01,06:57:59,False
1894,1778.17,2024-10-02,12:25:25,False
1895,1368.63,2025-12-12,10:12:34,False
1896,7172.45,2024-07-30,04:30:45,True
1897,1598.24,2025-01-15,14:11:12,False
1898,3984.39,2024-05-04,05:22:19,True
1899,3597.96,2026-02-12,21:03:26,False
1900,3438.81,2025-03-18,07:49:19,False
1901,818.39,2025-10-04,08:53:49,False
1902,1595.54,2025-02-21,07:38:08,False
1903,717.25,2026-04-07,13:23:59,False
1904,3499.16,2025-02-19,11:57:13,False
1905,3775.65,2025-07-14,19:51:32,False
1906,1030.42,2025-04-12,13:19:28,False
1907,14217.94,2024-12-11,03:48:14,True
1908,921.3,2025-07-23,23:40:18,False
1909,2028.24,2024-11-22,06:10:00,False
1910,3742.79,2024-06-22,05:41:30,False
1911,2292.48,2025-01-05,21:12:01,True
1912,351.76,2024-11-20,05:24:53,False
1913,2518.35,2026-02-16,00:16:55,False
1914,4470.78,2024-10-16,16:19:02,True
1915,1415.7,2024-09-07,00:00:53,False
1916,2114.72,2025-04-28,10:05:18,False
1917,4555.69,2025-10-26,23:52:21,False
1918,2740.68,2025-02-16,21:47:39,False
1919,706.17,2025-06-17,21:46:53,False
1920,121.51,2025-07-25,06:36:52,False
1921,307.44,2025-11-08,05:07:15,False
1922,4455.69,2025-11-16,07:42:39,True
1923,3443.48,2025-08-11,19:27:26,False
1924,6525.34,2025-03-22,00:44:59,True
1925,2523.25,2025-08-30,02:25:04,True
1926,4792.46,2024-05-17,10:42:56,True
1927,1429.02,2025-10-23,14:51:40,False
1928,274.1,2024-10-03,01:33:56,False
1929,376.74,2025-08-09,17:32:19,False
1930,2465.31,2025-03-05,11:42:03,False
1931,2379.61,2024-07-24,11:26:23,False
1932,2780.96,2025-06-14,10:46:51,False
1933,3330.66,2024-06-18,00:13:30,False
1934,1966.97,2025-02-16,07:30:44,False
1935,3302.65,2024-05-22,23:44:45,False
1936,2738.92,2026-01-07,05:14:14,False
1937,3916.18,2025-03-03,12:00:59,False
1938,157.76,2025-10-21,11:05:31,False
1939,14148.42,2025-08-23,16:15:07,True
1940,3805.52,2024-08-02,10:56:09,False
1941,18260.45,2026-04-05,05:08:54,True
1942,4682.76,2025-02-04,16:29:29,True
1943,2527.71,2025-11-12,16:43:19,False
1944,8883.85,2025-02-01,01:19:42,True
1945,14144.71,2025-01-23,05:57:49,True
1946,4313.1,2024-09-01,12:57:49,False
1947,2885.72,2024-09-28,17:31:00,False
1948,766.62,2025-08-27,17:43:57,False
1949,4871.83,2025-11-04,15:55:35,False
1950,919.91,2026-01-14,09:12:56,False
1951,3752.49,2025-08-13,11:27:05,False
1952,3985.02,2025-12-31,19:25:12,False
1953,3622.5,2025-11-28,12:51:37,False
1954,2430.06,2026-01-08,19:12:03,False
1955,1258.3,2025-12-06,06:51:43,False
1956,3746.47,2025-05-28,23:10:15,False
1957,9551.71,2025-12-26,20:18:05,True
1958,14457.97,2025-01-01,22:11:32,True
1959,391.35,2025-01-14,04:19:27,False
1960,311.94,2026-04-16,11:49:26,False
1961,2562.75,2024-06-12,19:56:29,False
1962,2102.64,2024-07-07,00:56:01,False
1963,2735.24,2024-09-12,11:16:19,False
1964,1063.62,2025-03-22,00:24:33,True
1965,15914.73,2026-04-28,22:48:55,True
1966,3551.51,2025-07-24,12:01:34,False
1967,2193.41,2025-08-20,04:49:19,False
1968,4766.11,2025-04-01,08:21:28,False
1969,3573.44,2024-05-31,05:42:59,False
1970,8162.78,2024-08-12,11:15:02,True
1971,692.17,2024-11-13,18:08:33,False
1972,1204.97,2025-08-29,15:13:28,False
1973,589.93,2025-04-22,15:18:41,False
1974,150.65,2025-03-29,20:17:08,False
1975,18131.15,2025-10-13,21:43:18,True
1976,14880.84,2024-04-30,00:14:00,True
1977,3965.85,2025-09-23,14:41:07,False
1978,2308.46,2025-05-27,08:18:15,False
1979,2404.59,2024-10-13,20:01:26,False
1980,2711.7,2025-04-10,14:20:40,False
1981,1816.03,2025-01-30,19:43:39,False
1982,2140.09,2025-02-12,21:38:14,False
1983,15832.37,2024-05-16,03:39:35,True
1984,2471.93,2024-12-03,12:28:20,False
1985,3244.38,2024-12-06,20:06:09,False
1986,3361.93,2025-09-06,15:47:56,False
1987,1576.36,2024-08-10,13:27:46,False
1988,874.27,2024-12-16,17:44:17,False
1989,4483.14,2024-05-23,16:55:17,False
1990,974.35,2025-03-19,04:25:52,False
1991,1584.94,2024-05-29,22:00:17,False
1992,692.72,2025-07-30,06:20:14,False
1993,961.64,2024-12-15,15:49:03,False
1994,378.35,2024-07-07,15:07:57,False
1995,9146.11,2025-02-28,06:55:05,True
1996,258.26,2024-09-23,09:38:48,False
1997,310.74,2026-02-24,10:44:00,False
1998,1011.66,2025-02-17,01:26:50,False
1999,12346.19,2025-06-30,04:05:02,True
2000,4756.49,2025-12-12,06:27:36,True
2001,1263.64,2026-02-15,23:14:54,False
2002,1204.83,2025-07-22,06:46:34,False
2003,203.22,2025-07-03,17:07:37,False
2004,4445.2,2024-05-23,14:03:33,False
2005,1156.45,2025-05-06,08:49:13,False
2006,17185.39,2024-09-05,04:22:25,True
2007,146.85,2026-04-22,05:59:35,False
2008,4206.73,2025-03-20,01:47:45,True
2009,1687.66,2024-05-11,08:16:57,False
2010,700.87,2025-09-09,07:11:07,False
2011,556.24,2024-12-12,19:36:56,False
2012,1562.95,2026-01-05,12:34:38,False
2013,2254.61,2025-08-03,00:15:07,False
2014,1462.34,2024-05-02,13:59:08,False
2015,3663.06,2025-10-23,14:57:32,True
2016,3954.43,2024-07-30,01:46:50,False
2017,4965.36,2025-08-12,11:35:57,True
2018,4518.1,2025-01-13,22:21:13,False
2019,2749.78,2025-11-29,17:03:11,False
2020,3303.72,2025-12-09,08:19:40,False
2021,17196.91,2025-01-25,09:49:20,True
2022,4671.9,2025-06-03,17:45:51,False
2023,3092.74,2025-02-17,23:38:27,False
2024,2198.52,2025-01-05,11:18:40,False
2025,881.41,2026-01-27,02:05:50,True
2026,4879.95,2025-10-03,20:24:42,True
2027,2543.73,2025-10-04,07:01:42,False
2028,1269.63,2024-08-14,12:31:08,False
2029,1801.14,2025-12-22,13:49:05,False
2030,4633.35,2025-07-30,20:30:38,True
2031,1791.79,2024-11-17,02:46:54,False
2032,3614.01,2025-10-06,09:39:05,False
2033,703.76,2026-02-14,23:28:42,False
2034,3469.26,2026-02-04,21:14:41,False
2035,5235.27,2026-02-17,00:58:48,True
2036,2011.28,2024-10-17,17:48:27,False
2037,2267.37,2024-05-27,20:49:44,False
2038,4759.14,2025-07-08,20:46:39,False
2039,1091.05,2024-12-04,09:22:33,False
2040,3167.32,2024-11-17,12:36:04,False
2041,1302.71,2024-05-01,07:37:16,True
2042,15356.43,2024-09-05,01:29:30,True
2043,3492.02,2024-05-25,18:24:06,False
2044,1046.62,2024-05-26,04:42:16,False
2045,1033.43,2025-04-27,19:06:45,False
2046,2754.83,2025-07-05,07:07:29,False
2047,1078.09,2026-01-28,22:47:47,False
2048,2682.93,2024-05-14,22:05:43,False
2049,931.81,2024-07-10,23:40:40,False
2050,14471.14,2025-11-13,14:05:02,True
2051,3810.38,2025-10-08,13:16:32,False
2052,2824.68,2025-12-20,18:33:13,False
2053,1986.57,2025-02-16,23:37:42,False
2054,2328.81,2024-10-31,20:36:45,False
2055,1107.78,2025-12-28,07:50:08,False
2056,3130.4,2025-08-08,21:36:16,False
2057,2160.88,2025-03-01,00:42:04,False
2058,1921.64,2025-12-07,19:42:44,False
2059,1485.42,2025-10-17,15:51:50,False
2060,3076.74,2025-07-15,01:21:01,False
2061,3747.01,2025-02-18,10:38:06,False
2062,2644.92,2025-03-09,18:42:33,False
2063,2770.09,2025-03-28,23:48:26,False
2064,1742.52,2025-06-08,02:32:02,False
2065,263.59,2026-01-27,04:24:21,False
2066,2273.07,2025-03-12,07:27:49,False
2067,12597.89,2025-08-05,12:23:59,True
2068,114.2,2025-09-12,12:02:39,False
2069,1770.94,2025-03-19,09:15:35,False
2070,1681.34,2025-04-24,09:32:22,False
2071,2098.48,2025-10-26,17:04:14,False
2072,2434.83,2025-04-21,05:00:48,False
2073,1838.44,2025-03-09,19:16:12,False
2074,14242.27,2025-12-03,10:30:48,True
2075,696.92,2025-02-03,10:17:35,False
2076,3447.98,2026-04-19,04:27:56,False
2077,1054.05,2025-06-16,08:07:28,False
2078,1124.97,2026-04-20,20:22:47,False
2079,4042.06,2025-01-17,10:20:09,False
2080,4490.57,2024-05-13,23:46:16,False
2081,2909.18,2025-07-13,00:09:38,False
2082,18.93,2024-09-10,00:33:40,False
2083,17033.22,2025-10-25,10:55:52,True
2084,73.29,2025-10-28,10:54:36,False
2085,3583.65,2025-11-10,00:32:42,False
2086,1319.15,2025-09-19,00:49:56,True
2087,797.85,2025-10-01,07:07:01,False
2088,2732.83,2024-12-13,20:21:44,False
2089,1041.24,2025-09-12,22:30:08,False
2090,11119.18,2025-10-23,06:28:53,True
2091,2335.01,2025-12-28,19:00:59,False
2092,735.75,2025-01-24,14:34:10,False
2093,1864.52,2025-03-26,00:49:16,False
2094,9137.68,2025-05-03,02:38:34,True
2095,4559.11,2024-09-18,00:30:13,False
2096,158.51,2025-12-06,18:02:10,False
2097,3500.09,2024-11-19,12:05:43,False
2098,1604.39,2024-08-22,06:17:44,False
2099,18265.62,2024-11-15,16:54:19,True
2100,15947.04,2024-08-18,13:13:51,True
2101,3722.55,2025-10-10,03:27:09,False
2102,13733.3,2026-02-24,06:25:40,True
2103,4540.11,2024-09-30,10:59:06,False
2104,8519.96,2026-03-26,04:25:29,True
2105,2026.16,2025-10-08,10:16:34,False
2106,2495.02,2024-07-17,14:14:15,False
2107,3804.33,2025-02-14,13:41:33,False
2108,14500.91,2024-10-16,09:49:06,True
2109,1154.34,2026-01-07,19:23:55,False
2110,4119.57,2025-04-22,02:03:34,True
2111,4348.44,2026-04-13,14:47:01,False
2112,3641.6,2025-05-18,01:42:16,False
2113,1253.08,2025-07-16,17:31:47,False
2114,4471.35,2026-03-28,06:43:36,False
2115,4967.43,2025-03-23,08:15:27,False
2116,8733.88,2024-11-08,19:43:39,True
2117,4193.56,2024-08-08,03:50:52,False
2118,2881.83,2026-03-31,22:54:49,False
2119,3403.34,2025-02-17,14:54:51,False
2120,15350.8,2024-09-16,01:27:51,True
2121,14672.7,2025-03-04,02:54:35,True
2122,3194.42,2025-05-12,16:37:20,True
2123,2180.38,2026-02-18,09:50:16,False
2124,2929.1,2025-03-20,18:52:11,False
2125,12362.85,2026-04-21,15:54:58,True
2126,1014.19,2026-04-01,10:04:16,False
2127,5417.48,2025-03-28,18:39:51,True
2128,1470.07,2025-01-03,08:46:05,False
2129,1645.45,2026-02-02,11:26:48,False
2130,1810.9,2025-03-29,09:29:21,False
2131,1771.7,2024-06-30,19:39:25,False
2132,3953.89,2024-12-23,16:29:20,False
2133,4964.65,2025-07-08,20:35:12,True
2134,880.93,2025-09-02,22:26:40,False
2135,17063.59,2024-11-22,01:07:01,True
2136,3831.44,2026-02-13,19:14:00,False
2137,4569.52,2025-09-14,11:16:25,False
2138,8523.04,2024-10-09,21:49:01,True
2139,1701.93,2024-06-24,17:18:23,False
2140,4477.11,2024-05-28,00:55:07,False
2141,4410.49,2024-05-23,00:27:51,True
2142,4445.94,2026-03-04,03:50:23,False
2143,2661.21,2025-05-16,04:16:30,False
2144,2712.34,2025-01-28,00:29:00,False
2145,1113.37,2024-05-01,02:09:05,False
2146,4266.47,2025-01-06,09:54:44,False
2147,11164.09,2024-11-26,19:53:31,True
2148,19530.29,2025-08-05,01:47:48,True
2149,2733.57,2024-11-09,15:42:59,False
2150,3700.8,2024-12-12,09:35:16,False
2151,3925.17,2025-03-15,02:32:17,True
2152,4435.37,2024-12-14,16:39:39,False
2153,4911.1,2024-10-13,21:11:40,True
2154,4369.6,2024-12-21,09:14:50,True
2155,1024.54,2025-04-19,02:02:57,False
2156,2347.62,2025-08-31,14:53:22,False
2157,1640.41,2024-07-21,16:08:52,False
2158,795.92,2025-04-21,19:37:43,False
2159,2694.06,2025-07-08,02:26:06,False
2160,3508.48,2026-03-16,11:17:12,False
2161,2449.46,2024-07-05,21:54:27,False
2162,1877.05,2024-07-16,07:35:22,False
2163,13339.79,2025-02-15,04:12:36,True
2164,1165.86,2025-07-19,17:22:06,False
2165,6674.14,2025-09-24,07:02:15,True
2166,14830.34,2024-06-26,02:33:06,True
2167,681.19,2025-05-19,15:21:16,False
2168,3920.93,2024-11-08,09:45:33,False
2169,1789.81,2025-08-03,20:00:57,False
2170,1506.69,2024-09-27,00:38:11,False
2171,3339.17,2025-01-18,03:46:13,False
2172,12923.88,2024-10-15,22:17:16,True
2173,209.68,2025-12-22,06:20:13,False
2174,3882.75,2025-11-23,03:24:37,False
2175,2894.58,2024-09-18,18:35:13,False
2176,2581.41,2024-08-21,20:05:24,False
2177,1150.99,2024-06-28,10:00:03,False
2178,3631.43,2025-03-01,14:55:37,False
2179,2706.06,2024-10-16,04:44:34,False
2180,3426.28,2024-11-23,03:26:00,False
2181,7541.6,2025-02-25,16:32:21,True
2182,10620.02,2025-06-23,21:22:37,True
2183,4037.6,2025-06-15,03:22:28,True
2184,291.52,2024-08-17,09:00:55,False
2185,4943.43,2024-08-14,23:50:05,True
2186,1526.6,2024-09-03,06:19:57,False
2187,4510.92,2024-12-29,05:57:44,False
2188,3301.07,2024-10-24,07:39:18,False
2189,3305.49,2025-11-29,15:25:42,False
2190,4393.65,2025-05-15,14:02:41,False
2191,1318.57,2024-12-21,10:23:33,False
2192,4409.28,2024-09-23,01:49:25,True
2193,2643.31,2025-06-11,20:19:40,False
2194,1279.01,2024-10-17,08:54:57,False
2195,2403.78,2024-11-16,09:43:24,False
2196,3053.07,2024-06-17,21:28:03,False
2197,299.17,2024-10-30,04:48:22,False
2198,2378.54,2024-12-19,09:49:37,False
2199,14135.91,2025-06-08,04:51:35,True
2200,1100.37,2026-04-26,21:26:46,False
2201,6255.82,2025-06-19,23:06:18,True
2202,4232.13,2024-07-04,01:26:30,True
2203,924.42,2024-05-02,20:06:14,False
2204,5440.28,2024-10-09,02:35:35,True
2205,678.25,2025-03-23,22:07:14,False
2206,3260.45,2025-03-15,15:49:35,False
2207,4416.92,2026-04-11,07:48:23,True
2208,1048.21,2024-06-13,15:08:51,False
2209,1184.72,2025-10-18,18:30:53,False
2210,3146.83,2024-08-24,06:20:46,False
2211,1552.13,2024-12-17,15:52:55,False
2212,4150.66,2024-06-07,06:16:34,False
2213,910.07,2026-03-30,08:43:27,False
2214,3526.9,2024-07-19,03:11:07,False
2215,2988.87,2025-02-14,11:53:05,False
2216,17173.93,2025-10-27,03:05:27,True
2217,2872.18,2024-12-05,18:18:56,False
2218,1267.79,2024-07-06,10:59:11,False
2219,303.48,2024-12-01,09:49:43,False
2220,2066.26,2026-03-19,21:46:18,False
2221,1862.81,2025-06-22,10:01:55,False
2222,3545.53,2026-04-16,18:50:35,False
2223,349.46,2025-07-01,19:07:49,False
2224,539.89,2024-10-12,20:56:14,False
2225,767.8,2026-04-06,08:02:58,False
2226,3304.68,2025-09-27,07:16:56,False
2227,2033.98,2024-11-08,17:26:44,False
2228,18723.46,2025-08-20,00:06:22,True
2229,1627.2,2024-11-01,01:09:48,False
2230,3008.46,2026-03-07,04:06:31,False
2231,40.49,2025-07-16,18:50:12,False
2232,3797.55,2025-01-21,06:51:37,False
2233,4833.08,2025-03-03,07:29:46,False
2234,14122.85,2025-06-07,04:05:11,True
2235,3302.18,2026-04-02,21:17:31,False
2236,1569.23,2024-06-01,10:18:51,False
2237,1560.37,2024-10-16,01:15:03,False
2238,286.44,2024-09-14,18:01:12,False
2239,1362.21,2024-09-23,18:40:02,False
2240,3118.17,2024-10-27,22:58:09,False
2241,251.84,2025-03-01,20:38:06,False
2242,2810.59,2025-02-14,23:02:17,False
2243,722.67,2026-02-05,20:35:47,False
2244,151.81,2025-07-23,10:58:46,False
2245,6509.05,2025-11-09,23:49:27,True
2246,4233.45,2025-04-25,01:27:41,True
2247,361.12,2025-07-06,20:05:38,False
2248,3690.13,2025-02-14,18:10:14,False
2249,210.0,2026-02-24,01:40:17,False
2250,3236.89,2025-06-02,22:20:16,False
2251,1878.73,2025-02-01,13:36:54,False
2252,1728.11,2024-07-20,22:38:13,False
2253,637.04,2024-06-11,17:44:12,False
2254,1080.9,2025-03-04,15:42:46,False
2255,3233.84,2025-02-09,06:55:52,False
2256,3169.29,2025-05-08,08:14:33,False
2257,2800.69,2025-01-12,13:07:13,False
2258,2081.08,2026-01-22,09:54:33,False
2259,3980.42,2025-11-12,02:33:56,False
2260,19388.96,2024-05-02,17:58:04,True
2261,1988.66,2025-08-07,04:09:39,False
2262,792.35,2025-03-22,20:06:40,False
2263,2705.7,2025-02-28,12:56:50,False
2264,1283.22,2026-04-03,10:32:32,False
2265,4767.65,2024-11-29,06:20:30,False
2266,255.39,2025-11-11,09:25:15,False
2267,2693.89,2025-09-14,02:25:25,True
2268,2669.84,2025-12-26,03:37:57,False
2269,2536.08,2025-05-09,23:46:32,False
2270,2623.17,2025-11-05,10:13:46,False
2271,15703.69,2024-08-09,22:04:46,True
2272,2614.66,2025-10-04,21:21:11,False
2273,2867.05,2025-10-07,16:09:48,True
2274,2208.53,2025-04-24,20:03:27,False
2275,1476.33,2024-07-19,20:13:32,False
2276,14765.74,2024-06-18,03:43:16,True
2277,7619.79,2025-11-05,01:32:06,True
2278,2341.68,2026-02-04,10:05:49,False
2279,4427.9,2025-03-24,17:29:30,True
2280,3465.92,2025-10-14,04:59:32,False
2281,4545.83,2024-10-09,14:17:17,False
2282,3219.1,2025-04-18,12:17:26,False
2283,4895.09,2025-03-06,03:08:49,False
2284,4419.39,2025-08-26,10:32:54,True
2285,892.93,2024-08-13,07:50:34,False
2286,646.63,2024-08-12,21:48:46,False
2287,2405.14,2026-04-28,01:40:48,False
2288,3705.49,2024-11-25,21:18:30,True
2289,97.06,2025-02-27,05:21:36,False
2290,3861.53,2025-11-24,08:11:27,False
2291,2714.85,2026-03-10,15:32:16,False
2292,320.12,2024-09-22,17:33:06,False
2293,1917.82,2025-11-25,14:08:25,True
2294,2243.58,2025-04-09,15:13:10,False
2295,4149.97,2026-04-05,21:10:58,False
2296,2941.54,2024-07-13,13:52:14,False
2297,2699.39,2024-06-18,07:52:20,False
2298,1892.82,2026-02-04,19:16:13,False
2299,13224.08,2025-08-27,23:53:01,True
2300,3510.78,2025-01-17,23:40:14,False
2301,2391.66,2025-08-16,04:32:29,True
2302,4868.5,2026-04-10,14:53:44,True
2303,2815.94,2025-04-18,14:56:05,False
2304,3165.44,2025-01-02,05:27:35,False
2305,645.06,2024-05-19,07:27:55,False
2306,94.45,2025-12-29,05:31:25,False
2307,3024.52,2025-11-08,14:26:07,False
2308,954.19,2025-09-24,22:15:35,False
2309,6781.41,2025-09-16,07:59:21,True
2310,2872.34,2024-05-13,22:16:28,False
2311,1743.18,2024-11-05,14:13:23,False
2312,4365.73,2026-01-14,20:49:12,False
2313,37.02,2025-08-28,03:43:40,False
2314,604.74,2025-02-02,00:11:00,False
2315,3240.45,2025-03-30,13:18:28,False
2316,2389.3,2025-03-10,02:10:57,False
2317,971.19,2026-03-01,16:40:38,False
2318,3934.87,2024-12-29,14:14:44,True
2319,197.29,2025-10-25,16:33:57,False
2320,2220.09,2025-11-09,16:20:43,False
2321,1443.67,2024-07-13,18:13:48,False
2322,3759.15,2024-06-22,10:09:41,False
2323,1197.6,2025-02-23,03:12:46,True
2324,3229.47,2024-06-30,11:45:25,False
2325,1526.89,2026-03-11,01:09:53,True
2326,2805.86,2025-06-06,00:01:39,False
2327,4991.27,2024-09-08,21:51:10,False
2328,2972.19,2024-12-25,20:29:55,False
2329,1411.17,2025-02-22,00:10:57,False
2330,2009.68,2024-09-17,15:39:39,False
2331,1127.76,2025-05-03,08:23:41,False
2332,2203.38,2025-11-23,00:17:42,False
2333,534.09,2025-09-10,23:38:30,False
2334,2659.63,2026-01-22,08:26:13,False
2335,4480.47,2024-12-05,17:07:40,False
2336,198.99,2025-06-03,05:59:11,False
2337,167.12,2024-12-03,17:10:48,False
2338,2848.42,2025-02-04,04:31:31,True
2339,4188.18,2024-11-30,22:13:18,False
2340,4349.36,2026-04-29,03:22:28,False
2341,374.92,2025-07-02,19:49:31,False
2342,4494.41,2025-12-08,21:56:13,True
2343,4983.23,2025-07-05,02:29:18,False
2344,4378.5,2025-07-04,18:39:23,False
2345,1099.58,2025-03-11,12:14:09,False
2346,2320.45,2024-06-26,14:46:32,False
2347,1136.58,2024-08-25,22:36:16,False
2348,3386.71,2024-08-15,21:30:39,False
2349,919.19,2024-08-29,01:42:42,False
2350,4731.82,2025-03-11,05:56:55,False
2351,3929.26,2025-03-17,23:15:04,False
2352,2854.88,2025-08-12,03:50:55,False
2353,3010.35,2024-08-06,21:17:45,False
2354,3288.23,2025-05-03,01:16:44,True
2355,4170.93,2025-06-30,17:31:51,False
2356,2827.97,2024-06-23,15:58:45,False
2357,4999.0,2025-03-12,10:55:52,False
2358,1016.13,2024-07-23,05:12:24,False
2359,192.07,2025-01-25,02:59:55,False
2360,3234.54,2024-10-21,11:37:36,False
2361,1602.08,2025-12-15,13:53:34,False
2362,1958.52,2025-10-18,02:24:20,False
2363,1296.73,2026-01-06,18:17:06,False
2364,2999.04,2025-06-05,11:29:10,False
2365,4987.43,2024-05-01,18:42:04,False
2366,1533.23,2024-06-24,15:05:46,False
2367,575.28,2025-11-25,13:45:46,False
2368,2242.75,2024-12-16,17:12:08,False
2369,4411.62,2025-11-12,19:48:36,False
2370,1384.81,2025-09-23,11:48:08,False
2371,1437.9,2025-10-23,03:43:20,False
2372,862.47,2024-12-21,08:21:06,False
2373,3133.44,2024-12-21,21:40:18,False
2374,761.39,2025-01-07,14:56:58,False
2375,484.57,2026-02-14,12:24:04,False
2376,3854.8,2024-10-18,03:59:12,False
2377,1223.5,2026-03-31,18:55:54,False
2378,3269.8,2024-06-30,13:38:31,False
2379,1405.08,2025-11-27,17:21:46,False
2380,3954.89,2024-05-16,23:45:13,False
2381,3099.23,2024-11-07,05:37:58,False
2382,2305.41,2025-12-04,00:24:27,False
2383,1007.27,2025-09-05,19:20:00,False
2384,4166.01,2026-01-11,02:53:29,False
2385,3073.59,2024-06-21,18:00:52,False
2386,2762.06,2025-07-20,11:12:37,False
2387,4404.75,2024-12-16,20:33:56,True
2388,2670.45,2024-05-15,10:32:57,False
2389,2510.57,2026-02-02,16:31:07,False
2390,2665.86,2024-11-28,05:26:48,False
2391,2441.13,2025-01-20,21:14:50,False
2392,3917.5,2025-04-26,07:34:53,False
2393,2742.89,2025-12-20,22:35:15,False
2394,3554.97,2024-11-04,17:46:49,False
2395,3868.38,2025-04-15,03:57:53,True
2396,9558.51,2024-10-30,12:53:35,True
2397,3872.71,2024-08-26,06:04:48,False
2398,2084.88,2025-06-26,14:38:06,False
2399,625.27,2024-12-17,20:55:26,False
2400,4383.04,2025-03-27,23:57:49,False
2401,3998.99,2025-09-20,04:58:40,False
2402,4149.82,2025-10-16,10:32:57,True
2403,720.94,2026-03-08,17:26:04,False
2404,2490.68,2025-03-17,12:19:06,False
2405,297.87,2026-04-04,11:46:40,False
2406,3126.38,2025-01-20,14:26:24,False
2407,1506.18,2025-09-19,23:12:18,False
2408,11673.98,2026-04-17,03:00:00,True
2409,737.01,2025-04-29,10:21:59,False
2410,12571.58,2024-09-23,00:13:55,True
2411,75.79,2025-07-15,14:09:18,False
2412,1861.28,2024-08-02,15:30:58,False
2413,4080.66,2025-06-02,17:16:06,False
2414,2262.07,2026-02-02,18:21:35,False
2415,2121.79,2025-04-24,02:04:25,True
2416,3012.06,2026-02-03,18:09:13,False
2417,350.86,2025-10-11,08:40:52,False
2418,3040.2,2025-07-10,10:56:57,False
2419,3331.81,2024-06-12,22:03:49,False
2420,1268.34,2024-10-31,10:16:09,False
2421,1274.61,2024-08-13,00:07:44,False
2422,2981.54,2025-05-17,01:28:42,True
2423,2005.3,2025-11-03,07:20:05,False
2424,1016.67,2024-08-14,18:27:59,False
2425,3207.1,2025-02-12,17:22:48,False
2426,11007.09,2024-05-04,04:43:55,True
2427,4951.27,2026-03-18,02:02:23,True
2428,11131.85,2024-09-29,08:35:17,True
2429,4070.5,2025-02-17,18:22:36,False
2430,378.88,2025-11-18,23:11:00,False
2431,4316.23,2024-08-05,04:17:12,False
2432,2637.36,2024-10-01,11:30:33,False
2433,3716.33,2025-12-20,17:50:25,False
2434,2503.37,2025-01-11,10:53:18,False
2435,3890.87,2026-02-25,14:05:47,False
2436,4890.38,2025-11-28,01:21:03,True
2437,3904.38,2025-10-11,04:06:56,True
2438,3104.87,2025-03-06,06:33:53,False
2439,2495.85,2024-05-07,02:09:47,False
2440,2728.56,2024-08-12,16:27:31,False
2441,387.74,2024-12-09,12:18:34,True
2442,3140.46,2025-12-25,11:55:03,False
2443,268.14,2026-03-24,10:44:46,False
2444,3449.89,2024-11-16,05:37:14,False
2445,2282.26,2024-07-09,04:17:40,False
2446,4507.01,2024-12-05,23:35:48,False
2447,1944.14,2026-03-02,00:48:10,False
2448,499.87,2024-08-22,09:08:45,False
2449,3030.86,2024-08-05,17:01:16,False
2450,552.32,2025-06-17,12:56:46,False
2451,1395.26,2025-07-31,04:04:59,True
2452,1879.05,2024-12-13,15:47:10,False
2453,1621.64,2025-08-02,10:50:02,False
2454,4135.46,2025-07-17,16:33:07,True
2455,1455.06,2024-05-22,09:09:28,False
2456,2817.0,2024-12-02,18:32:00,False
2457,781.73,2025-09-02,12:57:11,False
2458,8517.58,2026-04-19,04:02:57,True
2459,4706.73,2025-07-18,20:56:35,False
2460,3934.32,2025-07-19,02:11:57,False
2461,2278.54,2024-12-13,04:07:46,False
2462,729.26,2024-11-10,03:06:01,False
2463,2125.49,2025-11-16,07:32:22,False
2464,2712.07,2024-07-26,15:02:55,False
2465,6945.88,2025-01-27,19:30:22,True
2466,986.35,2025-11-23,09:25:16,False
2467,3593.9,2024-09-24,14:30:45,False
2468,3190.23,2025-09-08,01:55:37,True
2469,1721.56,2025-03-31,09:24:02,False
2470,2708.15,2024-12-09,20:04:18,False
2471,1065.46,2026-01-19,23:53:43,False
2472,2686.47,2024-10-19,15:49:57,False
2473,1333.95,2024-06-04,03:31:18,False
2474,2083.06,2025-07-03,02:00:14,False
2475,1349.81,2024-12-03,07:53:43,False
2476,1419.71,2025-08-17,11:11:22,False
2477,3961.83,2025-02-13,12:47:02,False
2478,8802.77,2024-09-30,08:05:23,True
2479,1545.91,2025-10-05,05:32:54,False
2480,4339.61,2026-04-02,13:18:23,True
2481,3554.49,2025-05-30,12:38:04,False
2482,1319.45,2025-03-02,08:08:03,False
2483,13.76,2024-11-23,14:05:32,False
2484,146.01,2024-08-25,09:10:05,False
2485,3876.1,2026-01-31,02:25:23,False
2486,1753.62,2025-07-25,06:55:44,False
2487,1043.7,2025-04-28,06:22:03,False
2488,728.29,2024-08-12,13:39:53,False
2489,3284.86,2026-01-08,13:10:12,False
2490,3645.11,2025-11-08,04:00:40,False
2491,1665.95,2025-09-09,08:00:44,False
2492,4163.96,2024-07-08,16:19:08,False
2493,3696.15,2024-11-10,21:07:11,False
2494,4774.92,2025-04-01,22:52:24,False
2495,15264.77,2025-04-29,07:13:34,True
2496,549.64,2026-01-01,19:06:02,False
2497,2525.24,2026-04-04,15:38:54,False
2498,1731.87,2024-10-05,04:33:25,True
2499,4775.03,2024-09-23,13:30:21,False
2500,1002.15,2024-07-07,05:46:12,False
